Level,Word,English,Korean
"Beginner","abroad","She studied abroad for a year in Spain.","그녀는 스페인에서 1년간 유학했어."
"Beginner","abroad","Have you ever traveled abroad by yourself?","혼자 해외여행 해본 적 있어?"
"Beginner","abroad","My brother lives abroad and we video call every week.","내 남동생은 해외에 살고 우리는 매주 영상통화해."
"Beginner","absence","His absence from work was noticed right away.","그의 결근은 바로 티가 났어."
"Beginner","absence","Please send a note to explain your absence.","결석 이유를 적은 메모를 제출해 줘."
"Beginner","absence","After a long absence, she finally returned to the gym.","오랜 공백 끝에 그녀가 드디어 헬스장에 다시 나왔어."
"Beginner","accurate","Make sure your address is accurate on the form.","양식에 주소를 정확하게 적어야 해."
"Beginner","accurate","The weather forecast was surprisingly accurate today.","오늘 날씨 예보가 놀랍도록 정확했어."
"Beginner","accurate","I need an accurate count of how many people are coming.","몇 명이 오는지 정확한 숫자가 필요해."
"Beginner","achieve","She worked hard to achieve her dream of becoming a nurse.","그녀는 간호사가 되겠다는 꿈을 이루기 위해 열심히 했어."
"Beginner","achieve","You can achieve anything if you stay focused.","집중만 하면 뭐든 이룰 수 있어."
"Beginner","achieve","He finally achieved his goal of running a marathon.","그는 드디어 마라톤 완주라는 목표를 달성했어."
"Beginner","active","My grandma is really active for her age.","우리 할머니는 나이에 비해 정말 활동적이야."
"Beginner","active","It's important to stay active even when you work from home.","재택근무를 해도 활동적으로 지내는 게 중요해."
"Beginner","active","He's very active on social media and posts every day.","그는 소셜미디어에서 매우 활발하게 매일 올려."
"Beginner","actual","The actual price was higher than what they advertised.","실제 가격은 광고한 것보다 비쌌어."
"Beginner","actual","I thought the meeting was at 3, but the actual time is 4.","회의가 3시인 줄 알았는데 실제 시간은 4시야."
"Beginner","actual","Have you met the actual owner of this café?","이 카페 실제 주인을 만나본 적 있어?"
"Beginner","adjust","You can adjust the screen brightness in the settings.","설정에서 화면 밝기를 조정할 수 있어."
"Beginner","adjust","It took me a while to adjust to the new schedule.","새 일정에 적응하는 데 시간이 좀 걸렸어."
"Beginner","adjust","Can you adjust the thermostat? It's a bit cold in here.","온도 조절기 좀 조정해 줄 수 있어? 여기 좀 춥네."
"Beginner","adopt","They decided to adopt a dog from the local shelter.","그들은 지역 보호소에서 강아지를 입양하기로 했어."
"Beginner","adopt","Our company adopted a new policy on remote work.","우리 회사가 재택근무에 관한 새 정책을 채택했어."
"Beginner","adopt","More and more people are adopting a plant-based diet.","점점 더 많은 사람들이 채식 식단을 받아들이고 있어."
"Beginner","advance","You should book tickets in advance for the concert.","콘서트 티켓은 미리 예매해야 해."
"Beginner","advance","Technology has advanced so fast in the last ten years.","지난 10년간 기술이 정말 빠르게 발전했어."
"Beginner","advance","Please let me know in advance if you're going to be late.","늦을 것 같으면 미리 알려줘."
"Beginner","advantage","One advantage of living downtown is easy access to public transport.","도심에 사는 장점 중 하나는 대중교통 이용이 쉽다는 거야."
"Beginner","advantage","Being bilingual is a big advantage in today's job market.","이중언어 능력은 요즘 취업 시장에서 큰 장점이야."
"Beginner","advantage","Take advantage of the sale while it lasts.","세일 끝나기 전에 잘 활용해."
"Beginner","adventure","Backpacking through Southeast Asia was a real adventure.","동남아 배낭여행은 진짜 모험이었어."
"Beginner","adventure","She's always looking for her next adventure.","그녀는 항상 다음 모험을 찾고 있어."
"Beginner","adventure","Even a short hike can feel like an adventure.","짧은 하이킹도 모험처럼 느껴질 수 있어."
"Beginner","advice","Can I ask for your advice on something?","뭔가 조언 좀 구해도 될까?"
"Beginner","advice","My dad always gives me great life advice.","우리 아빠는 항상 좋은 인생 조언을 해줘."
"Beginner","advice","Taking her advice turned out to be a really good idea.","그녀의 조언을 따른 게 결국 정말 좋은 선택이었어."
"Beginner","affect","Lack of sleep really affects my concentration.","수면 부족은 집중력에 정말 영향을 미쳐."
"Beginner","affect","The rainy weather affected our plans for the weekend.","비 오는 날씨가 주말 계획에 영향을 줬어."
"Beginner","affect","Stress can affect your health more than you think.","스트레스는 생각보다 건강에 더 큰 영향을 줄 수 있어."
"Beginner","afford","I can't afford to eat out every day.","매일 외식할 여유는 없어."
"Beginner","afford","We finally saved enough to afford a new sofa.","우리는 드디어 새 소파를 살 만큼 돈을 모았어."
"Beginner","afford","Can you afford to take a week off next month?","다음 달에 일주일 쉴 여유가 돼?"
"Beginner","agenda","Did everyone get a copy of the meeting agenda?","모두 회의 안건 받았어?"
"Beginner","agenda","Let's stick to the agenda so the meeting doesn't run long.","회의가 길어지지 않게 안건대로 진행하자."
"Beginner","agenda","What's on your agenda for tomorrow?","내일 일정에 뭐 있어?"
"Beginner","agree","I totally agree with what you said.","네가 한 말에 완전히 동의해."
"Beginner","agree","We finally agreed on a time to meet.","우리는 드디어 만날 시간에 합의했어."
"Beginner","agree","Do you agree that weekends are too short?","주말이 너무 짧다는 데 동의해?"
"Beginner","aid","The volunteers provided aid to the flood victims.","자원봉사자들이 홍수 피해자들을 도왔어."
"Beginner","aid","A hearing aid can really improve quality of life.","보청기는 삶의 질을 크게 향상시킬 수 있어."
"Beginner","aid","First aid training is really useful to have.","응급처치 교육은 배워두면 정말 유용해."
"Beginner","aim","I aim to finish this project by Friday.","금요일까지 이 프로젝트를 끝내는 게 목표야."
"Beginner","aim","The app aims to make learning easier for students.","그 앱은 학생들의 학습을 더 쉽게 만드는 것을 목표로 해."
"Beginner","aim","Aim for progress, not perfection.","완벽함보다 발전을 목표로 해."
"Beginner","allow","Dogs are not allowed in this restaurant.","이 식당은 반려견 입장이 안 돼."
"Beginner","allow","My parents didn't allow me to stay out past midnight.","부모님이 자정 이후에 밖에 있는 걸 허락하지 않으셨어."
"Beginner","allow","Please allow up to three days for delivery.","배송은 최대 3일 걸릴 수 있으니 참고해줘."
"Beginner","amount","I was shocked by the amount on my electricity bill.","전기요금 고지서 금액에 깜짝 놀랐어."
"Beginner","amount","A small amount of exercise every day makes a big difference.","매일 조금씩 운동하면 큰 차이가 생겨."
"Beginner","amount","What's the total amount I need to pay?","총 얼마 내야 해?"
"Beginner","annual","The company holds an annual picnic every summer.","회사에서 매년 여름에 야유회를 해."
"Beginner","annual","My annual check-up is next week.","다음 주에 연간 건강검진이 있어."
"Beginner","annual","They raised the annual membership fee again.","연회비를 또 올렸어."
"Beginner","apologize","He apologized for being late to the meeting.","그는 회의에 늦은 것에 대해 사과했어."
"Beginner","apologize","I apologize if my comment came across the wrong way.","내 말이 잘못 전달됐다면 사과할게."
"Beginner","apologize","You should apologize to her — she was really upset.","그녀한테 사과해야 해, 많이 속상해했거든."
"Beginner","appearance","First impressions are often based on appearance.","첫인상은 외모에 의해 결정되는 경우가 많아."
"Beginner","appearance","The café's appearance changed completely after renovation.","리노베이션 후에 카페 외관이 완전히 바뀌었어."
"Beginner","appearance","Don't judge people solely by their appearance.","외모만으로 사람을 판단하지 마."
"Beginner","apply","I'm going to apply for that job posting.","그 채용 공고에 지원할 거야."
"Beginner","apply","Apply sunscreen before going outside.","나가기 전에 선크림 바르는 것 잊지 마."
"Beginner","apply","The same rule applies to everyone on the team.","같은 규칙이 팀원 모두에게 적용돼."
"Beginner","appointment","I have a dentist appointment this afternoon.","오늘 오후에 치과 예약이 있어."
"Beginner","appointment","Can I make an appointment for next Tuesday?","다음 주 화요일로 예약할 수 있을까요?"
"Beginner","appointment","Don't forget to cancel your appointment if you can't make it.","못 가게 되면 예약 취소하는 거 잊지 마."
"Beginner","approach","Let's try a different approach to solving this problem.","이 문제를 해결하는 데 다른 방식을 시도해보자."
"Beginner","approach","The deadline is approaching fast — we need to hurry.","마감이 빠르게 다가오고 있어, 서둘러야 해."
"Beginner","approach","I wasn't sure how to approach her after the argument.","말다툼 후에 그녀한테 어떻게 다가가야 할지 몰랐어."
"Beginner","appropriate","Jeans might not be appropriate for a job interview.","청바지는 취업 면접에 적절하지 않을 수 있어."
"Beginner","appropriate","Please use language that is appropriate for all ages.","모든 연령에 적합한 언어를 사용해줘."
"Beginner","appropriate","Is it appropriate to bring a gift to a housewarming party?","집들이에 선물을 가져가는 게 적절한가요?"
"Beginner","approve","My boss approved my request for a day off.","상사가 내 휴가 신청을 승인해줬어."
"Beginner","approve","The city council approved the new park plan.","시의회가 새 공원 계획을 승인했어."
"Beginner","approve","I need my manager to approve this expense report.","이 비용 보고서를 매니저가 승인해야 해."
"Beginner","argue","We argued about where to go for dinner.","저녁 어디서 먹을지 가지고 다퉜어."
"Beginner","argue","It's pointless to argue with someone who won't listen.","듣지 않는 사람과 언쟁하는 건 의미 없어."
"Beginner","argue","He argued that the new policy wasn't fair.","그는 새 정책이 공정하지 않다고 주장했어."
"Beginner","arrange","Can you arrange the chairs in a circle?","의자를 원형으로 배치해 줄 수 있어?"
"Beginner","arrange","I arranged a surprise party for her birthday.","그녀 생일에 깜짝 파티를 준비했어."
"Beginner","arrange","We need to arrange a time to meet before the deadline.","마감 전에 만날 시간을 잡아야 해."
"Beginner","aspect","The most interesting aspect of this job is the variety.","이 직업의 가장 흥미로운 면은 다양성이야."
"Beginner","aspect","We need to consider every aspect before making a decision.","결정하기 전에 모든 측면을 고려해야 해."
"Beginner","aspect","What aspect of living abroad do you enjoy the most?","해외 생활에서 어떤 면이 제일 좋아?"
"Beginner","assign","The teacher assigned us a project for next week.","선생님이 다음 주까지 프로젝트를 내줬어."
"Beginner","assign","I was assigned to the marketing team.","나는 마케팅 팀에 배정됐어."
"Beginner","assign","Each volunteer was assigned a specific area to clean.","자원봉사자마다 청소할 구역이 배정됐어."
"Beginner","assist","Can someone assist me with these bags?","누가 이 가방 드는 거 좀 도와줄 수 있어?"
"Beginner","assist","The staff were very helpful and assisted us throughout.","직원들이 처음부터 끝까지 친절하게 도와줬어."
"Beginner","assist","She assisted the new employee in getting settled in.","그녀는 신입 직원이 적응하는 걸 도와줬어."
"Beginner","assume","Don't assume you know what someone is thinking.","상대방이 무슨 생각을 하는지 안다고 단정 짓지 마."
"Beginner","assume","I assumed the meeting was cancelled since no one showed up.","아무도 안 나타나길래 회의가 취소된 줄 알았어."
"Beginner","assume","Never assume — always double-check.","절대 가정하지 말고 항상 다시 확인해."
"Beginner","attend","Are you going to attend the company dinner on Friday?","금요일 회사 회식에 참석할 거야?"
"Beginner","attend","She attended all the classes without missing a single one.","그녀는 수업 하나도 빠지지 않고 다 출석했어."
"Beginner","attend","I couldn't attend the wedding due to a flight delay.","비행기 연착 때문에 결혼식에 참석 못 했어."
"Beginner","attitude","Your positive attitude makes the whole team feel better.","네 긍정적인 태도 덕에 팀 전체 분위기가 좋아져."
"Beginner","attitude","His attitude toward work really changed after the promotion.","승진 후에 그의 업무 태도가 많이 달라졌어."
"Beginner","attitude","A good attitude is more important than talent sometimes.","때로는 재능보다 좋은 태도가 더 중요해."
"Beginner","attract","The new café attracted a lot of customers on opening day.","새 카페는 오픈 첫날 손님이 엄청 몰렸어."
"Beginner","attract","What attracted you to this neighborhood?","이 동네에 어떤 점이 마음에 들었어?"
"Beginner","attract","The colorful display attracted everyone's attention.","화려한 진열대가 모두의 시선을 끌었어."
"Beginner","available","Is this seat available?","이 자리 비어 있어?"
"Beginner","available","The item is available online but sold out in stores.","그 제품은 온라인에선 있는데 오프라인에선 다 팔렸어."
"Beginner","available","Let me know when you're available to talk.","이야기할 수 있을 때 알려줘."
"Beginner","aware","I wasn't aware that the store had closed down.","그 가게가 문 닫은 걸 몰랐어."
"Beginner","aware","Are you aware of the new company policy?","새 회사 정책 알고 있어?"
"Beginner","aware","Being aware of your spending habits can save you a lot of money.","소비 습관을 인식하면 돈을 많이 아낄 수 있어."
"Beginner","balance","Finding a work-life balance is harder than it sounds.","일과 삶의 균형을 찾는 건 말처럼 쉽지 않아."
"Beginner","balance","I checked my bank balance and was surprised.","은행 잔액을 확인했는데 놀라웠어."
"Beginner","balance","She balances studying and part-time work really well.","그녀는 공부와 아르바이트를 정말 잘 병행해."
"Beginner","behavior","His behavior at the party was a bit embarrassing.","파티에서 그의 행동이 좀 민망했어."
"Beginner","behavior","Children learn a lot of their behavior from their parents.","아이들은 행동의 많은 부분을 부모에게서 배워."
"Beginner","behavior","The dog's behavior improved after training.","훈련 후에 강아지 행동이 많이 좋아졌어."
"Beginner","benefit","One big benefit of cycling to work is saving on transport costs.","자전거 출근의 큰 장점 중 하나는 교통비 절약이야."
"Beginner","benefit","The new law will benefit small business owners.","새 법은 소상공인들에게 혜택이 될 거야."
"Beginner","benefit","Does your company offer health benefits?","너네 회사에서 건강보험 혜택 제공해?"
"Beginner","bill","Can we split the bill tonight?","오늘 밤 더치페이 할까?"
"Beginner","bill","My electricity bill went up a lot this winter.","이번 겨울에 전기요금이 많이 올랐어."
"Beginner","bill","He paid with a hundred-dollar bill.","그는 100달러 지폐로 계산했어."
"Beginner","borrow","Can I borrow your umbrella? It's raining outside.","우산 좀 빌릴 수 있어? 밖에 비가 와."
"Beginner","borrow","She borrowed a book from the library.","그녀는 도서관에서 책을 빌렸어."
"Beginner","borrow","I borrowed money from my friend to pay for dinner.","저녁값을 내려고 친구한테 돈을 빌렸어."
"Beginner","brief","Let's have a brief meeting before we start.","시작하기 전에 짧게 회의하자."
"Beginner","brief","Can you give me a brief summary of the report?","보고서 내용 간단하게 요약해줄 수 있어?"
"Beginner","brief","The manager gave a brief introduction before the presentation.","매니저가 발표 전에 짧게 소개를 했어."
"Beginner","budget","We're planning a trip but on a tight budget.","여행을 계획 중인데 예산이 빠듯해."
"Beginner","budget","I try to set a monthly budget and stick to it.","월별 예산을 세우고 지키려고 노력해."
"Beginner","budget","The renovation went over budget by quite a bit.","리노베이션이 예산을 꽤 초과했어."
"Beginner","capable","She's more than capable of handling this project alone.","그녀는 이 프로젝트를 혼자 충분히 처리할 수 있어."
"Beginner","capable","Don't underestimate yourself — you're very capable.","자신을 과소평가하지 마, 넌 충분히 잘할 수 있어."
"Beginner","capable","The new assistant is very capable and learns fast.","새 보조 직원은 굉장히 유능하고 빨리 배워."
"Beginner","career","She built an impressive career in finance over 20 years.","그녀는 20년 동안 금융 분야에서 인상적인 경력을 쌓았어."
"Beginner","career","Changing careers in your 30s is more common now.","30대에 직업을 바꾸는 건 요즘 더 흔한 일이야."
"Beginner","career","What career are you thinking about after graduation?","졸업 후에 어떤 직업을 생각하고 있어?"
"Beginner","casual","Friday is casual dress day at our office.","우리 회사는 금요일이 캐주얼 복장 데이야."
"Beginner","casual","Let's keep it casual — just a quick coffee.","편하게 그냥 커피 한 잔 하자."
"Beginner","casual","She has a very casual attitude toward deadlines.","그녀는 마감에 대해 되게 느긋한 태도를 가지고 있어."
"Beginner","cause","What caused the delay in the delivery?","배송이 왜 늦어진 거야?"
"Beginner","cause","Eating too much junk food can cause health problems.","정크푸드를 너무 많이 먹으면 건강에 문제가 생길 수 있어."
"Beginner","cause","She donates to causes she truly believes in.","그녀는 진정으로 믿는 대의를 위해 기부해."
"Beginner","celebrate","We're going out to celebrate my promotion tonight.","오늘 밤 내 승진을 축하하러 외식할 거야."
"Beginner","celebrate","How do you usually celebrate your birthday?","생일은 보통 어떻게 기념해?"
"Beginner","celebrate","The whole town came out to celebrate the festival.","온 마을 사람들이 축제를 즐기러 나왔어."
"Beginner","certain","I'm not certain what time the show starts.","공연이 몇 시에 시작하는지 정확히 모르겠어."
"Beginner","certain","Certain foods can trigger allergies in some people.","특정 음식이 어떤 사람들에게 알레르기를 유발할 수 있어."
"Beginner","certain","Are you certain you locked the front door?","현관문 잠근 거 확실해?"
"Beginner","change","The weather can change really fast here.","여기는 날씨가 정말 빨리 바뀔 수 있어."
"Beginner","change","I need to change my phone — the battery barely lasts a day.","핸드폰을 바꿔야 해, 배터리가 하루도 안 가."
"Beginner","change","Small changes in your daily routine can make a big difference.","일상의 작은 변화가 큰 차이를 만들 수 있어."
"Beginner","charge","My phone is dead — can I charge it here?","핸드폰 방전됐는데 여기서 충전해도 돼?"
"Beginner","charge","They charge extra for delivery on weekends.","주말 배달은 추가 요금을 받아."
"Beginner","charge","Who's in charge of organizing the team dinner?","팀 회식 준비는 누가 담당이야?"
"Beginner","check","Did you check the weather before leaving the house?","집 나오기 전에 날씨 확인했어?"
"Beginner","check","Let me check my calendar and get back to you.","일정 확인하고 다시 알려줄게."
"Beginner","check","Always check the expiration date before buying food.","식품 살 때는 항상 유통기한을 확인해."
"Beginner","choice","There were so many choices on the menu, I couldn't decide.","메뉴에 선택지가 너무 많아서 결정을 못 하겠더라."
"Beginner","choice","It was her choice to quit the job.","그 직장을 그만두는 건 그녀의 선택이었어."
"Beginner","choice","You made the right choice by staying home today.","오늘 집에 있기로 한 건 잘한 선택이야."
"Beginner","citizen","As a citizen, it's important to vote in elections.","시민으로서 선거에 투표하는 게 중요해."
"Beginner","citizen","She became a citizen after living here for ten years.","그녀는 10년 거주 후 시민권을 취득했어."
"Beginner","citizen","Every citizen has a responsibility to follow the law.","모든 시민은 법을 지킬 책임이 있어."
"Beginner","clear","Could you speak more clearly? I can't hear you well.","좀 더 명확하게 말해줄 수 있어? 잘 안 들려."
"Beginner","clear","Let me clear the table before we start eating.","밥 먹기 전에 식탁 좀 치울게."
"Beginner","clear","The instructions weren't very clear, so I got confused.","안내가 그다지 명확하지 않아서 헷갈렸어."
"Beginner","collect","She collects vintage postcards from around the world.","그녀는 전 세계 빈티지 엽서를 수집해."
"Beginner","collect","Can you collect the handouts after class?","수업 끝나고 유인물 좀 거둬줄 수 있어?"
"Beginner","collect","We're collecting donations for the local food bank.","지역 푸드뱅크를 위해 기부금을 모으고 있어."
"Beginner","combine","Combine the flour and sugar before adding the eggs.","달걀 넣기 전에 밀가루와 설탕을 먼저 섞어."
"Beginner","combine","I try to combine exercise with listening to podcasts.","운동하면서 팟캐스트 듣는 걸 병행하려고 해."
"Beginner","combine","The app combines a calendar, notes, and to-do list in one.","그 앱은 달력, 메모, 할 일 목록을 하나로 합쳐놨어."
"Beginner","comfortable","This sofa is so comfortable — I could fall asleep on it.","이 소파 너무 편해서 잠들 것 같아."
"Beginner","comfortable","Are you comfortable speaking in front of a large group?","많은 사람들 앞에서 말하는 게 편해?"
"Beginner","comfortable","Wear comfortable shoes if you're going to walk a lot.","많이 걸을 거라면 편한 신발 신어."
"Beginner","commute","My daily commute takes about an hour each way.","내 출퇴근 시간은 편도로 한 시간 정도 걸려."
"Beginner","commute","She commutes by bike to avoid traffic.","그녀는 교통 체증을 피하려고 자전거로 출근해."
"Beginner","commute","Since working from home, I don't miss the commute at all.","재택근무 이후로 출퇴근이 전혀 그립지 않아."
"Beginner","compare","I always compare prices online before buying something.","뭔가 사기 전에 항상 온라인으로 가격을 비교해."
"Beginner","compare","Don't compare yourself to others — everyone's different.","자신을 남과 비교하지 마, 모두 다 달라."
"Beginner","compare","How does this restaurant compare to the one we went to last week?","이 식당이 지난주에 간 곳이랑 비교하면 어때?"
"Beginner","compete","She competed in a national dance competition last year.","그녀는 작년에 전국 댄스 대회에 출전했어."
"Beginner","compete","Small shops struggle to compete with big supermarkets.","소규모 가게들은 대형 마트와 경쟁하는 게 힘들어."
"Beginner","compete","I like to compete with myself and beat my own records.","나는 나 자신과 경쟁해서 내 기록을 깨는 걸 좋아해."
"Beginner","complain","He always complains about the food but eats it all anyway.","그는 항상 음식에 대해 불평하면서도 다 먹어."
"Beginner","complain","I complained to the manager about the slow service.","느린 서비스에 대해 매니저에게 항의했어."
"Beginner","complain","Instead of complaining, try to find a solution.","불평만 하지 말고 해결책을 찾으려고 해봐."
"Beginner","complete","I finally completed the online course I started months ago.","몇 달 전에 시작한 온라인 강의를 드디어 다 들었어."
"Beginner","complete","The project is almost complete — just a few finishing touches.","프로젝트가 거의 다 끝났어, 마무리만 조금 남았어."
"Beginner","complete","Please complete the form and hand it in at the front desk.","양식을 작성해서 안내 데스크에 제출해줘."
"Beginner","concern","My main concern is whether we can finish on time.","내 주요 걱정은 제때 끝낼 수 있느냐야."
"Beginner","concern","She showed genuine concern for her colleague's wellbeing.","그녀는 동료의 안녕에 진심 어린 걱정을 보였어."
"Beginner","concern","If you have any concerns, feel free to bring them up.","걱정되는 게 있으면 편하게 이야기해."
"Beginner","condition","The apartment is in great condition for its age.","그 아파트는 연식에 비해 상태가 정말 좋아."
"Beginner","condition","I'll lend you my bike on one condition — return it clean.","한 가지 조건으로 자전거 빌려줄게, 깨끗하게 돌려줘."
"Beginner","condition","Icy road conditions made the drive really dangerous.","도로가 얼어서 운전이 정말 위험했어."
"Beginner","confirm","Please confirm your reservation at least 24 hours in advance.","예약은 최소 24시간 전에 확인해줘."
"Beginner","confirm","Can you confirm that you received my email?","내 이메일 받은 거 확인해줄 수 있어?"
"Beginner","confirm","The doctor's office called to confirm my appointment.","병원에서 예약 확인 전화가 왔어."
"Beginner","consider","Have you considered moving to a different city?","다른 도시로 이사하는 걸 생각해본 적 있어?"
"Beginner","consider","Consider all your options before making a final decision.","최종 결정 전에 모든 선택지를 고려해봐."
"Beginner","consider","I'm considering taking a cooking class this weekend.","이번 주말에 요리 클래스를 들을까 생각 중이야."
"Beginner","contact","Feel free to contact me if you have any questions.","궁금한 게 있으면 편하게 연락해."
"Beginner","contact","I lost contact with my college friends after graduation.","졸업 후에 대학 친구들과 연락이 끊겼어."
"Beginner","contact","Save the emergency contact number on your phone.","비상 연락처를 핸드폰에 저장해둬."
"Beginner","contain","This drink contains a lot of sugar — be careful.","이 음료에 설탕이 많이 들어 있어, 조심해."
"Beginner","contain","The box contains all the tools you'll need for the job.","상자 안에 작업에 필요한 도구가 다 들어 있어."
"Beginner","contain","Does this dish contain any nuts? I have an allergy.","이 요리에 견과류 들어가요? 알레르기가 있어서요."
"Beginner","continue","Please continue — I didn't mean to interrupt.","계속해, 방해하려던 게 아니었어."
"Beginner","continue","She continued working even after everyone else had left.","그녀는 다른 사람들이 다 퇴근한 뒤에도 계속 일했어."
"Beginner","continue","If it continues to rain, we'll have to cancel the picnic.","비가 계속 오면 소풍을 취소해야 할 것 같아."
"Beginner","convenient","Living near the subway is really convenient.","지하철 근처에 사는 게 정말 편리해."
"Beginner","convenient","Online shopping is convenient but you can't try things on.","온라인 쇼핑은 편리하지만 직접 입어볼 수 없잖아."
"Beginner","convenient","Is Tuesday convenient for you to meet?","화요일에 만나는 게 편해?"
"Beginner","conversation","We had a really interesting conversation over dinner.","저녁 먹으면서 정말 흥미로운 대화를 나눴어."
"Beginner","conversation","Starting a conversation with strangers can feel awkward at first.","낯선 사람과 대화를 시작하는 건 처음엔 어색할 수 있어."
"Beginner","conversation","Put your phone away and have a real conversation.","핸드폰 좀 내려놓고 제대로 대화해."
"Beginner","correct","Your answer is correct — well done!","네 답이 맞아, 잘했어!"
"Beginner","correct","The teacher corrected my grammar mistakes gently.","선생님이 내 문법 실수를 부드럽게 고쳐줬어."
"Beginner","correct","If I'm wrong, please correct me.","내가 틀리면 고쳐줘."
"Beginner","cost","How much does it cost to take the bus downtown?","시내까지 버스 타면 얼마야?"
"Beginner","cost","The renovation cost more than we expected.","리노베이션이 예상보다 비용이 더 들었어."
"Beginner","cost","Eating out every day costs a lot over the month.","매일 외식하면 한 달에 꽤 많은 돈이 나가."
"Beginner","create","She created a really beautiful painting from scratch.","그녀는 처음부터 정말 아름다운 그림을 완성했어."
"Beginner","create","Let's create a group chat to stay in touch.","연락 유지를 위해 단체 채팅방을 만들자."
"Beginner","create","He created a simple app to track his daily habits.","그는 일상 습관을 기록하는 간단한 앱을 만들었어."
"Beginner","crowded","The café was so crowded on Saturday morning.","토요일 아침에 카페가 너무 붐볐어."
"Beginner","crowded","I hate taking the subway during rush hour — it's always crowded.","출퇴근 시간에 지하철 타는 거 싫어, 항상 너무 복잡해."
"Beginner","crowded","The beach gets really crowded in summer.","여름에는 해수욕장이 정말 붐벼."
"Beginner","culture","Traveling is a great way to experience different cultures.","여행은 다양한 문화를 경험하는 좋은 방법이야."
"Beginner","culture","Our company has a culture of open communication.","우리 회사는 열린 소통 문화가 있어."
"Beginner","culture","I love learning about Korean culture through K-dramas.","나는 한국 드라마를 통해 한국 문화를 배우는 게 좋아."
"Beginner","customer","The customer is always right — that's the rule here.","손님은 항상 옳다는 게 여기 원칙이야."
"Beginner","customer","We had a lot of customers today, so it was pretty hectic.","오늘 손님이 많아서 꽤 바빴어."
"Beginner","customer","Good customer service can really make a difference.","좋은 고객 서비스는 정말 큰 차이를 만들 수 있어."
"Beginner","deadline","The deadline for the report is this Friday at noon.","보고서 마감은 이번 주 금요일 정오야."
"Beginner","deadline","I always work better when there's a tight deadline.","나는 마감이 빡빡할수록 더 잘 되더라."
"Beginner","deadline","We missed the deadline and had to explain why.","마감을 놓쳐서 이유를 설명해야 했어."
"Beginner","deal","I found a great deal on flights to Jeju.","제주행 항공권을 엄청 싸게 찾았어."
"Beginner","deal","How do you deal with stress at work?","직장에서 스트레스를 어떻게 처리해?"
"Beginner","deal","We made a deal — he cooks and I do the dishes.","우리 둘이 합의했어, 그가 요리하고 나는 설거지."
"Beginner","decide","Have you decided where to go for your vacation?","휴가는 어디로 갈지 정했어?"
"Beginner","decide","It's hard to decide between the two options.","두 선택지 사이에서 결정하기가 어렵네."
"Beginner","decide","We finally decided to adopt a cat.","우리는 결국 고양이를 입양하기로 결정했어."
"Beginner","delay","My flight was delayed by two hours because of the storm.","폭풍 때문에 비행기가 두 시간 연착됐어."
"Beginner","delay","Don't delay — register before the deadline.","미루지 말고 마감 전에 등록해."
"Beginner","delay","There was a slight delay in processing my refund.","환불 처리가 약간 지연됐어."
"Beginner","deliver","The package was delivered to the wrong address.","택배가 잘못된 주소로 배달됐어."
"Beginner","deliver","She delivered a brilliant speech at the conference.","그녀는 컨퍼런스에서 훌륭한 연설을 했어."
"Beginner","deliver","Can you deliver this to the third floor for me?","이거 3층으로 가져다줄 수 있어?"
"Beginner","depend","It depends on the weather — let's see tomorrow.","날씨에 달려 있어, 내일 봐야 할 것 같아."
"Beginner","depend","You can always depend on her to show up on time.","그녀는 항상 제시간에 나타날 거라 믿어도 돼."
"Beginner","depend","Don't depend on others to do everything for you.","모든 걸 남에게 의존하지 마."
"Beginner","describe","Can you describe what the person looked like?","그 사람이 어떻게 생겼는지 묘사해줄 수 있어?"
"Beginner","describe","It's hard to describe the taste — just try it.","맛을 설명하기가 어려워, 그냥 먹어봐."
"Beginner","describe","How would you describe your leadership style?","당신의 리더십 스타일을 어떻게 표현하시겠어요?"
"Beginner","develop","He developed a love for cooking after moving out.","독립한 후에 요리에 애정이 생겼어."
"Beginner","develop","The company is developing a new app for remote teams.","회사에서 원격 팀을 위한 새 앱을 개발 중이야."
"Beginner","develop","Reading every day helps develop your vocabulary.","매일 독서하면 어휘력을 키우는 데 도움이 돼."
"Beginner","difference","What's the difference between these two products?","이 두 제품의 차이가 뭐야?"
"Beginner","difference","Even small acts of kindness can make a big difference.","작은 친절도 큰 차이를 만들 수 있어."
"Beginner","difference","I can't really tell the difference in taste.","맛 차이를 잘 모르겠어."
"Beginner","difficult","Learning a new language is difficult but worth it.","새 언어를 배우는 건 어렵지만 그만한 가치가 있어."
"Beginner","difficult","It was difficult to stay focused with all that noise.","그 소음 속에서 집중하기가 어려웠어."
"Beginner","difficult","He's going through a difficult time right now.","그는 지금 힘든 시간을 보내고 있어."
"Beginner","direction","Excuse me, could you give me directions to the station?","실례지만 역까지 가는 길 알려주실 수 있어요?"
"Beginner","direction","Read the directions carefully before assembling the furniture.","가구 조립 전에 설명서를 꼼꼼히 읽어봐."
"Beginner","direction","I'm not sure which direction my career is heading.","내 커리어가 어느 방향으로 가고 있는지 잘 모르겠어."
"Beginner","discover","I discovered a great little café near my office.","회사 근처에 정말 좋은 작은 카페를 발견했어."
"Beginner","discover","She discovered she had a talent for painting.","그녀는 자신에게 그림 재능이 있다는 걸 발견했어."
"Beginner","discover","Traveling helps you discover new things about yourself.","여행은 자신에 대한 새로운 면을 발견하게 해줘."
"Beginner","discuss","Let's discuss the plan over lunch.","점심 먹으면서 계획에 대해 이야기하자."
"Beginner","discuss","We discussed the issue and came up with a solution.","우리는 문제를 논의하고 해결책을 찾아냈어."
"Beginner","discuss","She's not ready to discuss it yet — give her some time.","그녀는 아직 그 이야기를 할 준비가 안 됐어, 시간 좀 줘."
"Beginner","distance","The distance between the two cities is about three hours by car.","두 도시 사이의 거리는 차로 약 세 시간이야."
"Beginner","distance","Long-distance relationships require a lot of trust.","장거리 연애는 많은 신뢰가 필요해."
"Beginner","distance","Keep a safe distance from the car in front of you.","앞차와 안전 거리를 유지해."
"Beginner","downtown","Let's go downtown this weekend — there's a street market.","이번 주말에 시내 가자, 길거리 시장이 열려."
"Beginner","downtown","Parking downtown is always a nightmare.","시내 주차는 항상 악몽이야."
"Beginner","downtown","She works downtown but lives in the suburbs.","그녀는 도심에서 일하지만 교외에 살아."
"Beginner","earn","He earns extra money by tutoring on weekends.","그는 주말에 과외를 해서 부수입을 벌어."
"Beginner","earn","You have to earn people's trust over time.","신뢰는 시간을 두고 쌓아야 해."
"Beginner","earn","I've been saving up everything I earn this month.","이번 달 버는 돈은 전부 저축하고 있어."
"Beginner","efficient","She's very efficient and always finishes early.","그녀는 매우 효율적이어서 항상 일찍 끝내."
"Beginner","efficient","Using a to-do list makes your day more efficient.","할 일 목록을 쓰면 하루가 더 효율적으로 돌아가."
"Beginner","efficient","The new process is much more efficient than the old one.","새 방식이 기존 방식보다 훨씬 효율적이야."
"Beginner","effort","Good results come from consistent effort over time.","좋은 결과는 꾸준한 노력에서 나와."
"Beginner","effort","I appreciate the effort you put into this project.","이 프로젝트에 기울인 노력에 감사해."
"Beginner","effort","It takes effort to maintain friendships as you get older.","나이가 들수록 우정을 유지하는 데 노력이 필요해."
"Beginner","emotion","It's okay to show your emotions — don't hold them in.","감정을 표현해도 돼, 억누르지 마."
"Beginner","emotion","Music can trigger so many different emotions.","음악은 정말 다양한 감정을 불러일으킬 수 있어."
"Beginner","emotion","He had mixed emotions when he heard the news.","그 소식을 듣고 복잡한 감정이 들었어."
"Beginner","encourage","My parents always encouraged me to try new things.","부모님은 항상 새로운 걸 시도해보라고 격려해줬어."
"Beginner","encourage","The coach encouraged the team even after the loss.","코치는 패배 후에도 팀을 격려했어."
"Beginner","encourage","I try to encourage my friends when they feel down.","친구들이 우울할 때 격려해주려고 노력해."
"Beginner","environment","We should all do more to protect the environment.","우리 모두 환경을 보호하기 위해 더 노력해야 해."
"Beginner","environment","A positive work environment makes such a big difference.","긍정적인 업무 환경은 정말 큰 차이를 만들어."
"Beginner","environment","Children learn best in a safe and supportive environment.","아이들은 안전하고 지지적인 환경에서 가장 잘 배워."
"Beginner","equipment","Make sure all the equipment is set up before the meeting.","회의 전에 장비가 다 준비됐는지 확인해."
"Beginner","equipment","The gym has brand new equipment that I love using.","헬스장에 새 장비가 들어왔는데 쓰는 게 너무 좋아."
"Beginner","equipment","They provided all the necessary equipment for the camping trip.","그들은 캠핑 여행에 필요한 모든 장비를 제공했어."
"Beginner","establish","She established her own business at the age of 28.","그녀는 28살에 자신의 사업을 시작했어."
"Beginner","establish","It takes time to establish trust with new people.","새로운 사람들과 신뢰를 쌓으려면 시간이 걸려."
"Beginner","establish","They established a clear set of rules for the team.","그들은 팀을 위한 명확한 규칙을 정했어."
"Beginner","event","There's a free outdoor event in the park this Sunday.","이번 주 일요일에 공원에서 무료 야외 행사가 있어."
"Beginner","event","The event was so well organized — hats off to the team.","행사가 너무 잘 진행됐어, 팀에 박수를 보내야 해."
"Beginner","event","Don't miss the sale event — it's only for one day.","할인 행사 놓치지 마, 하루만이야."
"Beginner","exact","I can't remember the exact date we first met.","우리가 처음 만난 정확한 날짜가 기억 안 나."
"Beginner","exact","That's the exact same bag I was looking at yesterday!","그거 내가 어제 보던 바로 그 가방이야!"
"Beginner","exact","Can you give me the exact address? The map is confusing.","정확한 주소 알려줄 수 있어? 지도가 헷갈려."
"Beginner","examine","The doctor examined her and said everything was fine.","의사가 검진하고 나서 다 괜찮다고 했어."
"Beginner","examine","Always examine the product carefully before buying.","사기 전에 항상 제품을 꼼꼼히 살펴봐."
"Beginner","examine","We need to examine all the options before deciding.","결정하기 전에 모든 선택지를 검토해야 해."
"Beginner","exchange","I'd like to exchange this shirt for a smaller size.","이 셔츠를 더 작은 사이즈로 교환하고 싶어요."
"Beginner","exchange","We exchanged numbers and promised to keep in touch.","우리는 번호를 교환하고 연락하기로 약속했어."
"Beginner","exchange","What's the exchange rate today for dollars?","오늘 달러 환율이 얼마야?"
"Beginner","experience","Living alone was a great experience for me.","혼자 사는 건 나한테 정말 좋은 경험이었어."
"Beginner","experience","Do you have any experience working in customer service?","고객 서비스 분야에서 일해본 경험이 있어?"
"Beginner","experience","That trip was the most unforgettable experience of my life.","그 여행은 내 인생에서 가장 잊지 못할 경험이었어."
"Beginner","explain","Can you explain how this machine works?","이 기계가 어떻게 작동하는지 설명해줄 수 있어?"
"Beginner","explain","She explained the situation calmly and clearly.","그녀는 상황을 차분하고 명확하게 설명했어."
"Beginner","explain","I had to explain why I was late to the meeting.","회의에 왜 늦었는지 설명해야 했어."
"Beginner","express","It's hard to express how grateful I am.","얼마나 감사한지 표현하기가 어렵네."
"Beginner","express","He expressed his opinion clearly without being rude.","그는 무례하지 않게 자신의 의견을 명확히 표현했어."
"Beginner","express","Some people find it easier to express themselves in writing.","어떤 사람들은 글로 자신을 표현하는 게 더 쉽다고 느껴."
"Beginner","fail","I failed my driving test the first time — it happens.","운전면허 시험에 처음에 떨어졌어, 그럴 수도 있지."
"Beginner","fail","Don't be afraid to fail — that's how you learn.","실패를 두려워하지 마, 그게 배우는 방법이니까."
"Beginner","fail","The plan failed because we didn't prepare enough.","준비를 충분히 하지 않았기 때문에 계획이 실패했어."
"Beginner","familiar","That song sounds familiar — where have I heard it?","그 노래 익숙한데, 어디서 들었더라?"
"Beginner","familiar","Are you familiar with the area around the station?","역 근처 지리를 잘 알아?"
"Beginner","familiar","She looked familiar but I couldn't place her name.","그녀가 낯이 익었는데 이름이 생각이 안 났어."
"Beginner","feature","My favourite feature of this phone is the camera.","이 폰에서 내가 제일 좋아하는 기능은 카메라야."
"Beginner","feature","The hotel features an indoor pool and a spa.","그 호텔에는 실내 수영장과 스파가 있어."
"Beginner","feature","What features are most important to you in an apartment?","아파트에서 어떤 특징이 가장 중요해?"
"Beginner","figure","I can't figure out why my computer keeps freezing.","컴퓨터가 계속 멈추는 이유를 모르겠어."
"Beginner","figure","The sales figures this month are really impressive.","이번 달 매출 수치가 정말 인상적이야."
"Beginner","figure","She's a key figure in the local community.","그녀는 지역 사회의 핵심 인물이야."
"Beginner","fit","These jeans don't fit me anymore — I need a bigger size.","이 청바지가 더 이상 안 맞아, 더 큰 사이즈가 필요해."
"Beginner","fit","He stays fit by jogging every morning before work.","그는 매일 아침 출근 전에 조깅해서 건강을 유지해."
"Beginner","fit","Do you think I'd fit in well with your team?","내가 너희 팀에 잘 어울릴 것 같아?"
"Beginner","focus","It's hard to focus when the office is noisy.","사무실이 시끄러우면 집중하기가 어려워."
"Beginner","focus","Let's focus on one task at a time.","한 번에 한 가지 일에 집중하자."
"Beginner","focus","She focuses on the positive side of every situation.","그녀는 모든 상황의 긍정적인 면에 집중해."
"Beginner","foreign","I love trying foreign food when I travel.","여행할 때 외국 음식 먹어보는 걸 좋아해."
"Beginner","foreign","Learning a foreign language opens a lot of doors.","외국어를 배우면 많은 기회가 열려."
"Beginner","foreign","She works in the foreign affairs department.","그녀는 외교부에서 일해."
"Beginner","formal","The dinner is formal, so dress up a little.","그 저녁 식사는 격식을 차리는 자리니까 좀 갖춰 입어."
"Beginner","formal","He sent a formal letter of complaint to the company.","그는 회사에 공식 항의 서한을 보냈어."
"Beginner","formal","Do we need to be formal in this meeting or can we relax?","이 회의에서 격식을 차려야 해, 아니면 편하게 해도 돼?"
"Beginner","fortunately","Fortunately, no one was injured in the accident.","다행히도 사고에서 아무도 다치지 않았어."
"Beginner","fortunately","I forgot my wallet, but fortunately my friend paid for me.","지갑을 깜빡했는데 다행히 친구가 대신 내줬어."
"Beginner","fortunately","Fortunately, the rain stopped just before the event.","다행히도 행사 직전에 비가 그쳤어."
"Beginner","furniture","We just bought new furniture for the living room.","거실에 새 가구를 샀어."
"Beginner","furniture","Moving is such a hassle when you have a lot of furniture.","가구가 많으면 이사가 정말 힘들어."
"Beginner","furniture","IKEA is great for affordable furniture.","이케아는 가성비 좋은 가구를 사기에 딱이야."
"Beginner","general","In general, I prefer cooking at home to eating out.","일반적으로 나는 외식보다 집에서 요리하는 게 더 좋아."
"Beginner","general","The general idea is to keep things simple.","전반적인 아이디어는 일을 단순하게 유지하는 거야."
"Beginner","general","Do you have a general sense of what you want to do?","하고 싶은 게 대략적으로 있어?"
"Beginner","goal","My goal this year is to read one book a month.","올해 목표는 한 달에 책 한 권 읽는 거야."
"Beginner","goal","Setting small goals makes big ones feel more achievable.","작은 목표를 세우면 큰 목표도 더 이룰 수 있을 것 같아."
"Beginner","goal","What's your long-term career goal?","장기적인 커리어 목표가 뭐야?"
"Beginner","government","The government announced new support for small businesses.","정부가 소상공인을 위한 새로운 지원책을 발표했어."
"Beginner","government","It's important to stay informed about what the government is doing.","정부가 하는 일에 대해 정보를 파악하는 게 중요해."
"Beginner","government","Local government decisions affect our daily life a lot.","지방 정부의 결정이 일상생활에 많은 영향을 미쳐."
"Beginner","grade","She worked really hard and got great grades this semester.","그녀는 정말 열심히 해서 이번 학기에 좋은 성적을 받았어."
"Beginner","grade","This beef is grade A — the quality is excellent.","이 소고기는 1등급이야, 품질이 최고야."
"Beginner","grade","Grades aren't everything, but they do matter.","성적이 전부는 아니지만 중요하긴 해."
"Beginner","grateful","I'm so grateful for everything you've done for me.","네가 나를 위해 해준 모든 것에 정말 감사해."
"Beginner","grateful","Being grateful for small things makes life more enjoyable.","작은 것들에 감사하면 삶이 더 즐거워져."
"Beginner","grateful","She wrote a grateful note to her neighbour who helped her.","그녀는 도와준 이웃에게 감사 편지를 썼어."
"Beginner","grow","The company has grown a lot over the past two years.","회사가 지난 2년 동안 많이 성장했어."
"Beginner","grow","I grew up in a small town but moved to the city for work.","나는 작은 마을에서 자랐지만 일 때문에 도시로 이사했어."
"Beginner","grow","Growing plants at home is a relaxing hobby.","집에서 식물 키우는 건 마음을 편안하게 하는 취미야."
"Beginner","guide","The tour guide was so knowledgeable and fun.","투어 가이드가 정말 박식하고 재미있었어."
"Beginner","guide","This app guides you through the city step by step.","이 앱이 도시를 단계별로 안내해줘."
"Beginner","guide","Can you guide me through how to use this program?","이 프로그램 사용법을 안내해줄 수 있어?"
"Beginner","gym","I try to go to the gym at least three times a week.","일주일에 적어도 세 번은 헬스장에 가려고 해."
"Beginner","gym","The gym near my house just opened and it's really nice.","집 근처 헬스장이 새로 열었는데 정말 좋아."
"Beginner","gym","Going to the gym with a friend keeps me motivated.","친구랑 같이 헬스장 다니면 동기부여가 돼."
"Beginner","handle","She handles stressful situations really well.","그녀는 스트레스 상황을 정말 잘 처리해."
"Beginner","handle","I'll handle the booking — you just bring yourself.","예약은 내가 할게, 넌 그냥 와."
"Beginner","handle","Can you handle two projects at the same time?","동시에 두 가지 프로젝트를 감당할 수 있어?"
"Beginner","happen","What happened at the party last night?","어젯밤 파티에서 무슨 일이 있었어?"
"Beginner","happen","These things happen — don't be too hard on yourself.","그런 일은 생길 수 있어, 너무 자책하지 마."
"Beginner","happen","I happened to run into my old teacher at the supermarket.","마트에서 우연히 옛 선생님을 만났어."
"Beginner","healthy","Eating more vegetables is a great way to stay healthy.","채소를 더 많이 먹는 게 건강을 유지하는 좋은 방법이야."
"Beginner","healthy","A healthy mind and a healthy body go hand in hand.","건강한 정신과 건강한 몸은 함께 가."
"Beginner","healthy","Is it hard to keep a healthy routine with your busy schedule?","바쁜 일정에도 건강한 루틴을 유지하기 어렵지 않아?"
"Beginner","hire","The café is hiring — you should apply!","그 카페에서 직원을 뽑고 있어, 지원해봐!"
"Beginner","hire","We hired a professional photographer for the event.","행사를 위해 전문 사진작가를 고용했어."
"Beginner","hire","They plan to hire ten new people this quarter.","이번 분기에 신입 직원을 열 명 뽑을 계획이야."
"Beginner","hobby","My hobby is hiking on weekends when the weather is nice.","내 취미는 날씨 좋을 때 주말에 하이킹하는 거야."
"Beginner","hobby","Having a hobby helps you relax after a long day.","취미가 있으면 긴 하루를 보낸 후 긴장을 풀 수 있어."
"Beginner","hobby","What hobbies did you have growing up?","어릴 때 어떤 취미가 있었어?"
"Beginner","honest","Honestly, I didn't enjoy the movie that much.","솔직히 그 영화 그다지 재미없었어."
"Beginner","honest","I really appreciate how honest you are with me.","나한테 솔직하게 대해줘서 정말 고마워."
"Beginner","honest","It's always better to be honest, even if it's uncomfortable.","불편하더라도 솔직한 게 항상 더 나아."
"Beginner","identify","Can you identify which bag is yours?","어느 가방이 네 건지 구별할 수 있어?"
"Beginner","identify","We need to identify the cause of the problem first.","먼저 문제의 원인을 파악해야 해."
"Beginner","identify","The police were able to identify the suspect quickly.","경찰은 빠르게 용의자를 특정할 수 있었어."
"Beginner","improve","My English has improved a lot since I started watching shows.","드라마를 보기 시작한 이후로 영어가 많이 늘었어."
"Beginner","improve","Is there anything I can do to improve my performance?","성과를 높이기 위해 내가 할 수 있는 게 있을까?"
"Beginner","improve","The new update improved the app's speed significantly.","새 업데이트로 앱 속도가 크게 개선됐어."
"Beginner","include","Does the price include breakfast?","가격에 아침 식사가 포함돼 있어?"
"Beginner","include","Please include your phone number on the form.","양식에 전화번호도 적어줘."
"Beginner","include","Make sure to include everyone when sending the invitation.","초대장 보낼 때 모든 사람을 빠뜨리지 않도록 해."
"Beginner","increase","The price of groceries has increased a lot lately.","최근에 식료품 가격이 많이 올랐어."
"Beginner","increase","Regular exercise can increase your energy levels.","규칙적인 운동은 에너지 수준을 높여줄 수 있어."
"Beginner","increase","We need to increase sales by at least 10% this quarter.","이번 분기에 매출을 최소 10% 올려야 해."
"Beginner","independent","Living alone made me much more independent.","혼자 살면서 훨씬 더 독립적이 됐어."
"Beginner","independent","She's very independent and rarely asks for help.","그녀는 매우 독립적이어서 도움을 거의 구하지 않아."
"Beginner","independent","It's important for kids to develop independent thinking.","아이들이 독립적인 사고를 키우는 게 중요해."
"Beginner","indicate","The green light indicates that the device is ready.","초록불은 기기가 준비됐다는 걸 나타내."
"Beginner","indicate","The survey results indicate that most people prefer remote work.","설문 결과는 대부분의 사람이 재택근무를 선호한다는 걸 보여줘."
"Beginner","indicate","Please indicate your preferred time on the booking form.","예약 양식에 선호하는 시간을 표시해줘."
"Beginner","industry","The tech industry has changed the way we live.","기술 산업이 우리의 삶의 방식을 바꿔놨어."
"Beginner","industry","She's worked in the fashion industry for over a decade.","그녀는 10년 넘게 패션 업계에서 일했어."
"Beginner","industry","Which industry are you hoping to work in after graduation?","졸업 후에 어떤 업계에서 일하고 싶어?"
"Beginner","inform","Please inform me if there are any changes to the schedule.","일정에 변경이 있으면 알려줘."
"Beginner","inform","The staff will inform you when your table is ready.","테이블이 준비되면 직원이 알려줄 거야."
"Beginner","inform","I wasn't informed about the meeting in advance.","회의에 대해 사전에 통보받지 못했어."
"Beginner","ingredient","I checked the ingredients and it contains dairy.","재료를 확인해봤는데 유제품이 들어가 있어."
"Beginner","ingredient","Fresh ingredients really make a difference in cooking.","신선한 재료가 요리의 맛을 정말 다르게 해."
"Beginner","ingredient","The secret ingredient in her soup is a little soy sauce.","그녀 국의 비밀 재료는 간장 조금이야."
"Beginner","instead","I'll have water instead of juice, please.","주스 대신에 물로 주세요."
"Beginner","instead","Instead of complaining, why not try to fix it?","불평하는 대신에 고쳐보려고 하지 그래?"
"Beginner","instead","Let's walk instead of taking a taxi — it's not that far.","택시 대신에 걸어가자, 그렇게 멀지 않아."
"Beginner","interest","I've recently developed an interest in photography.","최근에 사진 찍는 것에 관심이 생겼어."
"Beginner","interest","The bank interest rate went up again this month.","이달에 은행 이자율이 또 올랐어."
"Beginner","interest","What interests you most about this job?","이 직업에서 가장 흥미로운 점이 뭐야?"
"Beginner","interview","I have a job interview tomorrow — I'm so nervous.","내일 취업 면접이 있어, 너무 긴장돼."
"Beginner","interview","Prepare well for your interview and you'll do great.","면접 잘 준비하면 잘 할 수 있을 거야."
"Beginner","interview","The interviewer asked me about my biggest weakness.","면접관이 가장 큰 단점이 뭔지 물어봤어."
"Beginner","introduce","Let me introduce you to my best friend, Minho.","내 절친 민호를 소개해줄게."
"Beginner","introduce","The teacher introduced herself on the first day of class.","선생님이 수업 첫날에 자기소개를 했어."
"Beginner","introduce","The company introduced a new flexible working policy.","회사에서 새로운 유연근무제 정책을 도입했어."
"Beginner","involve","The project involves a lot of teamwork and communication.","이 프로젝트는 팀워크와 소통이 많이 필요해."
"Beginner","involve","I didn't want to get involved in their argument.","그들의 말다툼에 끼어들고 싶지 않았어."
"Beginner","involve","Cooking a big meal involves a lot of planning ahead.","큰 식사를 요리하려면 미리 많이 계획해야 해."
"Beginner","issue","There's a small issue with my order — can you help?","주문에 작은 문제가 생겼어요, 도와주실 수 있어요?"
"Beginner","issue","Climate change is the most urgent issue of our time.","기후 변화는 우리 시대의 가장 긴급한 문제야."
"Beginner","issue","Let's deal with one issue at a time so we don't get overwhelmed.","압도되지 않게 한 번에 하나의 문제씩 처리하자."
"Beginner","journey","The journey from Seoul to Busan by KTX takes about two hours.","서울에서 부산까지 KTX로 약 두 시간 걸려."
"Beginner","journey","Learning a language is a long journey, but it's worth it.","언어를 배우는 건 긴 여정이지만 충분히 가치가 있어."
"Beginner","journey","Every journey begins with a single step.","모든 여정은 한 걸음에서 시작돼."
"Beginner","judge","Don't judge a book by its cover.","겉모습만 보고 판단하지 마."
"Beginner","judge","It's hard to judge how long the project will take.","프로젝트가 얼마나 걸릴지 판단하기 어려워."
"Beginner","judge","She was asked to judge the cooking competition.","그녀는 요리 대회 심사를 맡아달라는 요청을 받았어."
"Beginner","keep","Keep up the good work — you're doing great.","잘 하고 있어, 계속 그렇게 해."
"Beginner","keep","I try to keep my desk clean and organized.","책상을 깨끗하고 정돈된 상태로 유지하려고 해."
"Beginner","keep","Can you keep a secret? I have some big news.","비밀 지킬 수 있어? 큰 소식이 있어."
"Beginner","knowledge","He has a wide knowledge of local history.","그는 지역 역사에 대해 폭넓은 지식을 갖고 있어."
"Beginner","knowledge","Knowledge is power — never stop learning.","지식이 힘이야, 배움을 멈추지 마."
"Beginner","knowledge","She used her knowledge of cooking to start a small café.","그녀는 요리 지식을 활용해 작은 카페를 시작했어."
"Beginner","landscape","The mountain landscape was absolutely breathtaking.","산 풍경이 정말 숨이 막힐 정도로 아름다웠어."
"Beginner","landscape","The business landscape has changed a lot since the pandemic.","팬데믹 이후로 비즈니스 환경이 많이 바뀌었어."
"Beginner","landscape","I love driving through the countryside and enjoying the landscape.","시골길을 드라이브하며 경치를 감상하는 게 너무 좋아."
"Beginner","language","She speaks three languages fluently — Korean, English, and French.","그녀는 한국어, 영어, 프랑스어 세 가지 언어를 유창하게 해."
"Beginner","language","Body language tells you a lot about how someone is feeling.","바디랭귀지는 상대방의 감정에 대해 많은 걸 말해줘."
"Beginner","language","Learning a new language opens your mind to different cultures.","새로운 언어를 배우면 다양한 문화에 마음이 열려."
"Beginner","launch","The company is launching a new app next month.","회사에서 다음 달에 새 앱을 출시할 예정이야."
"Beginner","launch","They launched the product at a big event downtown.","그들은 시내 대규모 행사에서 제품을 출시했어."
"Beginner","launch","She launched her own online store after years of planning.","그녀는 몇 년간의 준비 끝에 자신의 온라인 쇼핑몰을 시작했어."
"Beginner","leadership","Good leadership means listening as much as directing.","좋은 리더십은 지시만큼이나 경청을 의미해."
"Beginner","leadership","She showed strong leadership during the crisis.","그녀는 위기 상황에서 강한 리더십을 발휘했어."
"Beginner","leadership","Leadership skills are important in almost any career.","리더십 역량은 거의 모든 직업에서 중요해."
"Beginner","legal","Make sure everything is legal before you sign the contract.","계약서에 서명하기 전에 모든 게 합법적인지 확인해."
"Beginner","legal","Is it legal to park here after 6 p.m.?","오후 6시 이후에 여기 주차해도 합법인가요?"
"Beginner","legal","They got legal advice before starting the business.","그들은 사업을 시작하기 전에 법률 자문을 받았어."
"Beginner","lifestyle","Moving to the countryside completely changed my lifestyle.","시골로 이사한 후 생활방식이 완전히 바뀌었어."
"Beginner","lifestyle","A healthy lifestyle includes both exercise and good sleep.","건강한 생활방식에는 운동과 충분한 수면이 모두 포함돼."
"Beginner","lifestyle","Social media has influenced the lifestyle of young people a lot.","소셜미디어가 젊은이들의 생활방식에 많은 영향을 미쳤어."
"Beginner","likely","It's likely to rain this afternoon, so bring an umbrella.","오늘 오후에 비가 올 것 같으니 우산 챙겨."
"Beginner","likely","She's likely the best candidate for the position.","그녀가 그 자리에 가장 적합한 후보일 것 같아."
"Beginner","likely","How likely is it that the flight will be on time?","비행기가 제시간에 올 가능성이 얼마나 돼?"
"Beginner","limit","There's a weight limit for carry-on bags on this flight.","이 항공편은 기내 반입 가방의 무게 제한이 있어."
"Beginner","limit","Try to limit your screen time before bed.","자기 전에 화면 보는 시간을 줄이려고 노력해봐."
"Beginner","limit","Don't put a limit on what you can achieve.","네가 이룰 수 있는 것에 한계를 두지 마."
"Beginner","local","I love shopping at the local market on weekends.","주말에 동네 시장에서 장 보는 걸 좋아해."
"Beginner","local","Support local businesses whenever you can.","가능하면 지역 소상공인을 이용해줘."
"Beginner","local","The local café on the corner makes the best coffee.","모퉁이에 있는 동네 카페가 커피를 제일 잘 만들어."
"Beginner","location","The restaurant has a great location right by the river.","그 식당은 강 바로 옆에 위치가 정말 좋아."
"Beginner","location","Can you share your location? I can't find the place.","위치 공유해줄 수 있어? 장소를 못 찾겠어."
"Beginner","location","Location is the most important factor when buying property.","부동산을 살 때 위치가 가장 중요한 요소야."
"Beginner","manage","How do you manage to stay so calm under pressure?","압박감 속에서도 어떻게 그렇게 침착할 수 있어?"
"Beginner","manage","She manages a team of fifteen people at work.","그녀는 직장에서 15명의 팀을 관리해."
"Beginner","manage","I managed to finish the report just before the deadline.","마감 직전에 겨우 보고서를 완성했어."
"Beginner","manner","He always speaks in a polite and respectful manner.","그는 항상 정중하고 예의 바른 방식으로 말해."
"Beginner","manner","Good table manners are still important in many cultures.","좋은 식사 예절은 많은 문화에서 여전히 중요해."
"Beginner","manner","The manner in which you deliver feedback matters a lot.","피드백을 전달하는 방식이 정말 중요해."
"Beginner","material","This jacket is made from recycled material — pretty cool.","이 재킷은 재활용 소재로 만들어졌어, 꽤 멋지지."
"Beginner","material","Have you studied all the material for tomorrow's exam?","내일 시험 자료를 다 공부했어?"
"Beginner","material","The quality of the material makes a big difference.","소재의 품질이 큰 차이를 만들어."
"Beginner","measure","Can you measure the wall before we buy the shelf?","선반 사기 전에 벽 치수를 재줄 수 있어?"
"Beginner","measure","Success is hard to measure in numbers alone.","성공은 숫자만으로 측정하기 어려워."
"Beginner","measure","The government took measures to reduce air pollution.","정부가 대기 오염을 줄이기 위한 조치를 취했어."
"Beginner","media","Social media can be great, but try not to overuse it.","소셜미디어는 좋을 수 있지만 과도하게 사용하지 않으려고 해봐."
"Beginner","media","The story was covered by all the major media outlets.","그 이야기는 모든 주요 언론에서 다뤄졌어."
"Beginner","media","Media literacy is an important skill these days.","요즘 미디어 리터러시는 중요한 능력이야."
"Beginner","memorable","That trip to Jeju was one of the most memorable of my life.","제주도 여행은 내 인생에서 가장 기억에 남는 것 중 하나야."
"Beginner","memorable","The opening ceremony was truly memorable.","개막식은 정말 기억에 남았어."
"Beginner","memorable","She gave a memorable speech that moved everyone in the room.","그녀는 방 안의 모든 사람을 감동시킨 인상적인 연설을 했어."
"Beginner","mention","You never mentioned that you had a sister!","여동생이 있다는 걸 한 번도 말한 적이 없잖아!"
"Beginner","mention","Don't mention the surprise party — it's a secret.","깜짝 파티 얘기 하지 마, 비밀이야."
"Beginner","mention","He mentioned he might be late to the meeting.","그가 회의에 늦을 수도 있다고 말했어."
"Beginner","method","What's the best method for learning vocabulary quickly?","어휘를 빠르게 외우는 가장 좋은 방법이 뭐야?"
"Beginner","method","Try a different method if the first one isn't working.","첫 번째 방법이 안 되면 다른 방법을 시도해봐."
"Beginner","method","The cooking method really affects the final taste.","조리 방법이 최종 맛에 정말 영향을 미쳐."
"Beginner","modern","The office has a very modern and open design.","그 사무실은 굉장히 현대적이고 개방적인 디자인이야."
"Beginner","modern","Modern technology has made life so much more convenient.","현대 기술이 삶을 훨씬 더 편리하게 만들었어."
"Beginner","modern","She prefers modern furniture over traditional styles.","그녀는 전통적인 스타일보다 현대적인 가구를 선호해."
"Beginner","moment","Can you wait a moment? I'll be right back.","잠깐만 기다려줄 수 있어? 금방 돌아올게."
"Beginner","moment","That was the moment I realized I loved cooking.","바로 그 순간 내가 요리를 좋아한다는 걸 깨달았어."
"Beginner","moment","Enjoy every moment — time goes by so fast.","매 순간을 즐겨, 시간이 너무 빨리 지나가."
"Beginner","mood","I'm not in the mood for going out tonight.","오늘 밤은 외출할 기분이 아니야."
"Beginner","mood","Listening to music always improves my mood.","음악을 들으면 항상 기분이 좋아져."
"Beginner","mood","What kind of mood are you in for dinner — spicy or mild?","저녁은 어떤 기분이야, 매운 거 아니면 순한 거?"
"Beginner","movement","Even small movements throughout the day are good for your health.","하루 중 작은 움직임도 건강에 좋아."
"Beginner","movement","The environmental movement has grown a lot in recent years.","환경 운동이 최근 몇 년 사이에 많이 성장했어."
"Beginner","movement","Her dance movements were so graceful and precise.","그녀의 댄스 동작은 정말 우아하고 정확했어."
"Beginner","natural","She has a natural talent for music.","그녀는 음악에 타고난 재능이 있어."
"Beginner","natural","It's natural to feel nervous before a big presentation.","중요한 발표 전에 긴장하는 건 자연스러운 거야."
"Beginner","natural","I prefer natural ingredients in my skincare products.","피부 관리 제품에는 천연 성분이 들어간 걸 선호해."
"Beginner","necessary","Is it necessary to bring a printed copy, or is digital okay?","인쇄본을 가져와야 해, 아니면 디지털도 괜찮아?"
"Beginner","necessary","Sleep is necessary for both physical and mental health.","수면은 신체적, 정신적 건강 모두에 필요해."
"Beginner","necessary","Don't bring more than necessary — we're only going for two days.","이틀만 가는 거니까 필요 이상으로 짐 싸지 마."
"Beginner","neighborhood","I love my neighborhood — everyone is so friendly.","우리 동네가 너무 좋아, 다들 정말 친절해."
"Beginner","neighborhood","There's a great park in my neighborhood where I jog every morning.","동네에 매일 아침 조깅하는 공원이 있어."
"Beginner","neighborhood","The neighborhood has changed a lot since I was a kid.","내가 어릴 때에 비해 동네가 많이 바뀌었어."
"Beginner","nervous","I always get nervous before job interviews.","취업 면접 전에는 항상 긴장돼."
"Beginner","nervous","She looked nervous but performed brilliantly on stage.","그녀는 긴장해 보였지만 무대에서 훌륭하게 공연했어."
"Beginner","nervous","Don't be nervous — everyone here is rooting for you.","긴장하지 마, 여기 모든 사람이 널 응원하고 있어."
"Beginner","notice","Did you notice anything different about this room?","이 방에서 뭔가 달라진 거 눈치챘어?"
"Beginner","notice","I gave two weeks' notice before leaving the job.","퇴직 전에 2주 전 통보를 했어."
"Beginner","notice","Please notice the sign — no photos allowed inside.","안내문을 확인해주세요, 내부 사진 촬영은 금지입니다."
"Beginner","offer","They offered me the job and I said yes immediately.","그들이 나한테 일자리를 제안했고 나는 바로 수락했어."
"Beginner","offer","Can I offer you something to drink?","마실 거 드릴까요?"
"Beginner","offer","The store is offering a 30% discount this weekend.","이번 주말에 그 가게에서 30% 할인을 제공해."
"Beginner","official","The official announcement will be made tomorrow morning.","공식 발표는 내일 아침에 있을 예정이야."
"Beginner","official","Is this the official website, or a copy?","이게 공식 웹사이트야, 아니면 복사본이야?"
"Beginner","official","She works as a government official in the finance ministry.","그녀는 재무부에서 정부 공무원으로 일해."
"Beginner","opinion","In my opinion, the first option is the best.","내 의견으로는 첫 번째 선택지가 가장 좋아."
"Beginner","opinion","Everyone is entitled to their own opinion.","모든 사람은 자신의 의견을 가질 권리가 있어."
"Beginner","opinion","What's your opinion on working from home?","재택근무에 대해 어떻게 생각해?"
"Beginner","opportunity","Don't miss this opportunity — it might not come again.","이 기회를 놓치지 마, 다시 오지 않을 수도 있어."
"Beginner","opportunity","Studying abroad gave me so many opportunities.","유학이 나에게 정말 많은 기회를 줬어."
"Beginner","opportunity","Every challenge is an opportunity in disguise.","모든 도전은 가면을 쓴 기회야."
"Beginner","organize","I need to organize my desk — it's a total mess.","책상 정리 좀 해야겠어, 완전 엉망이야."
"Beginner","organize","She organized the entire event by herself.","그녀는 행사 전체를 혼자서 준비했어."
"Beginner","organize","Use an app to help organize your schedule.","일정을 정리하는 데 앱을 활용해봐."
"Beginner","outcome","No one expected that outcome — it was a big surprise.","아무도 그런 결과를 예상하지 못했어, 정말 놀라웠어."
"Beginner","outcome","The outcome of the meeting was better than I expected.","회의 결과가 예상보다 더 좋았어."
"Beginner","outcome","Whatever the outcome, I'm proud of how hard we tried.","결과가 어떻든 간에 우리가 얼마나 열심히 했는지 자랑스러워."
"Beginner","overcome","She overcame her fear of public speaking through practice.","그녀는 연습을 통해 대중 앞에서 말하는 두려움을 극복했어."
"Beginner","overcome","Every obstacle can be overcome with the right mindset.","올바른 마음가짐으로 모든 장애물을 극복할 수 있어."
"Beginner","overcome","It took time, but he overcame the setback and moved forward.","시간이 걸렸지만 그는 좌절을 극복하고 앞으로 나아갔어."
"Beginner","own","She finally owns her own apartment after years of renting.","몇 년간 월세 살다가 드디어 자기 소유의 아파트가 생겼어."
"Beginner","own","Do your own research before making a big decision.","큰 결정을 내리기 전에 스스로 조사해봐."
"Beginner","own","He opened his own café after leaving the corporate world.","그는 회사를 나온 후 자기만의 카페를 열었어."
"Beginner","participate","Everyone is encouraged to participate in the discussion.","모든 사람이 토론에 참여하길 권장해."
"Beginner","participate","She participated in a charity run last weekend.","그녀는 지난 주말에 자선 달리기 행사에 참여했어."
"Beginner","participate","I'd love to participate, but I'm busy that day.","참가하고 싶지만 그날 바빠."
"Beginner","particular","Is there any particular dish you'd like to try?","먹어보고 싶은 특정 음식이 있어?"
"Beginner","particular","She's very particular about how her coffee is made.","그녀는 커피 만드는 방법에 대해 굉장히 까다로워."
"Beginner","particular","In this particular case, I think we should wait.","이 특정한 경우에는 기다리는 게 좋을 것 같아."
"Beginner","perform","The band performed for over two hours without a break.","그 밴드는 쉬지 않고 두 시간 넘게 공연했어."
"Beginner","perform","How did you perform on the exam?","시험은 어떻게 봤어?"
"Beginner","perform","She performs best under a little bit of pressure.","그녀는 약간의 압박이 있을 때 가장 잘 해내."
"Beginner","period","The free trial period is 30 days — no credit card needed.","무료 체험 기간은 30일이야, 신용카드 필요 없어."
"Beginner","period","We went through a difficult period last year, but we got through it.","작년에 힘든 시기를 보냈지만 잘 이겨냈어."
"Beginner","period","That was a really exciting period in music history.","그 시기는 음악 역사에서 정말 흥미진진한 시절이었어."
"Beginner","personal","I prefer to keep my personal life separate from work.","나는 개인 생활을 업무와 분리해두는 걸 선호해."
"Beginner","personal","This gift has a very personal touch — she made it herself.","이 선물은 굉장히 개인적인 느낌이야, 그녀가 직접 만들었거든."
"Beginner","personal","On a personal note, I think you made the right call.","개인적으로는 네가 올바른 판단을 한 것 같아."
"Beginner","physical","Regular physical activity is key to staying healthy.","규칙적인 신체 활동이 건강 유지의 핵심이야."
"Beginner","physical","The job requires a lot of physical strength.","그 일은 많은 체력이 필요해."
"Beginner","physical","Mental health is just as important as physical health.","정신 건강은 신체 건강만큼 중요해."
"Beginner","plan","Do you have any plans for this weekend?","이번 주말에 계획 있어?"
"Beginner","plan","We planned the trip down to every last detail.","여행을 아주 세세한 부분까지 다 계획했어."
"Beginner","plan","Things don't always go according to plan, and that's okay.","항상 계획대로 되지는 않아, 그래도 괜찮아."
"Beginner","point","That's a really good point — I hadn't thought of it that way.","그거 정말 좋은 지적이야, 그렇게는 생각 못 했어."
"Beginner","point","What's the point of going if you're not going to enjoy it?","즐기지도 않을 거면 굳이 가는 게 무슨 의미야?"
"Beginner","point","She pointed to the map and showed us where to go.","그녀는 지도를 가리키며 어디로 가야 하는지 알려줬어."
"Beginner","pollution","Air pollution in the city has been getting worse recently.","최근 도시의 대기 오염이 점점 심해지고 있어."
"Beginner","pollution","Plastic pollution in the ocean is a major global problem.","해양 플라스틱 오염은 심각한 전 세계적인 문제야."
"Beginner","pollution","Cycling instead of driving helps reduce pollution.","운전 대신 자전거를 타면 오염을 줄이는 데 도움이 돼."
"Beginner","position","She applied for a managerial position at the company.","그녀는 회사의 관리직에 지원했어."
"Beginner","position","What's your position on working overtime?","야근에 대해 어떻게 생각해?"
"Beginner","position","Make sure you're in a comfortable position before the long flight.","긴 비행 전에 편안한 자세를 취해."
"Beginner","positive","Try to stay positive even when things get tough.","힘들 때도 긍정적으로 유지하려고 노력해."
"Beginner","positive","The feedback was mostly positive, which was encouraging.","피드백이 대부분 긍정적이어서 힘이 났어."
"Beginner","positive","A positive attitude can change everything.","긍정적인 태도가 모든 걸 바꿀 수 있어."
"Beginner","prefer","I prefer tea to coffee in the morning.","나는 아침에 커피보다 차를 더 좋아해."
"Beginner","prefer","Which do you prefer — eating in or getting takeout?","식당에서 먹는 거랑 포장이랑 어느 쪽이 더 좋아?"
"Beginner","prefer","She prefers working from home to going to the office.","그녀는 사무실에 가는 것보다 재택근무를 더 선호해."
"Beginner","prepare","I need to prepare for tomorrow's meeting tonight.","오늘 밤 내일 회의를 준비해야 해."
"Beginner","prepare","He spent all weekend preparing for the presentation.","그는 발표 준비를 하느라 주말 내내 보냈어."
"Beginner","prepare","Are you prepared for anything that might come up?","어떤 일이 생겨도 준비가 돼 있어?"
"Beginner","presentation","She gave an amazing presentation in front of 200 people.","그녀는 200명 앞에서 놀라운 발표를 했어."
"Beginner","presentation","I'm working on a presentation for the client meeting.","고객 회의를 위한 발표 자료를 만들고 있어."
"Beginner","presentation","His presentation was clear, well-structured, and engaging.","그의 발표는 명확하고 구성이 잘 됐으며 흥미로웠어."
"Beginner","pressure","I work better under a little bit of pressure.","나는 약간의 압박이 있을 때 더 잘 돼."
"Beginner","pressure","Don't put too much pressure on yourself — just do your best.","너무 자신을 압박하지 마, 그냥 최선을 다해."
"Beginner","pressure","The pressure of exams can be really overwhelming.","시험 스트레스는 정말 버거울 수 있어."
"Beginner","previous","I learned a lot from my previous mistakes.","이전 실수들에서 많은 걸 배웠어."
"Beginner","previous","Did you enjoy your previous job more than this one?","이전 직장이 지금보다 더 좋았어?"
"Beginner","previous","Please review the notes from the previous meeting.","이전 회의 메모를 검토해줘."
"Beginner","primary","The primary reason I moved was for work.","내가 이사한 주된 이유는 일 때문이야."
"Beginner","primary","Her primary concern was making sure everyone was safe.","그녀의 주된 걱정은 모두가 안전한지 확인하는 거였어."
"Beginner","primary","Exercise is my primary way of managing stress.","운동은 내가 스트레스를 관리하는 주된 방법이야."
"Beginner","process","The application process takes about two weeks.","지원 절차는 약 2주 정도 걸려."
"Beginner","process","Learning a new skill is a process — be patient with yourself.","새로운 기술을 배우는 건 과정이야, 스스로에게 인내심을 가져."
"Beginner","process","Can you walk me through the process step by step?","과정을 단계별로 설명해줄 수 있어?"
"Beginner","profession","Teaching is a noble profession that shapes the future.","교직은 미래를 만드는 훌륭한 직업이야."
"Beginner","profession","What profession are you interested in pursuing?","어떤 직업을 갖고 싶어?"
"Beginner","profession","She changed her profession after ten years in finance.","그녀는 금융 분야에서 10년을 보낸 후 직업을 바꿨어."
"Beginner","project","We're working on a big project that's due next Friday.","다음 주 금요일 마감인 큰 프로젝트를 진행 중이야."
"Beginner","project","The project went over budget but turned out great.","프로젝트가 예산을 초과했지만 결과는 훌륭했어."
"Beginner","project","I love working on creative projects in my free time.","여가 시간에 창의적인 프로젝트를 하는 걸 좋아해."
"Beginner","promote","She was promoted to team leader after just one year.","그녀는 1년 만에 팀장으로 승진했어."
"Beginner","promote","The company promotes a healthy work-life balance.","회사에서 건강한 일과 생활의 균형을 장려해."
"Beginner","promote","He set up a social media account to promote his small business.","그는 소규모 사업을 홍보하기 위해 소셜미디어 계정을 만들었어."
"Beginner","proper","Make sure you get proper rest before the big exam.","중요한 시험 전에 충분히 쉬도록 해."
"Beginner","proper","It's important to learn the proper way to lift heavy objects.","무거운 물건을 올바르게 드는 방법을 배우는 게 중요해."
"Beginner","proper","With proper planning, the whole trip went really smoothly.","적절한 계획 덕분에 여행 전체가 정말 순조로웠어."
"Beginner","provide","The hotel provides free breakfast for all guests.","호텔에서 모든 투숙객에게 무료 아침 식사를 제공해."
"Beginner","provide","Can you provide more details about the incident?","그 사건에 대해 더 자세한 내용을 알려줄 수 있어?"
"Beginner","provide","The program provides support for students from low-income families.","그 프로그램은 저소득 가정 학생들에게 지원을 제공해."
"Beginner","public","I get really nervous speaking in public.","사람들 앞에서 말할 때 정말 긴장돼."
"Beginner","public","The park is open to the public all year round.","그 공원은 일 년 내내 대중에게 개방돼 있어."
"Beginner","public","Public transportation in Seoul is really convenient and affordable.","서울의 대중교통은 정말 편리하고 저렴해."
"Beginner","purpose","What's the purpose of this meeting — is it urgent?","이 회의의 목적이 뭐야, 급한 거야?"
"Beginner","purpose","She volunteers with a clear sense of purpose.","그녀는 뚜렷한 목적의식을 가지고 자원봉사를 해."
"Beginner","purpose","Finding your purpose in life takes time, but it's worth it.","삶의 목적을 찾는 데는 시간이 걸리지만 그만한 가치가 있어."
"Beginner","quality","The quality of this restaurant's food is consistently great.","이 식당 음식의 품질은 항상 훌륭해."
"Beginner","quality","Never sacrifice quality for speed.","속도를 위해 품질을 희생하지 마."
"Beginner","quality","He has a quality that makes everyone around him feel at ease.","그는 주변 사람들을 편안하게 만드는 자질이 있어."
"Beginner","realize","I didn't realize how late it was until I checked my phone.","핸드폰을 확인하고서야 시간이 얼마나 됐는지 알았어."
"Beginner","realize","She realized she'd been working too hard and decided to take a break.","그녀는 너무 열심히 일했다는 걸 깨닫고 휴식을 취하기로 했어."
"Beginner","realize","Do you realize how talented you actually are?","네가 얼마나 재능이 있는지 알아?"
"Beginner","reason","What's the reason you decided to change careers?","직업을 바꾸기로 결심한 이유가 뭐야?"
"Beginner","reason","There's always a reason behind every decision we make.","우리가 내리는 모든 결정에는 항상 이유가 있어."
"Beginner","reason","For some reason, I can never remember his name.","왜인지 모르겠지만 그의 이름이 도무지 기억이 안 나."
"Beginner","recently","Have you watched any good shows recently?","최근에 재미있는 드라마 본 거 있어?"
"Beginner","recently","I recently started going to bed an hour earlier and feel so much better.","최근에 한 시간 일찍 자기 시작했는데 훨씬 더 좋아."
"Beginner","recently","The company recently updated its return policy.","회사에서 최근에 환불 정책을 업데이트했어."
"Beginner","recognize","I didn't recognize you with your new haircut!","머리 새로 자르니까 못 알아봤어!"
"Beginner","recognize","It's important to recognize when you need help.","도움이 필요한 때를 인식하는 게 중요해."
"Beginner","recognize","The team's hard work was finally recognized by management.","팀의 노력이 마침내 경영진으로부터 인정받았어."
"Beginner","recommend","Can you recommend a good restaurant near here?","이 근처에 좋은 식당 추천해줄 수 있어?"
"Beginner","recommend","I highly recommend this book — it changed my perspective.","이 책 정말 강추야, 내 관점을 바꿔놨어."
"Beginner","recommend","My doctor recommended I get more sleep and reduce stress.","의사가 수면을 더 취하고 스트레스를 줄이라고 했어."
"Beginner","reduce","I'm trying to reduce the amount of sugar I eat.","설탕 섭취량을 줄이려고 노력하고 있어."
"Beginner","reduce","Using reusable bags helps reduce plastic waste.","재사용 가능한 가방을 사용하면 플라스틱 쓰레기를 줄이는 데 도움이 돼."
"Beginner","reduce","The company found ways to reduce costs without cutting jobs.","회사가 인원 감축 없이 비용을 줄이는 방법을 찾았어."
"Beginner","reflect","It's good to take time to reflect on how far you've come.","얼마나 성장했는지 돌아보는 시간을 갖는 게 좋아."
"Beginner","reflect","Her work reflects her passion for what she does.","그녀의 작업은 자신이 하는 일에 대한 열정을 반영해."
"Beginner","reflect","At the end of the year, I like to reflect on my goals.","연말에는 내 목표를 돌아보는 걸 좋아해."
"Beginner","refuse","She refused to give up, even when things got really hard.","그녀는 상황이 정말 힘들어졌을 때도 포기를 거부했어."
"Beginner","refuse","I refused the offer because the salary was too low.","급여가 너무 낮아서 제안을 거절했어."
"Beginner","refuse","Don't refuse help when you genuinely need it.","진심으로 도움이 필요할 때는 거절하지 마."
"Beginner","regularly","I try to exercise regularly, at least four times a week.","일주일에 최소 네 번은 규칙적으로 운동하려고 해."
"Beginner","regularly","Checking in with your friends regularly really matters.","친구들과 정기적으로 연락하는 게 정말 중요해."
"Beginner","regularly","She regularly attends yoga classes on weekday mornings.","그녀는 평일 아침에 정기적으로 요가 수업에 참석해."
"Beginner","relationship","Maintaining a healthy relationship takes effort from both sides.","건강한 관계를 유지하려면 양쪽 모두의 노력이 필요해."
"Beginner","relationship","She has a great relationship with all of her coworkers.","그녀는 모든 동료들과 사이가 좋아."
"Beginner","relationship","The relationship between diet and health is well-documented.","식단과 건강의 관계는 잘 알려져 있어."
"Beginner","replace","My phone broke, so I had to replace it immediately.","핸드폰이 고장 나서 바로 교체해야 했어."
"Beginner","replace","Nothing can replace the feeling of a good home-cooked meal.","잘 만든 집밥의 느낌을 대체할 수 있는 건 없어."
"Beginner","replace","They replaced the old chairs with more comfortable ones.","낡은 의자들을 더 편한 것들로 교체했어."
"Beginner","reservation","I made a reservation at the restaurant for Friday night.","금요일 저녁 식당 예약을 해뒀어."
"Beginner","reservation","Do I need a reservation, or can I just walk in?","예약해야 해, 아니면 그냥 가도 돼?"
"Beginner","reservation","They lost my reservation, but the manager handled it well.","내 예약이 사라졌는데 매니저가 잘 처리해줬어."
"Beginner","responsibility","Taking responsibility for your mistakes is a sign of maturity.","실수에 대해 책임을 지는 건 성숙함의 표시야."
"Beginner","responsibility","It's my responsibility to make sure the project is done on time.","프로젝트를 제때 완료하는 게 내 책임이야."
"Beginner","responsibility","With more freedom comes greater responsibility.","더 많은 자유에는 더 큰 책임이 따라."
"Beginner","result","The test results came back and everything looks good.","검사 결과가 나왔는데 다 괜찮대."
"Beginner","result","All your hard work is finally starting to show results.","그동안의 노력이 드디어 결과로 나타나기 시작하고 있어."
"Beginner","result","As a result of the meeting, we changed the whole plan.","회의 결과로 전체 계획을 바꿨어."
"Beginner","review","I always check reviews before trying a new restaurant.","새 식당을 가기 전에는 항상 후기를 확인해."
"Beginner","review","She asked her manager for a performance review.","그녀는 매니저에게 성과 평가를 요청했어."
"Beginner","review","Can you review this document before I send it out?","보내기 전에 이 문서를 검토해줄 수 있어?"
"Beginner","reward","Hard work should always be rewarded.","열심히 한 노력은 항상 보상받아야 해."
"Beginner","reward","She treated herself to a nice dinner as a reward for finishing the project.","프로젝트 완료 기념으로 맛있는 저녁을 먹었어."
"Beginner","reward","The job doesn't pay much, but the personal reward is huge.","급여는 많지 않지만 개인적인 보람은 커."
"Beginner","role","She plays an important role in keeping the team together.","그녀는 팀을 하나로 유지하는 데 중요한 역할을 해."
"Beginner","role","What role are you hoping to apply for?","어떤 역할에 지원하고 싶어?"
"Beginner","role","His role in the project was to manage client communication.","프로젝트에서 그의 역할은 고객 소통을 관리하는 거였어."
"Beginner","routine","Having a morning routine helps me start the day right.","아침 루틴이 있으면 하루를 올바르게 시작하는 데 도움이 돼."
"Beginner","routine","I've been trying to build a consistent exercise routine.","꾸준한 운동 루틴을 만들려고 노력하고 있어."
"Beginner","routine","Don't be afraid to break your routine and try something new.","루틴을 깨고 새로운 걸 시도하는 걸 두려워하지 마."
"Beginner","salary","I asked for a salary increase during my annual review.","연간 평가 때 급여 인상을 요청했어."
"Beginner","salary","The salary is competitive, but the work-life balance is poor.","급여는 경쟁력 있는데 일과 삶의 균형이 별로야."
"Beginner","salary","Is the salary negotiable, or is it a fixed amount?","급여가 협의 가능한 거야, 아니면 고정 금액이야?"
"Beginner","satisfy","Nothing satisfies me quite like a home-cooked meal.","집밥만큼 나를 만족시키는 건 없어."
"Beginner","satisfy","Are you satisfied with how the project turned out?","프로젝트 결과에 만족해?"
"Beginner","satisfy","The result was satisfying, but there's still room to improve.","결과는 만족스럽지만 아직 개선할 여지가 있어."
"Beginner","schedule","Can we schedule a meeting for sometime next week?","다음 주 중에 회의 일정을 잡을 수 있을까?"
"Beginner","schedule","My schedule is pretty packed this month.","이번 달에 일정이 꽤 빡빡해."
"Beginner","schedule","Try to stick to a sleep schedule even on weekends.","주말에도 수면 시간을 지키려고 노력해봐."
"Beginner","serious","This is a serious issue and we need to address it now.","이건 심각한 문제야, 지금 당장 해결해야 해."
"Beginner","serious","Are you serious about moving abroad, or just thinking about it?","해외 이주를 진지하게 생각하는 거야, 아니면 그냥 생각해보는 거야?"
"Beginner","serious","She's serious about her fitness goals — she trains every single day.","그녀는 운동 목표에 진지해, 매일 빠짐없이 훈련해."
"Beginner","service","The service at that café was incredibly fast and friendly.","그 카페의 서비스는 믿을 수 없을 만큼 빠르고 친절했어."
"Beginner","service","I've been using this streaming service for over two years.","이 스트리밍 서비스를 2년 넘게 사용하고 있어."
"Beginner","service","They offer 24-hour customer service for any issues you have.","어떤 문제든 24시간 고객 서비스를 제공해."
"Beginner","share","Don't forget to share the files before the meeting starts.","회의 시작 전에 파일 공유하는 거 잊지 마."
"Beginner","share","She shared her experience of living abroad with the whole class.","그녀는 해외 생활 경험을 반 전체와 나눴어."
"Beginner","share","Sharing a meal with people you love is one of life's simple pleasures.","사랑하는 사람들과 식사를 나누는 건 삶의 소소한 행복 중 하나야."
"Beginner","significant","There's been a significant improvement in her grades this term.","이번 학기에 그녀의 성적이 크게 향상됐어."
"Beginner","significant","The discovery was significant for the entire field of medicine.","그 발견은 의학 전 분야에 매우 중요한 것이었어."
"Beginner","significant","Moving abroad was the most significant change in my life.","해외로 이사한 건 내 인생에서 가장 큰 변화였어."
"Beginner","situation","We need to stay calm and assess the situation first.","침착하게 상황을 먼저 파악해야 해."
"Beginner","situation","I found myself in a really awkward situation at the party.","파티에서 정말 어색한 상황에 처했어."
"Beginner","situation","The situation has improved a lot since last month.","지난달에 비해 상황이 많이 나아졌어."
"Beginner","skill","Communication is a skill you can always work on and improve.","의사소통은 항상 연습하고 향상시킬 수 있는 능력이야."
"Beginner","skill","She has a real skill for making people feel comfortable.","그녀는 사람들을 편안하게 만드는 뛰어난 능력이 있어."
"Beginner","skill","Learning new skills keeps you valuable in the job market.","새로운 기술을 배우면 취업 시장에서 경쟁력을 유지할 수 있어."
"Beginner","solution","Every problem has a solution — you just have to find it.","모든 문제에는 해결책이 있어, 찾기만 하면 돼."
"Beginner","solution","We came up with a solution that works for everyone.","모두에게 맞는 해결책을 생각해냈어."
"Beginner","solution","Don't just point out problems — try to offer a solution too.","문제만 지적하지 말고 해결책도 제시하려고 해봐."
"Beginner","source","What's your main source of stress lately?","요즘 스트레스의 주된 원인이 뭐야?"
"Beginner","source","Fruits and vegetables are a great source of vitamins.","과일과 채소는 훌륭한 비타민 공급원이야."
"Beginner","source","Always check the source before sharing information online.","온라인에서 정보를 공유하기 전에 항상 출처를 확인해."
"Beginner","specific","Can you be more specific about what you need?","필요한 게 뭔지 더 구체적으로 말해줄 수 있어?"
"Beginner","specific","She has a very specific way of organizing her workspace.","그녀는 작업 공간을 정리하는 아주 특정한 방식이 있어."
"Beginner","specific","The recipe calls for specific amounts of each ingredient.","그 레시피는 각 재료의 정확한 양을 요구해."
"Beginner","standard","This café maintains a really high standard of quality.","이 카페는 정말 높은 수준의 품질을 유지해."
"Beginner","standard","We need to set a clear standard and stick to it.","명확한 기준을 정하고 지켜야 해."
"Beginner","standard","The hotel didn't quite meet our expectations — the standard was low.","호텔이 기대에 미치지 못했어, 수준이 낮았어."
"Beginner","statement","He made a bold statement right at the start of his speech.","그는 연설 초반부터 대담한 발언을 했어."
"Beginner","statement","Please review the bank statement I sent you by email.","이메일로 보낸 은행 명세서를 검토해줘."
"Beginner","statement","Her fashion choices always make a statement.","그녀의 패션 선택은 항상 강한 인상을 남겨."
"Beginner","stress","A hot bath is a great way to relieve stress after work.","뜨거운 목욕은 퇴근 후 스트레스를 푸는 좋은 방법이야."
"Beginner","stress","Too much stress can seriously affect your physical health.","지나친 스트레스는 신체 건강에 심각한 영향을 미칠 수 있어."
"Beginner","stress","She manages stress really well — I genuinely admire that.","그녀는 스트레스 관리를 정말 잘해, 진심으로 대단하다고 생각해."
"Beginner","structure","The essay needs more structure — it's a bit hard to follow.","에세이에 구조가 더 필요해, 내용을 따라가기가 좀 어려워."
"Beginner","structure","Having structure in your day makes you more productive.","하루에 구조가 있으면 생산성이 높아져."
"Beginner","structure","The building's structure was designed to withstand earthquakes.","그 건물의 구조는 지진을 견딜 수 있도록 설계됐어."
"Beginner","subject","What was your favourite subject in school?","학교에서 가장 좋아하는 과목이 뭐였어?"
"Beginner","subject","The subject of the documentary is climate change.","그 다큐멘터리의 주제는 기후 변화야."
"Beginner","subject","Let's change the subject — this topic is getting a bit heavy.","주제를 바꾸자, 이 얘기가 좀 무거워지고 있어."
"Beginner","success","She worked hard for years and finally achieved success.","그녀는 수년간 열심히 일한 끝에 마침내 성공을 이뤘어."
"Beginner","success","Nothing feels better than the success of finishing a tough project.","힘든 프로젝트를 마무리한 성취감만큼 좋은 건 없어."
"Beginner","success","Small daily habits are the real foundation of long-term success.","매일의 작은 습관이 장기적인 성공의 진정한 토대야."
"Beginner","suggest","Can you suggest a good place to eat around here?","이 근처에 맛있는 식당 추천해줄 수 있어?"
"Beginner","suggest","I suggest we leave early to beat the traffic.","교통 체증을 피하려면 일찍 출발하는 게 좋을 것 같아."
"Beginner","suggest","My doctor suggested I cut back on caffeine.","의사가 카페인을 줄이라고 했어."
"Beginner","support","Having people who support you makes such a huge difference.","당신을 응원해주는 사람들이 있다는 게 정말 큰 힘이 돼."
"Beginner","support","The company offers great support for working parents.","그 회사는 일하는 부모들을 위한 훌륭한 지원을 제공해."
"Beginner","support","Thank you for your support — it means the world to me.","응원해줘서 고마워, 정말 큰 힘이 돼."
"Beginner","surround","I like to surround myself with positive, motivated people.","긍정적이고 동기 부여된 사람들로 주변을 채우는 걸 좋아해."
"Beginner","surround","The house is surrounded by beautiful old trees.","그 집은 아름다운 오래된 나무들로 둘러싸여 있어."
"Beginner","surround","She surrounded herself with people who genuinely inspired her.","그녀는 진심으로 영감을 주는 사람들로 주변을 채웠어."
"Beginner","task","I made a list of tasks to get through before the end of the day.","오늘 안에 끝내야 할 할 일 목록을 만들었어."
"Beginner","task","Breaking a big task into smaller steps makes it so much easier.","큰 과제를 작은 단계로 나누면 훨씬 쉬워져."
"Beginner","task","This task should only take about thirty minutes.","이 과제는 30분 정도면 충분히 할 수 있어."
"Beginner","technology","Technology has completely changed the way we communicate.","기술은 우리가 소통하는 방식을 완전히 바꿔놨어."
"Beginner","technology","Do you try to keep up with the latest technology trends?","최신 기술 트렌드를 따라가려고 노력해?"
"Beginner","technology","The school is using new technology to make learning more interactive.","학교에서 학습을 더 상호작용적으로 만들기 위해 신기술을 활용하고 있어."
"Beginner","tend","I tend to stay up too late when I find a show I like.","좋아하는 드라마를 찾으면 너무 늦게까지 안 자는 경향이 있어."
"Beginner","tend","He tends to overthink things, but his instincts are usually right.","그는 과하게 생각하는 경향이 있지만 직관은 대개 맞아."
"Beginner","tend","People tend to be in a much better mood on Fridays.","사람들은 금요일에 기분이 훨씬 좋은 경향이 있어."
"Beginner","transfer","I need to transfer some money to my savings account today.","오늘 적금 계좌로 돈을 이체해야 해."
"Beginner","transfer","She transferred to a new team after six months at the company.","그녀는 회사에 입사한 지 6개월 후 새 팀으로 이동했어."
"Beginner","transfer","To transfer between subway lines, just follow the signs.","지하철 노선을 환승하려면 안내판만 따라가면 돼."
"Beginner","transportation","Public transportation in this city is really efficient and affordable.","이 도시의 대중교통은 정말 효율적이고 저렴해."
"Beginner","transportation","The company provides transportation for employees working late shifts.","회사에서 야간 근무 직원들에게 교통편을 제공해."
"Beginner","transportation","What's the best transportation option to get to the airport from here?","여기서 공항 가는 가장 좋은 교통수단이 뭐야?"
"Beginner","treat","He always treats everyone with kindness and respect.","그는 항상 모든 사람을 친절하고 존중하는 태도로 대해."
"Beginner","treat","Let's treat ourselves to a nice dinner this weekend — we deserve it.","이번 주말에 맛있는 저녁으로 우리 자신에게 선물해주자, 그럴 자격 있잖아."
"Beginner","treat","She was treated for a minor injury at the clinic and was fine.","그녀는 병원에서 가벼운 부상 치료를 받고 괜찮아졌어."
"Beginner","trend","Working from home has become a major trend in recent years.","재택근무는 최근 몇 년 사이에 주요 트렌드가 됐어."
"Beginner","trend","I don't always follow the latest trends, but some are fun to try.","최신 트렌드를 항상 따라가진 않지만 일부는 시도해보면 재미있어."
"Beginner","trend","The trend toward healthier eating has been growing steadily.","더 건강한 식습관으로의 트렌드가 꾸준히 성장하고 있어."
"Beginner","trust","It takes time and consistency to truly build trust.","진정한 신뢰를 쌓으려면 시간과 꾸준함이 필요해."
"Beginner","trust","I trust her completely — she has never let me down.","그녀를 완전히 신뢰해, 한 번도 실망시킨 적이 없어."
"Beginner","trust","Trust the process, even when progress feels slow.","진행이 느리게 느껴질 때도 과정을 믿어."
"Beginner","typical","A typical morning for me starts with coffee and a short walk.","내 평범한 아침은 커피 한 잔과 짧은 산책으로 시작해."
"Beginner","typical","It's typical for him to arrive a few minutes early to meetings.","그가 회의에 몇 분 일찍 도착하는 건 늘 있는 일이야."
"Beginner","typical","This is a typical example of what we're trying to avoid.","이게 우리가 피하려는 것의 전형적인 예야."
"Beginner","unique","Everyone has their own unique way of approaching problems.","모든 사람은 문제에 접근하는 자기만의 고유한 방식이 있어."
"Beginner","unique","The restaurant has a truly unique atmosphere unlike anywhere else.","그 식당은 어디에서도 볼 수 없는 정말 독특한 분위기야."
"Beginner","unique","What makes this design unique is its elegant simplicity.","이 디자인을 독특하게 만드는 건 우아한 단순함이야."
"Beginner","update","Have you updated your phone's software recently?","최근에 핸드폰 소프트웨어 업데이트했어?"
"Beginner","update","I'll keep you updated on how the project progresses.","프로젝트 진행 상황을 계속 알려줄게."
"Beginner","update","The app gets regular updates to fix bugs and add new features.","그 앱은 버그 수정과 새 기능 추가를 위해 정기적으로 업데이트돼."
"Beginner","urban","Urban living can be exciting but also overwhelming at times.","도시 생활은 흥미롭지만 때로는 버거울 수 있어."
"Beginner","urban","She grew up in a rural area but loves her urban lifestyle now.","그녀는 시골에서 자랐지만 지금의 도시 생활을 좋아해."
"Beginner","urban","Urban parks are so important for people's mental wellbeing.","도시 공원은 사람들의 정신 건강에 매우 중요해."
"Beginner","useful","This app is really useful for keeping track of your expenses.","이 앱은 지출을 추적하는 데 정말 유용해."
"Beginner","useful","That tip was incredibly useful — thank you so much!","그 조언이 정말 유용했어, 정말 고마워!"
"Beginner","useful","It's always useful to have a backup plan just in case.","만약을 대비해 대안 계획을 갖추는 건 항상 도움이 돼."
"Beginner","valuable","Time is the most valuable resource you can give to someone.","시간은 누군가에게 줄 수 있는 가장 소중한 자원이야."
"Beginner","valuable","She gave me some really valuable advice at just the right moment.","그녀는 딱 맞는 순간에 정말 귀한 조언을 해줬어."
"Beginner","valuable","The feedback was valuable, even though it was hard to hear.","듣기 힘들었지만 그 피드백은 소중했어."
"Beginner","variety","I love trying a wide variety of different foods when I travel.","여행할 때 다양한 음식을 먹어보는 걸 좋아해."
"Beginner","variety","Mixing up a variety of exercises keeps things from getting boring.","다양한 운동을 섞으면 지루해지지 않아."
"Beginner","variety","The store offers a great variety of options at very reasonable prices.","그 가게는 합리적인 가격에 다양한 선택지를 제공해."
"Beginner","various","There are various ways to approach this problem effectively.","이 문제에 효과적으로 접근하는 다양한 방법이 있어."
"Beginner","various","She has worked in various industries over the past ten years.","그녀는 지난 10년간 다양한 업계에서 일했어."
"Beginner","various","We considered various options before making the final decision.","최종 결정을 내리기 전에 다양한 옵션을 검토했어."
"Beginner","view","The view from the top of the hill was absolutely breathtaking.","언덕 꼭대기에서 본 경치는 정말 숨막히게 아름다웠어."
"Beginner","view","In my view, honesty is always the best policy in any situation.","내 관점에서는 어떤 상황에서도 솔직함이 최선이야."
"Beginner","view","Can we request a room with a sea view when we check in?","체크인할 때 바다가 보이는 방을 요청할 수 있을까?"
"Beginner","volunteer","She volunteers at the local food bank every Saturday morning.","그녀는 매주 토요일 아침 지역 푸드뱅크에서 자원봉사를 해."
"Beginner","volunteer","Volunteering is a great way to meet new people and give back.","자원봉사는 새로운 사람들을 만나고 사회에 환원하는 좋은 방법이야."
"Beginner","volunteer","He volunteered to help clean up after the community event.","그는 지역 행사 후 청소를 돕겠다고 자원했어."
"Beginner","waste","Don't waste time on things that don't really matter to you.","중요하지 않은 것들에 시간을 낭비하지 마."
"Beginner","waste","Try to reduce food waste by planning your meals ahead of time.","미리 식단을 계획해서 음식물 낭비를 줄이려고 노력해봐."
"Beginner","waste","It's a real waste of money to buy things you'll never actually use.","절대 쓰지 않을 물건을 사는 건 정말 돈 낭비야."
"Beginner","weakness","Knowing your weakness is the very first step toward improving it.","자신의 약점을 아는 게 그것을 개선하는 첫 번째 단계야."
"Beginner","weakness","My biggest weakness is that I tend to take on too much at once.","내 가장 큰 약점은 한꺼번에 너무 많은 걸 맡으려는 경향이야."
"Beginner","weakness","The team worked together to cover each other's weaknesses.","팀원들이 서로의 약점을 보완하기 위해 함께 노력했어."
"Beginner","willing","I'm willing to help out if you need an extra pair of hands.","사람이 더 필요하면 기꺼이 도와줄게."
"Beginner","willing","She's always willing to go the extra mile for her teammates.","그녀는 항상 팀원들을 위해 한 발짝 더 나아갈 의지가 있어."
"Beginner","willing","Are you willing to try something completely new and different?","완전히 새롭고 다른 것을 시도해볼 의지가 있어?"
"Beginner","worldwide","The app has users worldwide, which is pretty incredible.","그 앱은 전 세계에 사용자가 있어, 정말 놀라워."
"Beginner","worldwide","The pandemic affected people worldwide in very different ways.","팬데믹은 전 세계 사람들에게 각기 다른 방식으로 영향을 미쳤어."
"Beginner","worldwide","Her music became popular worldwide almost overnight.","그녀의 음악은 거의 하룻밤 사이에 전 세계적으로 인기를 끌었어."
"Beginner","worth","Is this restaurant really worth the price?","이 식당이 그 가격을 낼 만큼 가치가 있어?"
"Beginner","worth","Every minute spent with the people you love is absolutely worth it.","사랑하는 사람들과 함께하는 모든 순간은 절대적으로 가치 있어."
"Beginner","worth","Learning a new skill is always worth the time and effort.","새로운 기술을 배우는 건 언제나 시간과 노력을 들일 가치가 있어."
"Beginner","basically","Basically, we just need to follow the same steps as last time.","기본적으로 지난번과 같은 단계를 따르기만 하면 돼."
"Beginner","basically","The idea is basically simple, but the execution is quite tricky.","아이디어 자체는 기본적으로 단순하지만 실행은 꽤 까다로워."
"Beginner","basically","She basically saved the entire project with that one brilliant idea.","그녀가 그 한 가지 뛰어난 아이디어로 프로젝트 전체를 살렸어."
"Beginner","clearly","Can you explain that a bit more clearly? I'm a little confused.","조금 더 명확하게 설명해줄 수 있어? 좀 헷갈려."
"Beginner","clearly","She spoke clearly and confidently in front of the large audience.","그녀는 많은 청중 앞에서 명확하고 자신감 있게 말했어."
"Beginner","clearly","It was clearly a mistake, but we learned a lot from it.","그건 분명히 실수였지만 많은 걸 배웠어."
"Beginner","completely","I completely forgot about the meeting — I'm so sorry!","회의를 완전히 잊어버렸어, 정말 미안해!"
"Beginner","completely","The renovation completely transformed the look of the apartment.","리노베이션이 아파트의 모습을 완전히 바꿔놨어."
"Beginner","completely","I'm not completely sure yet, but I'll let you know as soon as I am.","아직 완전히 확신하진 않지만 확신이 생기는 즉시 알려줄게."
"Beginner","currently","I'm currently working on a project that's due next Friday.","다음 주 금요일 마감인 프로젝트를 현재 진행 중이야."
"Beginner","currently","The restaurant is currently closed for renovation until next month.","그 식당은 다음 달까지 리노베이션으로 현재 문을 닫았어."
"Beginner","currently","She's currently living in Berlin but plans to move back soon.","그녀는 현재 베를린에 살고 있지만 곧 돌아올 계획이야."
"Beginner","directly","Please contact me directly if you have any questions at all.","궁금한 게 있으면 저에게 직접 연락해주세요."
"Beginner","directly","She addressed the issue directly rather than dancing around it.","그녀는 문제를 돌려말하지 않고 직접 언급했어."
"Beginner","directly","The shop is directly across from the train station — hard to miss.","그 가게는 기차역 바로 맞은편에 있어, 놓치기 힘들어."
"Beginner","especially","I love autumn, especially when the leaves start to change colour.","가을이 정말 좋아, 특히 단풍이 물들기 시작할 때."
"Beginner","especially","Be especially careful when crossing this particular road.","이 길을 건널 때는 특히 조심해."
"Beginner","especially","This dish is especially popular during the holiday season.","이 요리는 명절 시즌에 특히 인기야."
"Beginner","eventually","Eventually, all the hard work you put in will pay off.","결국에는 네가 들인 모든 노력이 결실을 맺을 거야."
"Beginner","eventually","We eventually found a solution that everyone was happy with.","결국에는 모두가 만족하는 해결책을 찾았어."
"Beginner","eventually","She eventually decided to follow her passion and start her own business.","그녀는 결국 자신의 열정을 따라 자신만의 사업을 시작하기로 했어."
"Beginner","exactly","That's exactly what I was thinking — you read my mind!","그게 정확히 내가 생각하던 거야, 내 마음을 읽었네!"
"Beginner","exactly","Can you tell me exactly when the package is expected to arrive?","소포가 정확히 언제 도착하는지 알려줄 수 있어?"
"Beginner","exactly","We're not exactly sure yet, but we're actively working on it.","아직 정확히는 모르지만 열심히 알아보고 있어."
"Beginner","generally","Generally speaking, I prefer home-cooked food over eating out.","일반적으로 말하면 나는 외식보다 집밥을 더 좋아해."
"Beginner","generally","The project is generally going well, with just a few minor hiccups.","프로젝트는 몇 가지 사소한 문제를 제외하면 전반적으로 잘 진행되고 있어."
"Beginner","generally","People generally feel much better after getting a good night's sleep.","사람들은 일반적으로 충분히 자고 나면 훨씬 더 좋아져."
"Beginner","gradually","My confidence gradually improved the more I practised.","연습할수록 자신감이 점점 향상됐어."
"Beginner","gradually","The weather is gradually getting warmer as spring arrives.","봄이 오면서 날씨가 서서히 따뜻해지고 있어."
"Beginner","gradually","She gradually took on more responsibility at work over time.","그녀는 시간이 지나면서 서서히 더 많은 책임을 맡게 됐어."
"Beginner","however","I really wanted to go; however, I had way too much work.","정말 가고 싶었어, 하지만 일이 너무 많았어."
"Beginner","however","The food was delicious. However, the service was a bit slow.","음식은 맛있었어. 하지만 서비스가 좀 느렸어."
"Beginner","however","He's very friendly; however, he can be a bit stubborn sometimes.","그는 굉장히 친절해, 하지만 가끔 좀 고집스러울 때가 있어."
"Beginner","immediately","Please call me immediately if anything unexpected goes wrong.","예상치 못한 문제가 생기면 즉시 전화해줘."
"Beginner","immediately","I immediately recognized her voice the moment she spoke.","그녀가 말을 시작하자마자 즉시 목소리를 알아봤어."
"Beginner","immediately","The issue was fixed immediately after we reported it to the team.","팀에 보고하자마자 문제가 바로 해결됐어."
"Beginner","mainly","I work mainly from home, but go into the office twice a week.","주로 재택근무를 하지만 일주일에 두 번은 사무실에 가."
"Beginner","mainly","The delay was mainly due to the unexpected bad weather conditions.","지연은 주로 예상치 못한 악천후 때문이었어."
"Beginner","mainly","She mainly reads non-fiction but enjoys the occasional novel too.","그녀는 주로 논픽션을 읽지만 가끔 소설도 즐겨."
"Beginner","meanwhile","I'll prepare the ingredients; meanwhile, you can set the table.","내가 재료를 준비할 테니 그 사이에 상 차려줘."
"Beginner","meanwhile","She's studying hard for exams; meanwhile, her friends are on vacation.","그녀는 시험 공부에 열중하고 있어, 그 사이 친구들은 휴가를 보내고 있지."
"Beginner","meanwhile","The main project is almost done. Meanwhile, let's keep communicating daily.","메인 프로젝트가 거의 끝나가. 그 사이에 매일 소통을 이어나가자."
"Beginner","mostly","I mostly eat healthy, but I do allow myself a treat sometimes.","주로 건강하게 먹지만 가끔은 맛있는 걸 허락해."
"Beginner","mostly","The reviews were mostly positive, which was really reassuring.","후기가 대부분 긍정적이어서 정말 안심이 됐어."
"Beginner","mostly","We mostly agree, but there are still a few things left to sort out.","대부분 동의하지만 아직 정리해야 할 게 몇 가지 있어."
"Beginner","nearly","I've nearly finished the book — just a couple of chapters left.","책을 거의 다 읽었어, 이제 몇 챕터만 남았어."
"Beginner","nearly","It's nearly time to go — are you ready to head out?","이제 거의 출발할 시간이야, 나갈 준비됐어?"
"Beginner","nearly","We walked nearly ten kilometres without even realising it.","거의 10킬로미터를 걸었는데 그것도 모르고 있었어."
"Beginner","obviously","Obviously, you need to practise regularly if you want to improve.","당연히, 실력을 키우려면 꾸준히 연습해야 해."
"Beginner","obviously","He was obviously exhausted after the long and tiring journey.","그는 길고 피곤한 여정 후에 분명히 지쳐 있었어."
"Beginner","obviously","This is obviously a decision that requires very careful thought.","이건 분명히 매우 신중한 고민이 필요한 결정이야."
"Beginner","overall","Overall, the trip was a great success and everyone had fun.","전반적으로 여행은 대성공이었고 모두가 즐거운 시간을 보냈어."
"Beginner","overall","The overall quality of the work submitted was really impressive.","제출된 작업물의 전반적인 품질이 정말 인상적이었어."
"Beginner","overall","I'm really happy with how everything turned out overall.","전반적으로 모든 게 잘 마무리돼서 정말 만족스러워."
"Beginner","probably","It'll probably rain this afternoon, so bring an umbrella just in case.","오늘 오후에 비가 올 것 같으니 우산을 챙겨가."
"Beginner","probably","She's probably the most dedicated person on the entire team.","그녀는 아마 팀 전체에서 가장 헌신적인 사람일 거야."
"Beginner","probably","I'll probably just stay in this weekend and get some rest.","이번 주말에는 그냥 집에서 쉬다가 올 것 같아."
"Beginner","seriously","You should seriously consider applying for that senior position.","그 상위 직책에 지원하는 걸 진지하게 고려해봐."
"Beginner","seriously","I wasn't being serious — it was just a lighthearted joke!","진지하게 한 말이 아니었어, 그냥 가벼운 농담이었어!"
"Beginner","seriously","This issue is serious and needs to be addressed right away.","이 문제는 심각하고 즉시 해결해야 해."
"Beginner","significantly","Prices have increased significantly over the past year or so.","지난 1년 사이에 가격이 상당히 올랐어."
"Beginner","significantly","The new software significantly improved our daily workflow.","새로운 소프트웨어가 우리의 일상 업무 흐름을 크게 개선시켰어."
"Beginner","significantly","Her performance improved significantly after the extra training sessions.","추가 교육 세션 이후 그녀의 성과가 크게 향상됐어."
"Beginner","simply","Simply put, we need to work smarter, not just harder.","간단히 말해서, 우리는 더 열심히가 아니라 더 스마트하게 일해야 해."
"Beginner","simply","The recipe is simply delicious and surprisingly easy to make.","그 레시피는 맛이 그냥 기가 막히고 놀라울 만큼 만들기 쉬워."
"Beginner","simply","I was simply trying to help — there's no need to overthink it.","그냥 도우려고 한 거야, 너무 복잡하게 생각할 필요 없어."
"Beginner","surprisingly","Surprisingly, the movie turned out to be really entertaining.","놀랍게도 그 영화가 정말 재미있었어."
"Beginner","surprisingly","The exam was surprisingly easy compared to what I had prepared for.","시험이 내가 준비한 것에 비해 놀랍도록 쉬웠어."
"Beginner","surprisingly","She handled the whole situation surprisingly well for her first time.","그녀는 처음임에도 불구하고 놀랍도록 상황을 잘 처리했어."
"Beginner","therefore","It was raining heavily; therefore, we decided to stay in.","비가 많이 왔어, 그래서 우리는 집에 있기로 했어."
"Beginner","therefore","He didn't study for the exam and therefore didn't pass.","그는 시험공부를 하지 않았고 그래서 통과하지 못했어."
"Beginner","therefore","The project is behind schedule; therefore, we need to work faster.","프로젝트가 일정보다 뒤처져 있어, 그러므로 더 빨리 일해야 해."
"Beginner","typically","I typically wake up around 7 a.m. on weekdays.","나는 평일에 보통 오전 7시쯤 일어나."
"Beginner","typically","Meetings here typically run for about an hour.","여기서 회의는 보통 한 시간 정도 진행돼."
"Beginner","typically","He typically orders the same thing every time we go out to eat.","그는 우리가 외식할 때마다 보통 똑같은 걸 시켜."
"Beginner","unfortunately","Unfortunately, the outdoor event was canceled due to bad weather.","안타깝게도 야외 행사가 악천후로 인해 취소됐어."
"Beginner","unfortunately","I won't be able to make it to the party, unfortunately.","안타깝게도 파티에 참석하지 못할 것 같아."
"Beginner","unfortunately","Unfortunately, we don't have any availability on that date.","안타깝게도 그 날짜에는 예약 가능한 자리가 없어요."
"Beginner","usually","I usually make my own lunch to save a bit of money.","돈을 조금 아끼려고 보통 직접 점심을 싸."
"Beginner","usually","She usually finishes work by 6 p.m. and heads straight home.","그녀는 보통 오후 6시에 퇴근해서 바로 집으로 가."
"Beginner","usually","We usually meet up for coffee on Sunday mornings.","우리는 보통 일요일 아침에 커피를 마시러 만나."
"Beginner","widely","This technique is widely used across the industry.","이 기법은 업계 전반에 걸쳐 널리 사용돼."
"Beginner","widely","Her work is widely recognized and respected by her peers.","그녀의 작업은 동료들 사이에서 널리 인정받고 존중받아."
"Beginner","widely","The information is widely available online for free.","그 정보는 온라인에서 무료로 널리 구할 수 있어."
"Beginner","actually","I actually enjoyed the presentation more than I expected to.","발표가 예상보다 실제로 더 재미있었어."
"Beginner","actually","Are you actually thinking about quitting your job?","진짜로 일을 그만둘 생각을 하고 있어?"
"Beginner","actually","It's actually not as complicated as it looks at first glance.","처음 봤을 때만큼 사실 복잡하지 않아."
"Beginner","ability","She has a remarkable ability to stay calm under pressure.","그녀는 압박감 속에서도 침착함을 유지하는 놀라운 능력이 있어."
"Beginner","ability","Don't underestimate your ability to learn new things.","새로운 것을 배울 수 있는 자신의 능력을 과소평가하지 마."
"Beginner","ability","The role requires strong communication ability and teamwork skills.","그 역할은 강한 의사소통 능력과 팀워크 기술이 필요해."
"Beginner","academic","Her academic performance has improved a lot this semester.","그녀의 학업 성취도가 이번 학기에 많이 향상됐어."
"Beginner","academic","He's interested in pursuing an academic career in research.","그는 연구 분야에서 학문적 커리어를 추구하는 데 관심이 있어."
"Beginner","academic","The library has an extensive collection of academic journals.","도서관에는 방대한 학술 저널 컬렉션이 있어."
"Beginner","accommodation","We booked accommodation near the city centre for the whole trip.","여행 내내 시내 중심부 근처에 숙소를 예약했어."
"Beginner","accommodation","The accommodation was clean, comfortable, and great value for money.","숙소가 깨끗하고 편안했으며 가성비도 훌륭했어."
"Beginner","accommodation","Can you help me find affordable accommodation in this area?","이 지역에서 저렴한 숙소를 찾는 걸 도와줄 수 있어?"
"Beginner","accomplish","She accomplished everything on her to-do list before noon.","그녀는 정오 전에 할 일 목록에 있는 모든 것을 해냈어."
"Beginner","accomplish","It feels amazing to accomplish something you've worked really hard for.","정말 열심히 노력한 것을 이뤄냈을 때 기분이 정말 좋아."
"Beginner","accomplish","What do you hope to accomplish in the next five years?","앞으로 5년 안에 어떤 것을 이루고 싶어?"
"Beginner","account","I set up a new savings account at the bank last week.","지난주에 은행에 새 적금 계좌를 만들었어."
"Beginner","account","Please create an account before placing your first order.","첫 주문을 하기 전에 계정을 만들어주세요."
"Beginner","account","He gave a detailed account of everything that happened that day.","그는 그날 일어난 모든 일을 상세하게 설명했어."
"Beginner","achievement","Getting promoted was a huge personal achievement for her.","승진은 그녀에게 큰 개인적 성취였어."
"Beginner","achievement","We celebrated the team's achievement with a dinner out together.","우리는 팀의 성과를 함께 외식으로 축하했어."
"Beginner","achievement","Don't compare your achievements to other people's — everyone moves at their own pace.","자신의 성취를 다른 사람과 비교하지 마, 누구나 자신만의 속도로 나아가."
"Beginner","acknowledge","He acknowledged that he had made a mistake and apologized sincerely.","그는 실수를 했다는 걸 인정하고 진심으로 사과했어."
"Beginner","acknowledge","It's important to acknowledge the contributions of everyone on the team.","팀의 모든 사람이 기여한 것을 인정하는 게 중요해."
"Beginner","acknowledge","She acknowledged my effort, which made me feel genuinely valued.","그녀가 내 노력을 인정해줬고 덕분에 진심으로 인정받는 느낌이었어."
"Beginner","activity","My favourite outdoor activity is cycling along the river path.","내가 가장 좋아하는 야외 활동은 강변 길을 따라 자전거 타는 거야."
"Beginner","activity","Finding an activity the whole family enjoys can be tricky.","온 가족이 즐길 수 있는 활동을 찾는 건 쉽지 않아."
"Beginner","activity","Regular physical activity is essential for a healthy lifestyle.","규칙적인 신체 활동은 건강한 생활을 위해 필수야."
"Beginner","advertisement","I came across an advertisement for this product on social media.","소셜미디어에서 이 제품 광고를 우연히 봤어."
"Beginner","advertisement","The advertisement was so creative that it went viral overnight.","그 광고가 너무 창의적이어서 하룻밤 사이에 입소문을 탔어."
"Beginner","advertisement","They invested a huge budget in TV advertisements this season.","이번 시즌에 TV 광고에 막대한 예산을 투자했어."
"Beginner","affordable","Is there an affordable option on the menu that you'd recommend?","메뉴에서 추천할 만한 저렴한 옵션이 있어?"
"Beginner","affordable","This neighbourhood is popular because the rent is still quite affordable.","이 동네는 임대료가 아직 꽤 저렴해서 인기가 많아."
"Beginner","affordable","Affordable healthcare should be accessible to everyone, regardless of income.","저렴한 의료 서비스는 소득과 관계없이 누구나 이용할 수 있어야 해."
"Beginner","agreement","We finally reached an agreement after a long and productive discussion.","길고 생산적인 논의 끝에 마침내 합의에 도달했어."
"Beginner","agreement","Please read the terms of the agreement carefully before signing.","서명하기 전에 합의서의 조항을 주의 깊게 읽어봐."
"Beginner","agreement","The two sides came to an agreement on the most important issues.","양측이 가장 중요한 사안들에 대해 합의에 이르렀어."
"Beginner","alternative","Is there an alternative route we can take to avoid the traffic?","교통 체증을 피할 수 있는 대안 경로가 있어?"
"Beginner","alternative","We need to find an alternative solution to this ongoing problem.","이 계속되는 문제에 대한 대안적인 해결책을 찾아야 해."
"Beginner","alternative","She chose an alternative career path and never once looked back.","그녀는 다른 커리어 경로를 선택했고 한 번도 후회하지 않았어."
"Beginner","analysis","The analysis showed that customer satisfaction had significantly improved.","분석 결과 고객 만족도가 크게 향상됐음이 나타났어."
"Beginner","analysis","A detailed analysis of the data revealed some truly surprising trends.","데이터에 대한 상세한 분석이 정말 놀라운 트렌드를 드러냈어."
"Beginner","analysis","Can you send me your full analysis of the current situation?","현재 상황에 대한 전체 분석 내용을 보내줄 수 있어?"
"Beginner","application","I submitted my job application online yesterday afternoon.","어제 오후에 입사 지원서를 온라인으로 제출했어."
"Beginner","application","The application process was surprisingly straightforward and quick.","지원 과정이 놀랍도록 간단하고 빨랐어."
"Beginner","application","This technology has many useful practical applications in daily life.","이 기술은 일상생활에서 실용적으로 활용할 수 있는 곳이 많아."
"Beginner","appreciation","I want to express my deep appreciation for everything you've done.","당신이 해준 모든 것에 깊은 감사를 표하고 싶어."
"Beginner","appreciation","A small gesture of appreciation can go a very long way.","작은 감사 표현이 큰 힘이 될 수 있어."
"Beginner","appreciation","She showed her appreciation by writing a heartfelt thank-you note.","그녀는 진심 어린 감사 편지를 써서 고마움을 표현했어."
"Beginner","argument","We had a small argument but managed to resolve it quickly.","사소한 말다툼이 있었지만 빠르게 해결했어."
"Beginner","argument","His argument was clear, well-structured, and easy to follow.","그의 주장은 명확하고 체계적이어서 따라가기 쉬웠어."
"Beginner","argument","Try to avoid starting an argument when emotions are running high.","감정이 격해졌을 때 말다툼을 시작하는 건 피하려고 해."
"Beginner","assessment","The teacher gave a fair and thorough assessment of each student.","선생님은 각 학생에 대해 공정하고 철저한 평가를 해줬어."
"Beginner","assessment","We need a proper risk assessment before we move any further.","더 진행하기 전에 적절한 위험 평가가 필요해."
"Beginner","assessment","He passed the initial assessment and moved on to the next stage.","그는 첫 번째 평가를 통과하고 다음 단계로 넘어갔어."
"Beginner","atmosphere","The restaurant has a really warm and cozy atmosphere I love.","그 식당은 내가 정말 좋아하는 따뜻하고 아늑한 분위기야."
"Beginner","atmosphere","The atmosphere at the concert was absolutely electric and unforgettable.","콘서트 분위기는 완전히 전기가 흐르듯 짜릿하고 잊을 수 없었어."
"Beginner","atmosphere","A positive atmosphere at work makes such an enormous difference.","직장 내 긍정적인 분위기는 정말 큰 차이를 만들어."
"Beginner","audience","The audience burst into applause at the very end of the show.","공연이 끝나자 관객들이 일제히 박수를 터뜨렸어."
"Beginner","audience","She spoke directly to her audience in a clear and engaging way.","그녀는 명확하고 흥미로운 방식으로 청중에게 직접 말했어."
"Beginner","audience","Always know your audience before you start writing or presenting.","글을 쓰거나 발표하기 전에 항상 대상 청중을 파악해."
"Beginner","authority","She spoke with real authority on the topic — clearly an expert.","그녀는 그 주제에 대해 진정한 권위를 가지고 말했어, 분명히 전문가야."
"Beginner","authority","The local authority is responsible for road maintenance in this area.","지방 당국이 이 지역의 도로 유지 보수를 담당하고 있어."
"Beginner","authority","It's healthy to question authority when something doesn't seem right.","뭔가 옳지 않다고 느껴질 때 권위에 의문을 제기하는 건 건강한 태도야."
"Beginner","avoid","I try to avoid eating too much sugar, especially late at night.","특히 늦은 밤에는 설탕을 너무 많이 먹지 않으려고 해."
"Beginner","avoid","He avoided the sensitive topic because it made him uncomfortable.","그는 불편함을 느껴서 민감한 주제를 피했어."
"Beginner","avoid","To avoid the crowds, try visiting the museum on a weekday morning.","사람 많은 걸 피하려면 평일 아침에 박물관을 방문해봐."
"Beginner","background","She comes from a strong background in engineering and design.","그녀는 공학과 디자인 분야에서 탄탄한 배경을 갖고 있어."
"Beginner","background","The background music in the café was soft and really relaxing.","카페의 배경 음악이 부드럽고 정말 마음이 편안해졌어."
"Beginner","background","Could you give me some background on this project before we start?","시작하기 전에 이 프로젝트에 대한 배경 설명을 해줄 수 있어?"
"Beginner","boundary","It's really important to set clear boundaries in any relationship.","어떤 관계에서든 명확한 경계선을 정하는 게 정말 중요해."
"Beginner","boundary","He crossed a boundary and gently needed to be reminded of the rules.","그는 선을 넘었고 부드럽게 규칙을 상기시켜 줄 필요가 있었어."
"Beginner","boundary","Learning to say no is a key part of maintaining healthy boundaries.","거절하는 법을 배우는 건 건강한 경계를 유지하는 핵심이야."
"Beginner","capability","The new software has some truly impressive capabilities.","새 소프트웨어는 정말 인상적인 기능들이 있어."
"Beginner","capability","Never underestimate your own capability to grow and improve.","성장하고 발전할 수 있는 자신의 역량을 절대 과소평가하지 마."
"Beginner","capability","The team has the capability to handle this project with ease.","팀은 이 프로젝트를 거뜬히 처리할 역량이 있어."
"Beginner","capacity","The venue has a maximum capacity of about five hundred people.","그 행사장은 최대 500명을 수용할 수 있어."
"Beginner","capacity","I'm working at full capacity right now, but I can help soon.","지금은 전력으로 일하고 있지만 곧 도와줄 수 있어."
"Beginner","capacity","She has the capacity to manage multiple projects at the same time.","그녀는 여러 프로젝트를 동시에 관리할 역량이 있어."
"Beginner","category","Which category does this product actually fall under?","이 제품이 어느 카테고리에 해당하는 거야?"
"Beginner","category","She won first place in the junior category at the competition.","그녀는 대회 주니어 부문에서 1등을 했어."
"Beginner","category","The app lets you easily sort your expenses by category.","그 앱을 사용하면 지출을 카테고리별로 쉽게 분류할 수 있어."
"Beginner","challenge","Starting a new job is always a challenge in the beginning.","새로운 직장을 시작하는 건 처음에는 항상 도전이야."
"Beginner","challenge","She loves a good challenge and never backs down from one.","그녀는 좋은 도전을 좋아하고 절대 물러서지 않아."
"Beginner","challenge","The biggest challenge was managing everything on a very tight budget.","가장 큰 도전은 빠듯한 예산으로 모든 걸 관리하는 거였어."
"Beginner","characteristic","Kindness and generosity are his most admirable characteristics.","친절함과 관대함이 그의 가장 훌륭한 특성이야."
"Beginner","characteristic","Each region has its own unique cultural characteristics and traditions.","각 지역은 고유한 문화적 특성과 전통이 있어."
"Beginner","characteristic","What are the key characteristics of an effective leader?","효과적인 리더의 핵심 특성이 뭐야?"
"Beginner","childhood","He has wonderful childhood memories of long summers by the sea.","그는 바닷가에서 보낸 긴 여름들의 아름다운 어린 시절 추억이 있어."
"Beginner","childhood","Her childhood dream was to become a scientist and explore the unknown.","그녀의 어린 시절 꿈은 과학자가 되어 미지의 세계를 탐험하는 거였어."
"Beginner","childhood","Childhood friendships can last a lifetime if you put in the effort.","어린 시절 우정은 노력하면 평생 지속될 수 있어."
"Beginner","colleague","A kind colleague helped me out when I was completely overwhelmed.","내가 완전히 지쳐 있을 때 친절한 동료가 도와줬어."
"Beginner","colleague","It's so important to maintain good relationships with your colleagues.","동료들과 좋은 관계를 유지하는 건 정말 중요해."
"Beginner","colleague","A group of colleagues and I went out for lunch together after the meeting.","회의 후에 동료들과 함께 점심을 먹으러 나갔어."
"Beginner","combination","The combination of fresh ingredients really makes this dish special.","신선한 재료의 조합이 이 요리를 특별하게 만들어."
"Beginner","combination","It's a wonderful combination of great style and everyday practicality.","훌륭한 스타일과 실용성의 멋진 조합이야."
"Beginner","combination","The combination of hard work and creative thinking led to success.","열심히 노력하는 것과 창의적 사고의 조합이 성공으로 이어졌어."
"Beginner","commitment","Her commitment to the project was evident from day one.","프로젝트에 대한 그녀의 헌신은 첫날부터 분명했어."
"Beginner","commitment","Marriage is a big commitment, but also an incredibly rewarding one.","결혼은 큰 헌신이지만 믿을 수 없을 만큼 보람 있는 일이기도 해."
"Beginner","commitment","Thank you for your ongoing commitment to making this work.","이것이 잘 되도록 지속적으로 헌신해줘서 고마워."
"Beginner","community","She plays a very active and valued role in her local community.","그녀는 지역 사회에서 매우 적극적이고 소중한 역할을 해."
"Beginner","community","Building a real sense of community in the workplace takes time and effort.","직장에서 진정한 공동체 의식을 만드는 데는 시간과 노력이 필요해."
"Beginner","community","The whole community came together to support the family in need.","공동체 전체가 어려운 처지의 가족을 돕기 위해 하나가 됐어."
"Beginner","component","Each component of the overall plan needs to be carefully reviewed.","전체 계획의 각 구성 요소를 주의 깊게 검토해야 해."
"Beginner","component","Trust is a key component of any strong and lasting relationship.","신뢰는 강하고 지속적인 모든 관계의 핵심 요소야."
"Beginner","component","Make sure all the components are properly in place before assembling.","조립하기 전에 모든 부품이 제대로 제자리에 있는지 확인해."
"Beginner","concept","The concept behind the app is brilliantly simple yet very effective.","그 앱의 개념은 간단하지만 매우 효과적이야."
"Beginner","concept","I love the concept, but the execution still needs some work.","개념은 마음에 드는데 실행 부분은 아직 손봐야 할 것 같아."
"Beginner","concept","He explained the abstract concept in a way that everyone could understand.","그는 추상적인 개념을 모두가 이해할 수 있는 방식으로 설명했어."
"Beginner","consequence","Every decision has consequences, so it's worth thinking things through.","모든 결정에는 결과가 따르니 충분히 생각해볼 만한 가치가 있어."
"Beginner","consequence","As a direct consequence of the delay, we ended up missing the deadline.","지연의 직접적인 결과로 우리는 결국 마감일을 놓쳤어."
"Beginner","consequence","She fully understood the consequences and accepted full responsibility.","그녀는 결과를 완전히 이해하고 전적으로 책임을 받아들였어."
"Beginner","contribution","Everyone's contribution to the project was noticed and truly valued.","프로젝트에 대한 모든 사람의 기여가 인정받고 진심으로 소중히 여겨졌어."
"Beginner","contribution","She made a significant and lasting contribution to the research field.","그녀는 연구 분야에 중요하고 오래 남을 기여를 했어."
"Beginner","contribution","Even the smallest contribution can make a surprisingly big difference.","아무리 작은 기여라도 놀라울 만큼 큰 차이를 만들 수 있어."
"Beginner","cope","How do you usually cope with stress when work gets overwhelming?","일이 버거워질 때 스트레스를 보통 어떻게 해소해?"
"Beginner","cope","It can be really hard to cope with sudden and unexpected changes.","갑작스럽고 예기치 않은 변화에 대처하는 건 정말 힘들 수 있어."
"Beginner","cope","She found healthy and effective ways to cope with all the pressure.","그녀는 모든 압박을 이겨내는 건강하고 효과적인 방법을 찾았어."
"Beginner","corporate","He spent over fifteen years in the corporate world before going solo.","그는 독립하기 전에 기업 세계에서 15년 넘게 일했어."
"Beginner","corporate","The corporate culture here is open, collaborative, and very supportive.","여기의 기업 문화는 개방적이고 협력적이며 매우 지지적이야."
"Beginner","corporate","Corporate social responsibility has become increasingly important to consumers.","기업의 사회적 책임이 소비자들에게 점점 더 중요해지고 있어."
"Beginner","criticism","Constructive criticism helps you grow, even when it's hard to hear.","건설적인 비판은 듣기 힘들 때도 성장하는 데 도움이 돼."
"Beginner","criticism","She handled all the criticism gracefully and used it to improve.","그녀는 모든 비판을 우아하게 받아들이고 발전의 기회로 삼았어."
"Beginner","criticism","It's important to separate personal feelings from professional criticism.","개인적인 감정과 직업적인 비판을 분리하는 게 중요해."
"Beginner","decade","A lot has changed in technology over the past decade.","지난 10년간 기술 분야에서 많은 것이 변했어."
"Beginner","decade","She has spent an entire decade building her successful medical career.","그녀는 성공적인 의료 커리어를 쌓는 데 10년을 온전히 바쳤어."
"Beginner","decade","Some of the best films of the decade came out in the early 2010s.","그 10년의 최고 영화 중 일부는 2010년대 초에 나왔어."
"Beginner","decision","Taking your time before making a major decision is always wise.","중요한 결정을 내리기 전에 충분히 시간을 갖는 건 항상 현명해."
"Beginner","decision","It was her decision to make, and she stood by it confidently.","그녀가 내려야 할 결정이었고, 그녀는 자신감 있게 그 결정을 지켰어."
"Beginner","decision","Making sound decisions under pressure is a skill worth developing.","압박감 속에서 올바른 결정을 내리는 건 개발할 가치가 있는 기술이야."
"Beginner","decline","Sales declined sharply in the third quarter due to market changes.","시장 변화로 인해 3분기에 매출이 급격히 감소했어."
"Beginner","decline","She politely declined the invitation due to prior commitments.","그녀는 먼저 잡힌 약속으로 인해 초대를 정중히 거절했어."
"Beginner","decline","There has been a noticeable decline in people reading print newspapers.","종이 신문을 읽는 사람이 눈에 띄게 줄었어."
"Beginner","dedication","His dedication to his craft is truly what sets him apart from others.","자신의 일에 대한 그의 헌신이 그를 다른 사람들과 구별 짓는 것이야."
"Beginner","dedication","The whole team's dedication is what ultimately made the project a success.","팀 전체의 헌신이 결국 프로젝트를 성공으로 이끈 거야."
"Beginner","dedication","Great teaching requires patience, genuine passion, and total dedication.","훌륭한 가르침은 인내심, 진정한 열정, 그리고 완전한 헌신이 필요해."
"Beginner","demand","The demand for electric vehicles has been growing rapidly.","전기차에 대한 수요가 빠르게 증가하고 있어."
"Beginner","demand","She's in high demand as a speaker and consultant in her field.","그녀는 자신의 분야에서 강연자이자 컨설턴트로 수요가 높아."
"Beginner","demand","Don't let anyone demand more from you than is actually reasonable.","누구도 당신에게 합리적인 것 이상을 요구하게 두지 마."
"Beginner","determination","Her determination to succeed never wavered, even in the toughest times.","성공하겠다는 그녀의 결의는 가장 힘든 시간에도 흔들리지 않았어."
"Beginner","determination","With enough determination, almost anything is possible if you keep going.","충분한 결의가 있다면 계속 나아가는 한 거의 모든 것이 가능해."
"Beginner","determination","The team's determination carried them all the way through to the final.","팀의 결의가 그들을 끝까지 결승전으로 이끌었어."
"Beginner","digital","We live in an increasingly digital world and need to adapt.","우리는 점점 더 디지털화되는 세상에 살고 있고 적응해야 해."
"Beginner","digital","The company is going through a major digital transformation.","회사가 대규모 디지털 전환을 진행하고 있어."
"Beginner","digital","My grandmother recently switched to a digital photo frame — she loves it.","할머니가 최근에 디지털 사진 액자로 바꾸셨는데 정말 좋아하셔."
"Beginner","disadvantage","One disadvantage of remote work is feeling isolated from the team.","원격 근무의 단점 중 하나는 팀에서 고립감을 느끼는 거야."
"Beginner","disadvantage","She started at a real disadvantage but worked incredibly hard to catch up.","그녀는 불리한 상황에서 시작했지만 따라잡기 위해 엄청나게 노력했어."
"Beginner","disadvantage","Every approach has its advantages and disadvantages — weigh them carefully.","모든 방법에는 장단점이 있어, 신중하게 따져봐."
"Beginner","discipline","Discipline is the single most important key to achieving long-term goals.","자기 규율이 장기적인 목표를 달성하는 데 가장 중요한 열쇠야."
"Beginner","discipline","He maintained strict discipline throughout his marathon training.","그는 마라톤 훈련 내내 엄격한 자기 규율을 유지했어."
"Beginner","discipline","Learning to be disciplined takes time and lots of consistent practice.","자기 규율을 배우는 데는 시간과 꾸준한 연습이 많이 필요해."
"Beginner","domestic","She actually prefers domestic travel over international trips these days.","그녀는 요즘 국제 여행보다 국내 여행을 더 선호해."
"Beginner","domestic","Domestic responsibilities are shared equally between the two of them.","집안일은 두 사람이 똑같이 나눠서 해."
"Beginner","domestic","The domestic market has been growing steadily over the past few years.","국내 시장이 지난 몇 년 동안 꾸준히 성장해왔어."
"Beginner","dominant","She became the dominant player in her field within just five years.","그녀는 불과 5년 만에 자신의 분야에서 지배적인 위치를 차지했어."
"Beginner","dominant","The dominant colour throughout the painting is a deep, rich blue.","그 그림 전체에서 지배적인 색상은 깊고 풍부한 파란색이야."
"Beginner","dominant","Their team has been dominant in the league throughout this entire season.","그들의 팀은 이번 시즌 내내 리그에서 우위를 점해왔어."
"Beginner","duration","The total duration of the flight is approximately eleven hours.","비행 총 시간은 약 11시간이야."
"Beginner","duration","For the duration of the meeting, please keep your phones on silent.","회의가 진행되는 동안은 핸드폰을 무음으로 해주세요."
"Beginner","duration","What's the expected duration of the renovation work?","리노베이션 공사가 얼마나 걸릴 예정이야?"
"Beginner","economic","The economic impact of the pandemic was deeply felt all over the world.","팬데믹의 경제적 영향은 전 세계적으로 크게 느껴졌어."
"Beginner","economic","She studied economic policy at university and went into public service.","그녀는 대학에서 경제 정책을 공부하고 공직에 들어갔어."
"Beginner","economic","Economic growth has been slow but fairly steady this year.","올해 경제 성장은 더디지만 꽤 꾸준해."
"Beginner","effective","Regular and honest feedback is one of the most effective ways to improve.","정기적이고 솔직한 피드백이 발전하는 가장 효과적인 방법 중 하나야."
"Beginner","effective","The new system is refreshingly simple and extremely effective.","새로운 시스템은 신선할 만큼 단순하고 매우 효과적이야."
"Beginner","effective","What's the most effective way to manage your time during a busy week?","바쁜 주에 시간을 관리하는 가장 효과적인 방법이 뭐야?"
"Beginner","emerge","New and unexpected opportunities often emerge from difficult situations.","새롭고 예상치 못한 기회들이 종종 어려운 상황에서 나타나."
"Beginner","emerge","She emerged from the whole experience significantly stronger than before.","그녀는 그 모든 경험을 통해 이전보다 훨씬 강해져서 나왔어."
"Beginner","emerge","A clear and consistent pattern began to emerge from all the data.","모든 데이터에서 명확하고 일관된 패턴이 나타나기 시작했어."
"Beginner","emphasis","The school places a great emphasis on developing creative thinking skills.","그 학교는 창의적 사고 기술 개발에 큰 비중을 둬."
"Beginner","emphasis","He spoke with real emphasis when making his most important points.","그는 가장 중요한 포인트를 이야기할 때 강조해서 말했어."
"Beginner","emphasis","There's far more emphasis these days on maintaining a healthy work-life balance.","요즘은 건강한 일과 삶의 균형을 유지하는 것에 훨씬 더 비중을 두고 있어."
"Beginner","engage","Try to actively engage with the material rather than just memorising it.","그냥 외우지 말고 내용에 적극적으로 참여해봐."
"Beginner","engage","She engages her audience incredibly well during every presentation.","그녀는 모든 발표에서 청중을 정말 잘 끌어들여."
"Beginner","engage","The campaign managed to engage millions of young people across the country.","그 캠페인은 전국 수백만 명의 젊은이들을 참여시키는 데 성공했어."
"Beginner","enhance","Adding a few plants can really enhance the look and feel of any space.","식물을 몇 개 놓으면 어떤 공간의 모습과 분위기를 정말 살릴 수 있어."
"Beginner","enhance","Regular practice will gradually enhance your skills over time.","꾸준한 연습이 시간이 지남에 따라 당신의 실력을 서서히 향상시킬 거야."
"Beginner","enhance","They introduced several new features to enhance the overall user experience.","전반적인 사용자 경험을 향상시키기 위해 여러 새로운 기능을 도입했어."
"Beginner","ensure","Please ensure that all the doors and windows are locked before leaving.","나가기 전에 모든 문과 창문이 잠겨 있는지 확인해주세요."
"Beginner","ensure","We need to ensure that every member of the team is on the same page.","팀의 모든 구성원이 같은 인식을 갖도록 확인해야 해."
"Beginner","ensure","Regular check-ins help ensure the project stays on track.","정기적인 확인이 프로젝트를 계획대로 유지하는 데 도움이 돼."
"Beginner","entire","I watched the entire series in just three days — it was that good.","그 드라마 전체를 단 3일 만에 봤어, 그만큼 재미있었어."
"Beginner","entire","She dedicated her entire career to helping underprivileged communities.","그녀는 커리어 전체를 소외된 지역사회 돕는 데 바쳤어."
"Beginner","entire","The entire team worked overtime to make sure they met the deadline.","팀 전체가 마감일을 맞추기 위해 야근을 했어."
"Beginner","essential","Quality sleep is absolutely essential for both mental and physical wellbeing.","양질의 수면은 정신적, 신체적 건강 모두에 절대적으로 필수야."
"Beginner","essential","Good communication is essential in any team environment.","좋은 의사소통은 어떤 팀 환경에서도 필수적이야."
"Beginner","essential","What are the most essential qualities you look for in a close friend?","친한 친구에게서 찾는 가장 필수적인 자질이 뭐야?"
"Beginner","evaluate","We need to carefully evaluate the situation before making any decisions.","어떤 결정을 내리기 전에 상황을 신중하게 평가해야 해."
"Beginner","evaluate","She took plenty of time to carefully evaluate all the available options.","그녀는 모든 가용 옵션을 신중하게 평가하기 위해 충분한 시간을 가졌어."
"Beginner","evaluate","The manager evaluates each employee's performance at the end of every quarter.","매니저는 분기 말에 각 직원의 성과를 평가해."
"Beginner","evolve","Language is constantly evolving right alongside the culture that uses it.","언어는 그것을 사용하는 문화와 함께 끊임없이 진화해."
"Beginner","evolve","The company has evolved significantly since its early days as a startup.","회사는 초창기 스타트업 시절 이후 크게 진화했어."
"Beginner","evolve","Her personal style has evolved a lot and become more refined over the years.","그녀의 개인 스타일은 수년에 걸쳐 많이 발전하고 더 세련되어졌어."
"Beginner","expand","The company plans to expand into several new markets next year.","회사가 내년에 여러 새로운 시장으로 사업을 확장할 계획이야."
"Beginner","expand","She's actively looking to expand her professional network in the industry.","그녀는 업계에서 전문적인 인맥을 적극적으로 확장하려 하고 있어."
"Beginner","expand","Reading widely is one of the best ways to expand your vocabulary and knowledge.","폭넓게 읽는 것이 어휘력과 지식을 넓히는 가장 좋은 방법 중 하나야."
"Beginner","expectation","Try not to set unrealistic expectations for yourself or for others.","자신이나 다른 사람에게 비현실적인 기대를 설정하지 않으려고 해."
"Beginner","expectation","The final product genuinely exceeded all of my expectations.","최종 제품이 내 모든 기대를 진심으로 뛰어넘었어."
"Beginner","expectation","Managing expectations clearly from the start is key to any successful project.","처음부터 기대치를 명확하게 관리하는 게 모든 성공적인 프로젝트의 핵심이야."
"Beginner","expertise","She brings a wealth of valuable expertise to the team.","그녀는 팀에 풍부하고 귀한 전문 지식을 가져와."
"Beginner","expertise","His deep expertise in finance was absolutely invaluable to the startup.","금융에 대한 그의 깊은 전문 지식이 그 스타트업에 정말 귀한 자산이었어."
"Beginner","expertise","It takes years of dedicated practice to develop genuine expertise in anything.","어떤 분야에서든 진정한 전문성을 개발하는 데는 수년간의 헌신적인 연습이 필요해."
"Beginner","explore","I love to explore new and unfamiliar neighbourhoods whenever I travel.","여행할 때마다 새롭고 낯선 동네를 탐험하는 걸 좋아해."
"Beginner","explore","Let's explore all the possible options before we make a final call.","최종 결정을 내리기 전에 가능한 모든 옵션을 탐색해보자."
"Beginner","explore","She explored several different career paths before finding her true passion.","그녀는 진정한 열정을 찾기 전에 여러 다른 커리어 경로를 탐색해봤어."
"Beginner","exposure","Early exposure to music can have enormous benefits for young children.","어린 시절 음악에 일찍 노출되는 것은 어린이들에게 엄청난 이점이 있어."
"Beginner","exposure","Travelling gives you direct exposure to different cultures and perspectives.","여행은 다양한 문화와 시각에 직접 노출될 기회를 줘."
"Beginner","exposure","The internship gave her valuable exposure to the inner workings of the industry.","인턴십은 그녀에게 업계의 내부 작동 방식에 대한 귀중한 경험을 줬어."
"Beginner","extensive","She has extensive experience managing large and complex projects.","그녀는 크고 복잡한 프로젝트를 관리하는 풍부한 경험이 있어."
"Beginner","extensive","The report required extensive research carried out over several months.","그 보고서는 수개월에 걸친 광범위한 연구가 필요했어."
"Beginner","extensive","The new park has extensive green spaces and facilities for everyone to enjoy.","새 공원에는 모두가 즐길 수 있는 넓은 녹지와 시설이 있어."
"Beginner","factor","Price is always an important factor to consider when making a purchase.","가격은 구매할 때 항상 고려해야 할 중요한 요소야."
"Beginner","factor","Several key factors contributed to the overall success of the project.","몇 가지 핵심 요소가 프로젝트 전체 성공에 기여했어."
"Beginner","factor","Chronic stress is a major contributing factor in many serious health problems.","만성 스트레스는 많은 심각한 건강 문제의 주요 원인이야."
"Beginner","flexible","The job offers flexible working hours, which is something I really value.","그 직업은 내가 정말 중요하게 여기는 유연한 근무 시간을 제공해."
"Beginner","flexible","Being flexible in your approach can lead to much better outcomes.","접근 방식에서 유연함을 갖추면 훨씬 더 좋은 결과로 이어질 수 있어."
"Beginner","flexible","She's incredibly flexible and always adapts quickly to new situations.","그녀는 믿을 수 없을 만큼 유연해서 새로운 상황에 항상 빠르게 적응해."
"Beginner","foundation","A strong and solid foundation is absolutely essential for any long-term project.","탄탄하고 견고한 토대는 모든 장기 프로젝트에 절대적으로 필수야."
"Beginner","foundation","They built their entire relationship on a solid foundation of mutual trust.","그들은 서로에 대한 신뢰라는 탄탄한 토대 위에 관계 전체를 세웠어."
"Beginner","foundation","Good habits formed in youth lay the foundation for a healthy and fulfilling life.","어린 시절에 형성된 좋은 습관이 건강하고 충만한 삶의 토대를 만들어."
"Beginner","frequency","The frequency of bus services has increased significantly during peak hours.","러시아워 동안 버스 운행 빈도가 크게 증가했어."
"Beginner","frequency","She exercises with great frequency — almost every single day without fail.","그녀는 매우 자주 운동해, 거의 매일 빠지지 않고."
"Beginner","frequency","How often does this team meeting happen? What's the usual frequency?","이 팀 회의가 얼마나 자주 있어? 보통 얼마 주기야?"
"Beginner","frustration","I could clearly hear the frustration building up in her voice during the call.","통화 중에 그녀의 목소리에서 쌓여가는 답답함이 뚜렷이 느껴졌어."
"Beginner","frustration","Learning a new language inevitably leads to moments of real frustration.","새로운 언어를 배우는 건 불가피하게 진짜 답답한 순간들로 이어져."
"Beginner","frustration","He managed his frustration remarkably calmly and professionally throughout.","그는 내내 답답함을 놀라울 만큼 침착하고 전문적으로 다스렸어."
"Beginner","function","The main function of this button is simply to save your current progress.","이 버튼의 주요 기능은 현재 진행 상황을 저장하는 거야."
"Beginner","function","She functions at her absolute best when she has a clear daily schedule.","그녀는 명확한 일일 일정이 있을 때 최상의 기능을 발휘해."
"Beginner","function","The app has a really useful search function for finding specific recipes.","그 앱에는 특정 레시피를 찾는 데 정말 유용한 검색 기능이 있어."
"Beginner","fundamental","Strong communication is a fundamental skill required in almost any job.","강한 의사소통 능력은 거의 모든 직업에서 요구되는 기본적인 기술이야."
"Beginner","fundamental","There are some fundamental differences between the two main approaches.","두 가지 주요 접근 방식 사이에는 몇 가지 근본적인 차이점이 있어."
"Beginner","fundamental","Understanding the fundamentals is far more important than just memorising details.","세부 사항을 외우는 것보다 기본 원칙을 이해하는 게 훨씬 더 중요해."
"Beginner","generate","The product launch generated a huge amount of buzz on social media.","제품 출시가 소셜미디어에서 엄청난 화제를 만들어냈어."
"Beginner","generate","Solar panels generate clean electricity directly from sunlight.","태양광 패널은 햇빛으로부터 직접 깨끗한 전기를 생성해."
"Beginner","generate","She generated some genuinely brilliant ideas during the brainstorming session.","그녀는 브레인스토밍 세션에서 진정으로 훌륭한 아이디어들을 만들어냈어."
"Beginner","guarantee","I can't guarantee it'll be perfect, but I'll absolutely do my very best.","완벽하다고 보장할 수는 없지만 최선을 다할게."
"Beginner","guarantee","The product comes with a generous one-year money-back guarantee.","그 제품은 후한 1년 환불 보장이 포함돼 있어."
"Beginner","guarantee","Hard work doesn't always guarantee success, but it significantly improves your chances.","열심히 한다고 항상 성공이 보장되지는 않지만 가능성을 크게 높여줘."
"Beginner","guideline","Please follow the guidelines carefully to avoid any unnecessary mistakes.","불필요한 실수를 피하려면 지침을 주의 깊게 따라줘."
"Beginner","guideline","The company has clear and detailed guidelines for all employee conduct.","회사는 모든 직원 행동에 대한 명확하고 상세한 지침이 있어."
"Beginner","guideline","She referred to the official guidelines before making her final decision.","그녀는 최종 결정을 내리기 전에 공식 지침을 참고했어."
"Beginner","highlight","The absolute highlight of the whole trip was the magical sunset cruise.","여행 전체에서 절대적인 하이라이트는 마법 같은 선셋 크루즈였어."
"Beginner","highlight","He highlighted all the key points in yellow before giving his presentation.","그는 발표 전에 주요 사항들을 모두 노란색으로 강조 표시했어."
"Beginner","highlight","Can you highlight the three most important sections in your final report?","최종 보고서에서 가장 중요한 세 섹션을 강조해줄 수 있어?"
"Beginner","identity","Travelling alone really helped her discover and define her own identity.","혼자 여행하는 것이 그녀가 자신의 정체성을 발견하고 정의하는 데 정말 도움이 됐어."
"Beginner","identity","Language is an incredibly important part of any culture's collective identity.","언어는 어떤 문화의 집단 정체성에서 믿을 수 없을 만큼 중요한 부분이야."
"Beginner","identity","Protecting your digital identity online has become more important than ever.","온라인에서 디지털 정체성을 보호하는 것이 그 어느 때보다 중요해졌어."
"Beginner","impact","Her remarkable work has had a hugely positive impact on the local community.","그녀의 놀라운 작업은 지역 사회에 엄청나게 긍정적인 영향을 미쳤어."
"Beginner","impact","Small daily choices can have a surprisingly big impact over a long period of time.","매일의 작은 선택들이 장기간에 걸쳐 놀라울 만큼 큰 영향을 미칠 수 있어."
"Beginner","impact","The unexpected storm had a significant impact on the entire region.","예상치 못한 폭풍이 지역 전체에 상당한 영향을 미쳤어."
"Beginner","incentive","A performance bonus is a great incentive for employees to work harder.","성과 보너스는 직원들이 더 열심히 일하도록 동기를 부여하는 좋은 인센티브야."
"Beginner","incentive","The government offers attractive tax incentives for using renewable energy.","정부는 재생 에너지 사용에 대한 매력적인 세금 혜택을 제공해."
"Beginner","incentive","What's your personal incentive to keep going when things get genuinely tough?","상황이 정말 힘들어질 때 계속 나아가게 하는 개인적인 동기가 뭐야?"
"Beginner","income","She's actively looking for ways to create an additional income stream.","그녀는 추가적인 수입원을 만들 방법을 적극적으로 찾고 있어."
"Beginner","income","Living on a fixed income really requires very careful and disciplined budgeting.","고정 수입으로 생활하려면 매우 신중하고 절제된 예산 관리가 필요해."
"Beginner","income","The rising cost of living has outpaced most ordinary people's income growth.","생활비 상승이 대부분 일반 사람들의 소득 증가를 앞질렀어."
"Beginner","indicator","A genuine smile is usually a reliable indicator that someone feels comfortable.","진심 어린 미소는 보통 누군가가 편안함을 느낀다는 믿을 만한 지표야."
"Beginner","indicator","Sales figures are often used as a key indicator of overall economic health.","매출 수치는 종종 전반적인 경제 건전성의 핵심 지표로 사용돼."
"Beginner","indicator","What's the most reliable indicator that our project is actually on track?","우리 프로젝트가 실제로 제대로 진행되고 있다는 가장 믿을 만한 지표가 뭐야?"
"Beginner","influence","Parents generally have the greatest influence on their children's core values.","부모는 일반적으로 자녀의 핵심 가치관에 가장 큰 영향을 미쳐."
"Beginner","influence","Her pioneering work has influenced an entire generation of young designers.","그녀의 선구적인 작업은 젊은 디자이너 전 세대에 영향을 미쳤어."
"Beginner","influence","Always be mindful of who and what is influencing your everyday thinking.","누가, 무엇이 당신의 일상적인 사고에 영향을 미치는지 항상 의식적으로 파악해."
"Beginner","insight","The book gave me real and lasting insight into how the human brain actually works.","그 책은 인간의 뇌가 실제로 어떻게 작동하는지에 대한 진정하고 오래 남는 통찰을 줬어."
"Beginner","insight","Her sharp insight into exactly what the customer needed was truly spot on.","고객이 정확히 무엇을 필요로 하는지에 대한 그녀의 날카로운 통찰은 정말 적중했어."
"Beginner","insight","Good and thorough data analysis can provide genuinely valuable business insights.","좋고 철저한 데이터 분석은 진정으로 귀한 비즈니스 통찰을 제공할 수 있어."
"Beginner","inspire","Her incredible personal story truly inspired me to take on a new challenge.","그녀의 놀라운 개인 이야기가 나를 진심으로 새로운 도전에 나서도록 영감을 줬어."
"Beginner","inspire","The best teachers inspire their students to think creatively and differently.","최고의 선생님들은 학생들이 창의적이고 다르게 생각하도록 영감을 줘."
"Beginner","inspire","I hope this work inspires others to pursue their own passions and dreams.","이 작업이 다른 사람들이 자신의 열정과 꿈을 추구하도록 영감을 주길 바라."
"Beginner","institution","The university is a highly respected institution with a long and proud history.","그 대학은 길고 자랑스러운 역사를 가진 매우 존경받는 기관이야."
"Beginner","institution","Family is widely considered the most fundamental social institution in society.","가족은 사회에서 가장 근본적인 사회 제도로 널리 여겨져."
"Beginner","institution","She works at a major financial institution right in the heart of the city.","그녀는 도시 한복판에 있는 주요 금융 기관에서 일해."
"Beginner","intellectual","He genuinely enjoys deep intellectual conversations that really challenge his thinking.","그는 자신의 사고를 진정으로 자극하는 깊은 지적 대화를 정말 즐겨."
"Beginner","intellectual","Intellectual curiosity is arguably one of the very best qualities a person can have.","지적 호기심은 틀림없이 사람이 가질 수 있는 가장 훌륭한 자질 중 하나야."
"Beginner","intellectual","The book is both intellectually stimulating and exceptionally well-researched.","그 책은 지적으로 자극적이고 매우 철저하게 연구됐어."
"Beginner","interaction","Daily interaction with native speakers dramatically improved her fluency.","원어민과의 매일 교류가 그녀의 유창함을 극적으로 향상시켰어."
"Beginner","interaction","The genuine interaction between the two main characters drives the entire story.","두 주인공 사이의 진정한 상호 작용이 전체 이야기를 이끌어나가."
"Beginner","interaction","She places positive interactions with customers above virtually everything else.","그녀는 고객과의 긍정적인 교류를 사실상 다른 모든 것보다 우선시해."
"Beginner","maintain","It's so important to maintain a healthy and sustainable work-life balance.","건강하고 지속 가능한 일과 삶의 균형을 유지하는 게 정말 중요해."
"Beginner","maintain","Getting your car serviced regularly helps maintain it in good working condition.","정기적으로 자동차를 점검하면 좋은 상태를 유지하는 데 도움이 돼."
"Beginner","maintain","She consistently maintains a positive and hopeful outlook no matter what happens.","그녀는 무슨 일이 있어도 꾸준히 긍정적이고 희망찬 시각을 유지해."
"Beginner","maximize","How can I best maximize my productivity throughout the entire working day?","하루 종일 생산성을 최대한 높이려면 어떻게 해야 해?"
"Beginner","maximize","We're actively looking at ways to maximize efficiency across the whole process.","전체 과정에서 효율성을 극대화할 방법을 적극적으로 찾고 있어."
"Beginner","maximize","Getting sufficient sleep each night truly helps maximize your daily performance.","매일 밤 충분히 자는 것이 일일 성과를 극대화하는 데 진정으로 도움이 돼."
"Beginner","meaningful","Doing meaningful and purposeful work is far more important to me than salary.","의미 있고 목적이 있는 일을 하는 게 나에게 급여보다 훨씬 더 중요해."
"Beginner","meaningful","She wants to build meaningful and lasting relationships, not just surface connections.","그녀는 표면적인 인맥이 아닌 의미 있고 지속적인 관계를 만들고 싶어해."
"Beginner","meaningful","The conversation was brief, but it turned out to be surprisingly meaningful.","대화는 짧았지만 놀랍도록 의미 있는 것으로 밝혀졌어."
"Beginner","minimize","Try to minimize distractions when you really need to focus on deep work.","깊이 집중해야 할 때는 방해 요소를 최소화하려고 해봐."
"Beginner","minimize","We should always minimize waste wherever it's practically possible.","실질적으로 가능한 모든 곳에서 낭비를 최소화해야 해."
"Beginner","minimize","The new interface design minimizes user errors during the initial setup process.","새로운 인터페이스 디자인이 초기 설정 과정에서 사용자 오류를 최소화해."
"Beginner","motivated","She's highly motivated and consistently goes above and beyond what's expected.","그녀는 매우 의욕적이고 기대 이상을 꾸준히 해내."
"Beginner","motivated","What keeps you truly motivated when things become genuinely difficult?","상황이 진짜 어려워질 때 무엇이 당신을 계속 동기 부여시켜줘?"
"Beginner","motivated","I feel most motivated when I can clearly see the real impact of my work.","내 일의 실제 영향을 분명하게 볼 수 있을 때 가장 동기가 생겨."
"Beginner","negotiate","Don't be afraid to negotiate your salary when you receive a job offer.","취업 제안을 받았을 때 급여 협상을 두려워하지 마."
"Beginner","negotiate","They negotiated a fair deal that genuinely worked well for both sides.","그들은 양측 모두에게 진정으로 잘 맞는 공정한 거래를 협상했어."
"Beginner","negotiate","Learning to negotiate effectively is an incredibly valuable life skill.","효과적으로 협상하는 법을 배우는 건 믿을 수 없을 만큼 귀한 삶의 기술이야."
"Beginner","network","Building a strong professional network takes consistent time and genuine effort.","탄탄한 전문 인맥을 구축하는 데는 꾸준한 시간과 진정한 노력이 필요해."
"Beginner","network","She networked actively at the conference and made some really valuable connections.","그녀는 컨퍼런스에서 적극적으로 인맥을 넓혔고 정말 귀한 인연들을 만들었어."
"Beginner","network","I recently joined a local business network to connect with like-minded professionals.","최근에 뜻이 맞는 전문가들과 교류하기 위해 지역 비즈니스 네트워크에 가입했어."
"Beginner","norm","Remote work is rapidly becoming the new norm in many modern industries.","원격 근무가 많은 현대 산업에서 빠르게 새로운 표준이 되고 있어."
"Beginner","norm","It's really important to understand the social norms of a culture before visiting.","방문하기 전에 그 문화의 사회적 규범을 이해하는 게 정말 중요해."
"Beginner","norm","What was once considered unusual can quickly become the accepted new norm.","한때 이례적이라 여겨졌던 것이 빠르게 받아들여지는 새로운 표준이 될 수 있어."
"Beginner","objective","Her main objective this year is to successfully complete her professional certification.","올해 그녀의 주된 목표는 전문 자격증을 성공적으로 취득하는 거야."
"Beginner","objective","Keep the meeting tightly focused on the agreed key objectives.","회의를 합의된 핵심 목표에 집중되도록 유지해."
"Beginner","objective","It's genuinely hard to stay fully objective when you're emotionally involved.","감정적으로 관여돼 있을 때 완전히 객관적으로 있기란 진정으로 어려워."
"Beginner","obligation","We all have a fundamental obligation to treat other people with basic respect.","우리 모두는 다른 사람들을 기본적인 존중으로 대할 근본적인 의무가 있어."
"Beginner","obligation","She felt a strong and genuine sense of obligation to help her local community.","그녀는 지역 사회를 돕기 위한 강하고 진정한 의무감을 느꼈어."
"Beginner","obligation","Make sure you fully understand all your financial obligations before signing anything.","어떤 것에 서명하기 전에 모든 재정적 의무를 완전히 이해하도록 해."
"Beginner","obtain","How can I obtain a printed copy of the official report?","공식 보고서의 인쇄본을 어떻게 얻을 수 있어?"
"Beginner","obtain","She obtained her degree after four dedicated years of hard work.","그녀는 4년간의 헌신적인 노력 끝에 학위를 취득했어."
"Beginner","obtain","You'll need to obtain written permission before using any of those images.","그 이미지들 중 어떤 것이라도 사용하기 전에 서면 허가를 받아야 해."
"Beginner","obvious","It was painfully obvious that he simply hadn't prepared for the meeting.","그가 회의를 전혀 준비하지 않았다는 게 너무나 명백했어."
"Beginner","obvious","The right solution seems completely obvious now, looking back in hindsight.","돌이켜보면 올바른 해결책이 지금은 완전히 명백해 보여."
"Beginner","obvious","She made it pretty obvious that she wasn't at all happy with the decision.","그녀는 그 결정이 전혀 마음에 들지 않는다는 걸 꽤 명백히 드러냈어."
"Beginner","pattern","I started to notice a recurring pattern in the way he handles conflict.","그가 갈등을 처리하는 방식에서 반복되는 패턴을 알아채기 시작했어."
"Beginner","pattern","Changing your established sleep pattern can noticeably affect your mood and energy.","확립된 수면 패턴을 바꾸면 기분과 에너지에 눈에 띄게 영향을 미칠 수 있어."
"Beginner","pattern","The fabric features a really beautiful and intricate floral pattern.","그 원단에는 정말 아름답고 정교한 꽃 무늬가 있어."
"Beginner","practical","Let's stay focused on finding practical solutions rather than just theoretical ones.","단순히 이론적인 것보다 실용적인 해결책을 찾는 데 집중하자."
"Beginner","practical","She's incredibly practical and always knows exactly what to do in a crisis.","그녀는 믿을 수 없을 만큼 실용적이고 위기 상황에서 항상 무엇을 해야 하는지 정확히 알아."
"Beginner","practical","This book is packed with really practical and actionable advice for everyday life.","이 책은 일상생활을 위한 정말 실용적이고 실행 가능한 조언으로 가득 차 있어."
"Beginner","principle","She genuinely lives by the principle of treating others as she wants to be treated.","그녀는 남에게 대접받고 싶은 대로 대하라는 원칙을 진정으로 지키며 살아."
"Beginner","principle","Never compromise on your core principles, no matter how much pressure you face.","아무리 많은 압박을 받더라도 핵심 원칙을 절대 타협하지 마."
"Beginner","principle","The fundamental principle behind the whole idea is genuinely solid.","그 아이디어 전체의 근본적인 원칙은 진정으로 탄탄해."
"Beginner","productive","I consistently find that mornings are by far the most productive time for me.","나는 아침이 단연코 가장 생산적인 시간이라는 걸 꾸준히 느껴."
"Beginner","productive","Taking a short break actually helps me stay far more productive throughout the day.","잠깐 휴식을 취하는 게 실제로 하루 종일 훨씬 더 생산적으로 있는 데 도움이 돼."
"Beginner","productive","How do you manage to stay consistently productive when working from home?","재택근무할 때 어떻게 꾸준히 생산적으로 유지해?"
"Beginner","professional","She always behaves in a calm and professional manner, regardless of the situation.","그녀는 상황과 관계없이 항상 차분하고 전문적인 방식으로 행동해."
"Beginner","professional","Hiring a professional photographer genuinely made such a noticeable difference.","전문 사진작가를 고용하는 게 진정으로 눈에 띄는 차이를 만들었어."
"Beginner","professional","I'm actively working to build a strong and respected professional reputation.","강하고 존경받는 전문적인 명성을 쌓기 위해 적극적으로 노력하고 있어."
"Beginner","profit","The company achieved a record-breaking profit last year.","회사가 지난해 기록적인 이익을 달성했어."
"Beginner","profit","Is the business actually turning a profit yet, or is it still at a loss?","사업이 실제로 아직 이익을 내고 있어, 아니면 여전히 손실 중이야?"
"Beginner","profit","Their primary goal is to grow the business while maintaining a healthy profit margin.","그들의 주된 목표는 건전한 이익 마진을 유지하면서 사업을 키우는 거야."
"Beginner","realistic","Let's set realistic and achievable goals that we can actually follow through on.","실제로 끝까지 해낼 수 있는 현실적이고 달성 가능한 목표를 세우자."
"Beginner","realistic","Be honest and realistic about just how long this particular project will take.","이 특정 프로젝트가 얼마나 걸릴지에 대해 솔직하고 현실적으로 봐."
"Beginner","realistic","She has a refreshingly realistic view of both the challenges and the opportunities ahead.","그녀는 앞에 놓인 도전과 기회 모두에 대해 신선할 만큼 현실적인 시각을 갖고 있어."
"Beginner","relevant","Always make sure the examples you use are directly relevant to the main topic.","사용하는 예시가 항상 주제와 직접적으로 관련있는지 확인해."
"Beginner","relevant","Her extensive experience is highly relevant and directly applicable to this role.","그녀의 풍부한 경험은 이 역할에 매우 관련성이 높고 직접적으로 적용 가능해."
"Beginner","relevant","Keep your skills relevant by actively staying up to date with industry developments.","업계 발전 동향을 적극적으로 파악해서 자신의 기술을 관련성 있게 유지해."
"Beginner","research","I always do thorough research before committing to any major purchase.","큰 구매를 결정하기 전에는 항상 철저한 조사를 해."
"Beginner","research","She spent many months doing intensive research for her graduate thesis.","그녀는 대학원 논문을 위해 수개월을 집중적인 연구에 쏟았어."
"Beginner","research","The latest research clearly shows that regular exercise significantly improves mental health.","최신 연구는 규칙적인 운동이 정신 건강을 크게 향상시킨다는 걸 명확히 보여줘."
"Beginner","resolve","They successfully resolved the conflict through calm and open communication.","그들은 차분하고 열린 소통을 통해 갈등을 성공적으로 해결했어."
"Beginner","resolve","I'm fully resolved to make this coming year genuinely my best one yet.","올해를 진정으로 지금까지 중 최고의 해로 만들겠다는 굳은 결심이야."
"Beginner","resolve","The technical issue was resolved swiftly within just a few hours of being reported.","기술적 문제가 보고된 지 불과 몇 시간 만에 신속하게 해결됐어."
"Beginner","resource","Time is ultimately our most limited and precious resource — use it wisely.","시간은 궁극적으로 우리의 가장 제한되고 소중한 자원이야, 현명하게 사용해."
"Beginner","resource","The public library is a fantastic free resource for learners of absolutely all ages.","공공 도서관은 모든 연령대의 학습자를 위한 환상적인 무료 자원이야."
"Beginner","resource","She utilized every available resource to successfully complete the project on time.","그녀는 프로젝트를 제때 성공적으로 완료하기 위해 모든 가용 자원을 활용했어."
"Beginner","reveal","The thorough investigation ultimately revealed some truly surprising information.","철저한 조사가 결국 정말 놀라운 정보를 드러냈어."
"Beginner","reveal","She finally revealed her secret hidden talent at the annual talent show.","그녀는 마침내 연간 장기 자랑에서 자신의 숨겨진 비밀 재능을 드러냈어."
"Beginner","reveal","Don't reveal your full plans until you're completely ready to act on them.","완전히 실행할 준비가 될 때까지 전체 계획을 드러내지 마."
"Beginner","risk","Every investment naturally comes with a certain and inherent level of risk.","모든 투자에는 자연스럽게 일정하고 내재적인 수준의 위험이 따라."
"Beginner","risk","He carefully weighed up the pros and cons, then decided to take the risk.","그는 장단점을 신중하게 따져본 후 위험을 감수하기로 결정했어."
"Beginner","risk","It's always important to thoroughly assess all the risks before any big decision.","큰 결정을 내리기 전에 모든 위험을 철저히 평가하는 건 항상 중요해."
"Beginner","sector","She has worked in the public sector as a dedicated nurse for over a decade.","그녀는 10년 넘게 헌신적인 간호사로 공공 부문에서 일했어."
"Beginner","sector","The technology sector has been experiencing remarkably rapid and sustained growth.","기술 부문이 눈에 띄게 빠르고 지속적인 성장을 경험하고 있어."
"Beginner","sector","Which particular sector of the economy interests you the most right now?","지금 경제의 어느 특정 분야에 가장 관심이 있어?"
"Beginner","select","Please carefully select your preferred language option from the main menu.","메인 메뉴에서 선호하는 언어 옵션을 신중하게 선택해주세요."
"Beginner","select","She was carefully selected to represent the entire team at the global conference.","그녀는 글로벌 컨퍼런스에서 팀 전체를 대표하도록 신중하게 선발됐어."
"Beginner","select","I carefully selected each individual item to ensure consistently high quality.","일관되게 높은 품질을 보장하기 위해 각 개별 품목을 신중하게 선정했어."
"Beginner","social","Strong social skills are just as important as solid technical knowledge in most jobs.","대부분의 직업에서 강한 사교 기술은 탄탄한 기술 지식만큼 중요해."
"Beginner","social","She's very social by nature and genuinely loves meeting and connecting with new people.","그녀는 천성적으로 매우 사교적이고 새로운 사람들을 만나고 교류하는 걸 진심으로 좋아해."
"Beginner","social","The measurable impact of social media on mental health is now well documented.","소셜미디어가 정신 건강에 미치는 측정 가능한 영향은 이제 잘 문서화돼 있어."
"Beginner","stable","She's actively looking for a stable job that offers good long-term benefits.","그녀는 좋은 장기 혜택을 제공하는 안정적인 직업을 적극적으로 찾고 있어."
"Beginner","stable","The overall economy has remained relatively stable throughout this past year.","지난 1년 동안 전반적인 경제가 비교적 안정적으로 유지됐어."
"Beginner","stable","Having a stable and consistent daily routine genuinely helps reduce anxiety.","안정적이고 일관된 일상 루틴이 불안감을 줄이는 데 진정으로 도움이 돼."
"Beginner","strategy","We absolutely need a clear and well-defined strategy before launching the campaign.","캠페인을 시작하기 전에 명확하고 잘 정의된 전략이 절대적으로 필요해."
"Beginner","strategy","Her overall strategy was elegantly simple but proved brilliantly effective in practice.","그녀의 전반적인 전략은 우아하게 단순했지만 실제로는 놀랍도록 효과적임이 입증됐어."
"Beginner","strategy","What's your long-term strategy for sustainably growing the business?","사업을 지속 가능하게 성장시키기 위한 장기 전략이 뭐야?"
"Beginner","strengthen","Regular physical exercise helps strengthen both your body and your mental resilience.","규칙적인 신체 운동은 몸과 정신적 회복력 모두를 강화하는 데 도움이 돼."
"Beginner","strengthen","This challenging experience will ultimately only strengthen your overall resilience.","이 도전적인 경험이 결국에는 당신의 전반적인 회복력만 더욱 강화할 거야."
"Beginner","strengthen","The strategic partnership will significantly strengthen our market position.","그 전략적 파트너십이 우리의 시장 위치를 크게 강화할 거야."
"Beginner","sufficient","Make absolutely sure you get sufficient quality sleep before the important day.","중요한 날 전에 반드시 충분한 양질의 수면을 취해."
"Beginner","sufficient","Is the available evidence actually sufficient to fully support the claim?","사용 가능한 증거가 그 주장을 완전히 뒷받침하기에 충분해?"
"Beginner","sufficient","We currently have sufficient resources to comfortably complete the project on time.","우리는 현재 프로젝트를 제때 편안하게 완료하기에 충분한 자원이 있어."
"Beginner","suitable","Is this particular venue actually suitable for hosting a large family event?","이 특정 장소가 대규모 가족 행사를 개최하기에 적합해?"
"Beginner","suitable","She eventually found the perfect role that was highly suitable for her unique skills.","그녀는 결국 자신의 독특한 기술에 매우 적합한 완벽한 역할을 찾았어."
"Beginner","suitable","Always choose clothing that is suitable for both the weather and the specific occasion.","항상 날씨와 특정 상황 모두에 적합한 옷을 선택해."
"Beginner","sustainable","We're seriously looking for sustainable ways to meaningfully reduce our carbon footprint.","탄소 발자국을 의미 있게 줄이기 위한 지속 가능한 방법을 진지하게 찾고 있어."
"Beginner","sustainable","Is the current rapid growth rate actually sustainable over the long term?","현재의 빠른 성장률이 장기적으로 실제로 지속 가능해?"
"Beginner","sustainable","Sustainable and eco-friendly packaging is quickly becoming the new industry standard.","지속 가능하고 친환경적인 포장재가 빠르게 새로운 업계 표준이 되고 있어."
"Beginner","tension","There was noticeable tension in the room immediately after the surprise announcement.","깜짝 발표 직후에 방 안에 눈에 띄는 긴장감이 있었어."
"Beginner","tension","Yoga and deep breathing are both great ways to effectively release built-up tension.","요가와 심호흡은 모두 쌓인 긴장을 효과적으로 풀기 위한 좋은 방법이야."
"Beginner","tension","The underlying tension between the two sides eventually led to a meaningful compromise.","양측 사이의 깔려 있던 긴장감이 결국 의미 있는 타협으로 이어졌어."
"Beginner","thorough","She conducted a thorough and careful review of all the documents before signing.","그녀는 서명하기 전에 모든 서류를 철저하고 신중하게 검토했어."
"Beginner","thorough","A thorough and solid understanding of the basics will ultimately take you very far.","기본에 대한 철저하고 탄탄한 이해가 결국 당신을 아주 멀리 데려다줄 거야."
"Beginner","thorough","The investigation was extremely thorough and the final results were fully conclusive.","조사는 매우 철저했고 최종 결과는 완전히 결정적이었어."
"Beginner","timeline","Can you give me a realistic rough timeline for when this will actually be ready?","이게 실제로 언제 준비될지 현실적인 대략적 일정을 줄 수 있어?"
"Beginner","timeline","Sticking closely to the agreed project timeline is essential to avoid costly delays.","합의된 프로젝트 일정을 꼭 지키는 게 값비싼 지연을 피하는 데 필수야."
"Beginner","timeline","The timeline was incredibly tight, but the whole team delivered right on schedule.","일정이 믿을 수 없을 만큼 촉박했지만 팀 전체가 제때 납품했어."
"Beginner","transition","The transition from student life to full-time work can genuinely be quite tough.","학생 생활에서 풀타임 근무로의 전환은 진정으로 꽤 힘들 수 있어."
"Beginner","transition","The company is currently going through a major and exciting period of transition.","회사가 현재 크고 흥미로운 전환기를 거치고 있어."
"Beginner","transition","She managed the entire transition between jobs incredibly smoothly and professionally.","그녀는 직업 간의 전체 전환을 믿을 수 없을 만큼 매끄럽고 전문적으로 처리했어."
"Beginner","ultimately","Ultimately, it's entirely your decision and I'll fully support whatever you choose.","궁극적으로 그건 완전히 당신의 결정이고 무엇을 선택하든 전적으로 지지할게."
"Beginner","ultimately","The project ultimately failed due to a fundamental lack of proper planning from the start.","그 프로젝트는 처음부터 적절한 계획의 근본적인 부재로 인해 결국 실패했어."
"Beginner","ultimately","Ultimately, what truly matters most is consistently doing what you know is right.","궁극적으로 가장 중요한 것은 옳다고 아는 것을 꾸준히 실천하는 거야."
"Beginner","unexpected","The whole trip was genuinely full of unexpected but truly wonderful surprises.","여행 전체가 진정으로 예상치 못하지만 정말 멋진 놀라움들로 가득했어."
"Beginner","unexpected","An unexpected last-minute delay pushed the product launch back by a full week.","예상치 못한 막판 지연으로 제품 출시가 꼬박 1주일 연기됐어."
"Beginner","unexpected","The unexpected genuine kindness shown by a total stranger completely made my day.","완전히 낯선 사람이 보여준 예상치 못한 진심 어린 친절이 내 하루를 완전히 환하게 했어."
"Beginner","unity","The whole team showed remarkable unity during the most challenging phase of the project.","팀 전체가 프로젝트의 가장 도전적인 단계에서 놀라운 단결력을 보여줬어."
"Beginner","unity","Unity within a community makes it significantly stronger and far more resilient.","공동체 내 단결이 공동체를 훨씬 더 강하고 훨씬 더 회복력 있게 만들어."
"Beginner","unity","The wonderful event was a heartfelt celebration of both diversity and unity.","그 멋진 행사는 다양성과 단결 모두를 진심으로 기념하는 자리였어."
"Beginner","via","I'll send the complete file over to you via email right away.","파일 전체를 지금 바로 이메일로 보내줄게."
"Beginner","via","You can easily get to the main station via the broad central road.","넓은 중앙 도로를 통해 쉽게 중앙역에 갈 수 있어."
"Beginner","via","She landed the amazing job offer via a trusted mutual connection.","그녀는 믿을 만한 공통 지인을 통해 훌륭한 취업 제안을 받았어."
"Beginner","vision","The company has a bold and clear vision for exactly where it wants to be in five years.","회사는 5년 후 자신이 어디에 있고 싶은지에 대한 대담하고 명확한 비전이 있어."
"Beginner","vision","Her inspiring vision for the whole project motivated absolutely everyone on the team.","프로젝트 전체에 대한 그녀의 영감을 주는 비전이 팀의 모든 사람에게 동기를 줬어."
"Beginner","vision","He has the rare ability and vision to clearly see what others so often miss.","그는 다른 사람들이 자주 놓치는 것을 명확하게 볼 수 있는 드문 능력과 비전이 있어."
"Beginner","workforce","The company is planning to significantly expand its workforce throughout next year.","회사는 내년 한 해 동안 인력을 크게 확대할 계획이야."
"Beginner","workforce","Genuinely investing in your workforce always pays off generously in the long run.","인력에 진정으로 투자하는 것은 장기적으로 항상 넉넉하게 보상받아."
"Beginner","workforce","A truly diverse workforce consistently brings greater creativity and meaningful innovation.","진정으로 다양한 인력이 더 큰 창의성과 의미 있는 혁신을 꾸준히 가져와."
"Beginner","yield","The exciting new approach ultimately yielded far better results than anyone expected.","흥미로운 새로운 접근 방식이 결국 누구도 기대하지 않았던 훨씬 더 좋은 결과를 냈어."
"Beginner","yield","The thriving garden is finally starting to yield its very first fresh vegetables.","잘 자라는 정원이 마침내 처음으로 신선한 채소를 수확하기 시작했어."
"Beginner","yield","Hard work combined with genuine patience will always yield meaningful rewards eventually.","진정한 인내와 결합된 열심히 하는 노력은 결국 항상 의미 있는 보상을 가져올 거야."
"Beginner","zeal","She approached the entire project with tremendous enthusiasm and infectious zeal.","그녀는 엄청난 열정과 전염성 있는 열의로 프로젝트 전체에 임했어."
"Beginner","zeal","His genuine zeal for learning new languages is truly and deeply admirable.","새로운 언어를 배우려는 그의 진정한 열의는 정말로 깊이 존경스러워."
"Beginner","zeal","The dedicated volunteers worked with real and heartfelt zeal to get everything ready.","헌신적인 자원봉사자들이 모든 것을 준비하기 위해 진정하고 진심 어린 열의로 일했어."
"Beginner","abstract","The painting was very abstract, yet it still had a powerful emotional impact.","그 그림은 매우 추상적이었지만 여전히 강렬한 감정적 효과가 있었어."
"Beginner","abstract","Please try not to be too abstract — can you give me a concrete specific example?","너무 추상적으로 말하지 않으려고 해봐, 구체적인 예를 들어줄 수 있어?"
"Beginner","abstract","The concept is admittedly a bit abstract, so let me try to explain it differently.","그 개념이 인정컨대 좀 추상적이니 다른 방식으로 설명해볼게."
"Beginner","accumulate","She has been patiently accumulating her savings for years for a house down payment.","그녀는 집 계약금을 위해 수년간 꾸준히 저축을 쌓아왔어."
"Beginner","accumulate","Clutter tends to accumulate very quickly if you don't actively stay on top of it.","적극적으로 관리하지 않으면 잡동사니가 아주 빠르게 쌓이는 경향이 있어."
"Beginner","accumulate","Over a long enough period of time, small consistent efforts really do accumulate into significant results.","충분히 오랜 기간에 걸쳐 작고 꾸준한 노력이 정말로 중요한 결과로 쌓여."
"Beginner","adapt","Moving to a completely new city really requires you to adapt surprisingly quickly.","완전히 새로운 도시로 이사하면 놀랍도록 빠르게 적응해야 해."
"Beginner","adapt","The company swiftly adapted its overall strategy in direct response to market changes.","회사는 시장 변화에 직접 대응하여 전반적인 전략을 신속하게 적응시켰어."
"Beginner","adapt","She skillfully adapted the classic recipe to make it completely dairy-free.","그녀는 완전히 유제품이 없도록 고전 레시피를 능숙하게 변형했어."
"Beginner","adequate","Always make sure you get adequate rest before embarking on a very long drive.","긴 운전을 시작하기 전에 항상 충분한 휴식을 취하도록 해."
"Beginner","adequate","Is the available budget actually adequate for what you're genuinely trying to achieve?","사용 가능한 예산이 진정으로 달성하려는 것에 실제로 충분해?"
"Beginner","adequate","The initial training provided wasn't quite adequate for the real demands of the role.","제공된 초기 교육은 그 역할의 실제 요구에 충분히 맞지 않았어."
"Beginner","adhere","Please adhere strictly to all the safety regulations at absolutely all times.","항상 모든 안전 규정을 엄격하게 준수해주세요."
"Beginner","adhere","He adhered impressively to the tight deadline, which genuinely impressed the whole team.","그는 촉박한 마감일을 인상적으로 준수했고, 이는 팀 전체를 진정으로 감동시켰어."
"Beginner","adhere","It's absolutely essential to adhere to the highest ethical standards in all your work.","모든 업무에서 최고의 윤리적 기준을 준수하는 건 절대적으로 필수야."
"Beginner","allocate","We need to allocate sufficient time for each individual section of the presentation.","발표의 각 개별 섹션에 충분한 시간을 할당해야 해."
"Beginner","allocate","The overall budget has been carefully allocated across the various different departments.","전체 예산이 여러 다른 부서에 걸쳐 신중하게 할당됐어."
"Beginner","allocate","How do you personally allocate your time between work and your personal life?","개인적으로 업무와 개인 생활 사이에 어떻게 시간을 배분해?"
"Beginner","ambiguous","The instructions were frustratingly ambiguous and led to considerable confusion.","지침이 답답할 만큼 모호해서 상당한 혼란으로 이어졌어."
"Beginner","ambiguous","Always try your very best to avoid ambiguous language when drafting any contract.","어떤 계약서를 작성할 때든 모호한 언어를 피하기 위해 최선을 다해."
"Beginner","ambiguous","His deliberately ambiguous response left everyone in the room even more uncertain.","그의 의도적으로 모호한 대답이 방 안의 모든 사람을 더욱 불확실하게 만들었어."
"Beginner","anticipate","We need to anticipate potential problems before they actually arise.","실제로 문제가 생기기 전에 잠재적인 문제들을 예측해야 해."
"Beginner","anticipate","I didn't anticipate how much I'd enjoy working in this field.","이 분야에서 일하는 게 이렇게 즐거울 줄은 예상하지 못했어."
"Beginner","anticipate","The team anticipated the client's needs and prepared everything in advance.","팀은 클라이언트의 필요를 예측하고 미리 모든 것을 준비했어."
"Beginner","articulate","She was able to clearly articulate her thoughts even under pressure.","그녀는 압박감 속에서도 자신의 생각을 명확하게 표현할 수 있었어."
"Beginner","articulate","Being articulate in interviews really helps you stand out from other candidates.","면접에서 말을 잘 표현하는 것이 다른 지원자들과 차별화하는 데 정말 도움이 돼."
"Beginner","articulate","He articulated his vision for the project in a way that inspired the whole team.","그는 팀 전체에게 영감을 주는 방식으로 프로젝트에 대한 비전을 표현했어."
"Beginner","assert","Don't be afraid to assert yourself when you know you're right.","옳다는 걸 알 때는 자신 있게 주장하는 걸 두려워하지 마."
"Beginner","assert","She asserted that the data clearly supported her conclusion.","그녀는 데이터가 자신의 결론을 명확히 뒷받침한다고 주장했어."
"Beginner","assert","Learning to assert your needs politely is an important communication skill.","자신의 필요를 정중하게 주장하는 법을 배우는 건 중요한 소통 기술이야."
"Beginner","benchmark","We use industry benchmarks to measure how well we're actually performing.","업계 기준점을 사용해서 우리가 얼마나 잘 수행하고 있는지 측정해."
"Beginner","benchmark","Setting clear benchmarks helps the whole team stay on track and focused.","명확한 기준점을 설정하면 팀 전체가 방향을 잃지 않고 집중할 수 있어."
"Beginner","benchmark","The project will be benchmarked against similar initiatives from last year.","그 프로젝트는 작년의 유사한 계획들과 비교 평가될 거야."
"Beginner","bias","It's important to be aware of your own unconscious bias in decision-making.","의사결정에서 자신의 무의식적 편향을 인식하는 게 중요해."
"Beginner","bias","The study was criticized for its clear bias toward a particular group.","그 연구는 특정 집단에 대한 명백한 편향으로 비판받았어."
"Beginner","bias","Try to look at the situation without any preconceived bias.","선입견에 따른 편향 없이 상황을 바라보려고 해봐."
"Beginner","clarify","Could you clarify what you mean by that last point?","마지막 요점이 무슨 의미인지 명확하게 해줄 수 있어?"
"Beginner","clarify","She took a moment to clarify the expectations before the project began.","그녀는 프로젝트가 시작되기 전에 기대치를 명확히 하는 시간을 가졌어."
"Beginner","clarify","Let me clarify — I wasn't saying you were wrong, just suggesting an alternative.","명확히 하자면, 네가 틀렸다는 게 아니라 그냥 대안을 제안한 거야."
"Beginner","classify","Can you help me classify these documents by topic and priority?","이 문서들을 주제와 우선순위별로 분류하는 걸 도와줄 수 있어?"
"Beginner","classify","Scientists classify living organisms into different groups based on shared characteristics.","과학자들은 공유된 특성에 따라 생물을 다른 그룹으로 분류해."
"Beginner","classify","The new data was classified as confidential and shared only with senior staff.","새 데이터는 기밀로 분류돼 고위 직원에게만 공유됐어."
"Beginner","coherent","Her argument was coherent, logical and very easy to follow.","그녀의 주장은 일관성 있고 논리적이며 따라가기 매우 쉬웠어."
"Beginner","coherent","Please make sure your essay has a coherent structure from start to finish.","에세이가 처음부터 끝까지 일관된 구조를 갖추도록 해줘."
"Beginner","coherent","It's hard to make a coherent plan when you don't have all the facts yet.","아직 모든 사실을 갖추지 않은 상태에서 일관된 계획을 세우는 건 어려워."
"Beginner","compile","I've been asked to compile a full report on last quarter's results.","지난 분기 결과에 대한 전체 보고서를 작성하도록 요청받았어."
"Beginner","compile","She spent the whole afternoon compiling data from various different sources.","그녀는 오후 내내 여러 다른 출처에서 데이터를 수집했어."
"Beginner","compile","Can you compile a list of all the clients we've contacted this month?","이번 달에 연락한 모든 클라이언트 목록을 정리해줄 수 있어?"
"Beginner","concise","Please keep your answer concise — no more than two or three sentences.","답변을 간결하게 해줘, 두세 문장을 넘지 않게."
"Beginner","concise","Good writing is always clear, concise and easy to understand.","좋은 글쓰기는 항상 명확하고 간결하며 이해하기 쉬워."
"Beginner","concise","She gave a concise summary of the meeting that covered all the key points.","그녀는 모든 핵심 사항을 다룬 회의의 간결한 요약을 제공했어."
"Beginner","context","Without knowing the full context, it's hard to judge the situation fairly.","전체 맥락을 알지 못하면 상황을 공정하게 판단하기 어려워."
"Beginner","context","Always consider the cultural context when working with international teams.","국제 팀과 일할 때는 항상 문화적 맥락을 고려해."
"Beginner","context","The quote was taken completely out of context and misrepresented the speaker's intent.","그 인용문은 완전히 맥락에서 벗어나 발언자의 의도를 잘못 전달했어."
"Beginner","credibility","Her credibility as an expert was beyond any doubt.","전문가로서 그녀의 신뢰성은 의심할 여지가 없었어."
"Beginner","credibility","One mistake can seriously damage your professional credibility.","실수 하나가 당신의 전문적 신뢰성을 심각하게 손상시킬 수 있어."
"Beginner","credibility","Consistently delivering quality work is the best way to build lasting credibility.","꾸준히 질 높은 업무를 수행하는 게 지속적인 신뢰성을 쌓는 가장 좋은 방법이야."
"Beginner","criterion","The main criterion for selection is relevant experience in the field.","선발의 주요 기준은 해당 분야의 관련 경험이야."
"Beginner","criterion","We evaluated each proposal based on a strict set of criteria.","우리는 엄격한 기준 세트를 바탕으로 각 제안서를 평가했어."
"Beginner","criterion","What is the key criterion you use when making important career decisions?","중요한 커리어 결정을 내릴 때 사용하는 핵심 기준이 뭐야?"
"Beginner","critique","She welcomed the constructive critique and used it to improve her work.","그녀는 건설적인 비평을 환영하고 업무 개선에 활용했어."
"Beginner","critique","A fair critique focuses on the work itself, not on the person who did it.","공정한 비평은 그것을 한 사람이 아니라 작업 자체에 집중해."
"Beginner","critique","The professor asked us to write a critical critique of the article.","교수는 우리에게 그 기사에 대한 비판적인 평론을 작성하도록 요청했어."
"Beginner","dedicate","She dedicated years of her life to mastering the craft.","그녀는 그 기술을 완성하는 데 인생의 수년을 바쳤어."
"Beginner","dedicate","He dedicated the book to his mother, who always believed in him.","그는 항상 자신을 믿어준 어머니에게 책을 헌정했어."
"Beginner","dedicate","You need to dedicate real time and energy to make this project a success.","이 프로젝트를 성공시키려면 진짜 시간과 에너지를 쏟아야 해."
"Beginner","define","Before we start, let's clearly define the scope of this project.","시작하기 전에 이 프로젝트의 범위를 명확히 정의하자."
"Beginner","define","How you respond to failure often defines your long-term character.","실패에 어떻게 반응하는지가 종종 당신의 장기적인 성격을 규정해."
"Beginner","define","The word ""success"" is defined differently by different people.","""성공""이라는 단어는 사람마다 다르게 정의돼."
"Beginner","demonstrate","She demonstrated her skills confidently during the interview.","그녀는 면접 중에 자신의 기술을 자신감 있게 보여줬어."
"Beginner","demonstrate","The results clearly demonstrate that the new approach is working well.","결과가 새로운 접근 방식이 잘 작동하고 있다는 걸 명확히 보여줘."
"Beginner","demonstrate","Can you demonstrate how to use this software step by step?","이 소프트웨어 사용법을 단계별로 시연해줄 수 있어?"
"Beginner","differentiate","What truly differentiates your product from all the competitors out there?","당신의 제품을 시장의 모든 경쟁사와 진정으로 차별화하는 게 뭐야?"
"Beginner","differentiate","It's important to differentiate between facts and personal opinions.","사실과 개인적인 의견을 구별하는 게 중요해."
"Beginner","differentiate","She differentiated herself by combining technical skills with strong creativity.","그녀는 기술적인 기술과 강한 창의성을 결합해 자신을 차별화했어."
"Beginner","discrepancy","There's a noticeable discrepancy between what was promised and what was delivered.","약속된 것과 전달된 것 사이에 눈에 띄는 차이가 있어."
"Beginner","discrepancy","The accountant found a discrepancy in the financial records that needed investigating.","회계사는 조사가 필요한 재무 기록의 불일치를 발견했어."
"Beginner","discrepancy","Please explain the discrepancy between your two different answers.","당신의 두 가지 다른 답변 사이의 불일치를 설명해줘."
"Beginner","diverse","The team is incredibly diverse, with members from over fifteen different countries.","팀은 15개 이상의 나라에서 온 팀원들로 믿을 수 없을 만큼 다양해."
"Beginner","diverse","She has diverse interests ranging from classical music to extreme sports.","그녀는 클래식 음악부터 익스트림 스포츠까지 다양한 관심사를 가지고 있어."
"Beginner","diverse","A diverse range of perspectives always leads to better and more creative solutions.","다양한 시각이 항상 더 좋고 더 창의적인 해결책으로 이어져."
"Beginner","elaborate","Could you elaborate a bit more on what you mean by that?","그게 무슨 의미인지 좀 더 자세히 설명해줄 수 있어?"
"Beginner","elaborate","She gave an elaborate presentation with detailed charts and data.","그녀는 상세한 차트와 데이터로 정교한 발표를 했어."
"Beginner","elaborate","I don't want to over-elaborate — the main point is actually quite simple.","너무 장황하게 설명하고 싶지 않아, 주요 요점은 실제로 꽤 간단해."
"Beginner","empirical","The theory is supported by a large body of empirical evidence.","그 이론은 방대한 실증적 증거에 의해 뒷받침돼."
"Beginner","empirical","We need empirical data, not just assumptions, to make this decision.","이 결정을 내리려면 단순한 가정이 아닌 실증 데이터가 필요해."
"Beginner","empirical","Empirical research relies on direct observation and measurable results.","실증 연구는 직접 관찰과 측정 가능한 결과에 의존해."
"Beginner","encompass","The course encompasses a wide range of topics, from history to modern science.","그 강좌는 역사부터 현대 과학까지 광범위한 주제를 포괄해."
"Beginner","encompass","Her responsibilities encompass everything from planning to final delivery.","그녀의 책임은 계획부터 최종 납품까지 모든 것을 포괄해."
"Beginner","encompass","The park encompasses over two hundred hectares of protected natural habitat.","그 공원은 200헥타르 이상의 보호된 자연 서식지를 아우르고 있어."
"Beginner","endure","She endured many hardships on the road to achieving her dream.","그녀는 꿈을 이루는 길에서 많은 고난을 견뎌냈어."
"Beginner","endure","Great relationships are built to endure even through the toughest times.","훌륭한 관계는 가장 힘든 시기에도 버틸 수 있도록 만들어져."
"Beginner","endure","The ancient buildings have endured for thousands of years.","그 고대 건물들은 수천 년 동안 견뎌왔어."
"Beginner","explicit","Please be explicit about your expectations from the very beginning.","처음부터 당신의 기대를 명시적으로 밝혀줘."
"Beginner","explicit","The contract includes an explicit clause about confidentiality.","계약서에는 기밀 유지에 관한 명시적인 조항이 포함돼 있어."
"Beginner","explicit","She gave explicit instructions so there was no room for misunderstanding.","그녀는 오해의 여지가 없도록 명확한 지시를 내렸어."
"Beginner","facilitate","Good leadership is about facilitating collaboration, not just giving orders.","좋은 리더십은 단순히 명령을 내리는 게 아니라 협업을 촉진하는 거야."
"Beginner","facilitate","Technology has greatly facilitated communication across long distances.","기술이 먼 거리에 걸친 소통을 크게 촉진했어."
"Beginner","facilitate","She was asked to facilitate the workshop for the new employees.","그녀는 신입 직원들을 위한 워크숍을 진행해달라는 요청을 받았어."
"Beginner","fluctuate","Prices tend to fluctuate based on market demand and seasonal factors.","가격은 시장 수요와 계절적 요인에 따라 변동하는 경향이 있어."
"Beginner","fluctuate","My energy levels often fluctuate throughout the day depending on my sleep.","내 에너지 수준은 수면에 따라 하루 중 자주 변동돼."
"Beginner","fluctuate","The temperature can fluctuate dramatically in the desert between day and night.","사막에서는 낮과 밤 사이에 온도가 극적으로 변동할 수 있어."
"Beginner","formulate","We need to formulate a clear plan before we take any further action.","더 이상의 행동을 취하기 전에 명확한 계획을 수립해야 해."
"Beginner","formulate","She carefully formulated her response so it wouldn't cause offence.","그녀는 기분을 상하게 하지 않도록 신중하게 답변을 구성했어."
"Beginner","formulate","The team spent weeks formulating the new company strategy together.","팀은 함께 새로운 회사 전략을 수립하는 데 몇 주를 보냈어."
"Beginner","framework","We need a solid framework in place before we start the actual development.","실제 개발을 시작하기 전에 탄탄한 틀을 마련해야 해."
"Beginner","framework","The company uses a clear decision-making framework for all major choices.","회사는 모든 주요 선택에 대해 명확한 의사결정 프레임워크를 사용해."
"Beginner","framework","A good framework helps teams work consistently and efficiently together.","좋은 프레임워크는 팀이 일관성 있고 효율적으로 함께 일하도록 도와줘."
"Beginner","genuine","Her interest in the topic was completely genuine and deeply heartfelt.","그 주제에 대한 그녀의 관심은 완전히 진심이고 깊은 곳에서 우러나왔어."
"Beginner","genuine","People can always tell the difference between genuine kindness and flattery.","사람들은 항상 진심 어린 친절과 아첨의 차이를 알 수 있어."
"Beginner","genuine","He gave a genuine apology and made a real effort to fix the situation.","그는 진심 어린 사과를 하고 상황을 바로잡기 위해 진정한 노력을 기울였어."
"Beginner","hypothesis","The scientist developed a hypothesis based on her initial observations.","그 과학자는 초기 관찰을 바탕으로 가설을 세웠어."
"Beginner","hypothesis","Let's test this hypothesis with some real data before drawing any conclusions.","어떤 결론을 도출하기 전에 실제 데이터로 이 가설을 검증해보자."
"Beginner","hypothesis","A good hypothesis is specific, testable and clearly stated.","좋은 가설은 구체적이고 검증 가능하며 명확하게 서술돼."
"Beginner","implement","We plan to implement the new system starting from next Monday.","다음 주 월요일부터 새 시스템을 도입할 계획이야."
"Beginner","implement","It's one thing to have a great idea, but another to actually implement it.","좋은 아이디어를 갖는 것과 실제로 그것을 실행하는 건 별개야."
"Beginner","implement","The feedback was positive, so we decided to implement the changes immediately.","피드백이 긍정적이어서 즉시 변경사항을 시행하기로 결정했어."
"Beginner","implication","Have you thought through all the implications of this decision?","이 결정의 모든 함의를 충분히 생각해봤어?"
"Beginner","implication","The implications of the new policy are still not fully understood by everyone.","새 정책의 함의는 아직 모든 사람이 완전히 이해하지 못하고 있어."
"Beginner","implication","Her comments had clear implications about who was responsible for the failure.","그녀의 발언은 실패에 대한 책임이 누구에게 있는지에 대한 명확한 함의가 있었어."
"Beginner","inevitable","Change is inevitable — the key is how well you adapt to it.","변화는 피할 수 없어, 핵심은 그것에 얼마나 잘 적응하느냐야."
"Beginner","inevitable","It felt inevitable that the two companies would eventually merge.","두 회사가 결국 합병될 것은 필연적으로 느껴졌어."
"Beginner","inevitable","Making some mistakes along the way is an inevitable part of learning.","중간에 실수를 저지르는 것은 배움의 필연적인 부분이야."
"Beginner","innovative","The company is known for its innovative approach to problem-solving.","그 회사는 문제 해결에 대한 혁신적인 접근 방식으로 알려져 있어."
"Beginner","innovative","She came up with an incredibly innovative solution that no one had thought of before.","그녀는 아무도 생각하지 못했던 믿을 수 없을 만큼 혁신적인 해결책을 내놨어."
"Beginner","innovative","To stay competitive, businesses must constantly be innovative.","경쟁력을 유지하려면 기업들은 끊임없이 혁신적이어야 해."
"Beginner","integrate","The goal is to integrate the new software with all our existing systems.","목표는 새 소프트웨어를 기존 시스템 전체와 통합하는 거야."
"Beginner","integrate","She found it easy to integrate into the new team thanks to her open personality.","그녀는 개방적인 성격 덕분에 새 팀에 쉽게 융화됐어."
"Beginner","integrate","The curriculum integrates both theory and hands-on practical experience.","커리큘럼은 이론과 직접적인 실습 경험을 통합해."
"Beginner","intervene","Sometimes it's necessary to intervene before a small problem becomes a big one.","작은 문제가 큰 문제로 발전하기 전에 개입하는 게 필요할 때가 있어."
"Beginner","intervene","A teacher intervened and helped resolve the conflict between the two students.","선생님이 개입해서 두 학생 사이의 갈등을 해결하는 데 도움을 줬어."
"Beginner","intervene","He chose not to intervene, preferring to let them work it out themselves.","그는 개입하지 않기로 선택하고 그들이 스스로 해결하도록 두는 걸 선호했어."
"Beginner","justify","Can you justify the extra cost with a clear business case?","명확한 사업 근거로 추가 비용을 정당화할 수 있어?"
"Beginner","justify","No amount of pressure can justify cutting corners on safety.","어떤 압박도 안전을 소홀히 하는 걸 정당화할 수 없어."
"Beginner","justify","She justified her decision by explaining the long-term benefits clearly.","그녀는 장기적인 이점을 명확하게 설명하여 자신의 결정을 정당화했어."
"Beginner","leverage","How can we best leverage our existing strengths to grow faster?","더 빠르게 성장하기 위해 기존 강점을 어떻게 가장 잘 활용할 수 있을까?"
"Beginner","leverage","She leveraged her network to land the job she'd always wanted.","그녀는 인맥을 활용해 항상 원했던 직업을 얻었어."
"Beginner","leverage","Using data as leverage in negotiations can be very effective.","협상에서 데이터를 레버리지로 사용하는 건 매우 효과적일 수 있어."
"Beginner","nuance","There's a lot of nuance to this issue that the headline doesn't capture.","이 문제에는 헤드라인이 담지 못한 많은 미묘함이 있어."
"Beginner","nuance","A skilled communicator always pays attention to the nuances of language.","능숙한 소통가는 항상 언어의 미묘함에 주의를 기울여."
"Beginner","nuance","Understanding cultural nuance is key when doing business internationally.","국제적으로 사업을 할 때 문화적 미묘함을 이해하는 게 핵심이야."
"Beginner","optimal","What would be the optimal time to schedule the meeting for everyone?","모든 사람에게 회의를 예약하기 위한 최적의 시간이 언제야?"
"Beginner","optimal","Regular breaks actually help you maintain optimal concentration throughout the day.","규칙적인 휴식이 실제로 하루 종일 최적의 집중력을 유지하는 데 도움이 돼."
"Beginner","optimal","We're still looking for the optimal solution that satisfies all the requirements.","모든 요구 사항을 충족하는 최적의 해결책을 여전히 찾고 있어."
"Beginner","paradigm","The internet created a complete paradigm shift in how we communicate.","인터넷은 우리가 소통하는 방식에 완전한 패러다임 전환을 만들어냈어."
"Beginner","paradigm","She challenged the existing paradigm and proposed a completely new way of thinking.","그녀는 기존 패러다임에 도전하고 완전히 새로운 사고방식을 제안했어."
"Beginner","paradigm","Breaking the old paradigm is often the hardest part of driving real change.","낡은 패러다임을 깨는 게 종종 진정한 변화를 이끄는 가장 어려운 부분이야."
"Beginner","persist","If you persist through the early struggles, it eventually gets much easier.","초기 어려움을 꾸준히 버텨내면 결국 훨씬 쉬워져."
"Beginner","persist","The problem persisted despite several attempts to fix it.","여러 번의 수정 시도에도 불구하고 문제가 지속됐어."
"Beginner","persist","She persisted in pursuing her goals even when others doubted her.","다른 사람들이 의심할 때도 그녀는 목표를 향해 꾸준히 나아갔어."
"Beginner","perspective","Travelling really opened my eyes to a much broader global perspective.","여행이 훨씬 더 넓은 세계적 시각을 갖도록 내 눈을 열어줬어."
"Beginner","perspective","It's helpful to look at the problem from a completely different perspective.","완전히 다른 관점에서 문제를 바라보는 게 도움이 돼."
"Beginner","perspective","Her unique perspective brought fresh ideas that the whole team appreciated.","그녀의 독특한 시각이 팀 전체가 높이 평가한 신선한 아이디어를 가져왔어."
"Beginner","prioritize","You need to prioritize your tasks or you'll end up overwhelmed.","일을 우선순위별로 정해야 해, 그렇지 않으면 압도당하게 될 거야."
"Beginner","prioritize","The team agreed to prioritize customer satisfaction above everything else.","팀은 모든 것보다 고객 만족을 최우선으로 하기로 합의했어."
"Beginner","prioritize","Learning to prioritize is one of the most important productivity skills.","우선순위를 정하는 법을 배우는 건 가장 중요한 생산성 기술 중 하나야."
"Beginner","proactive","Being proactive means solving problems before they actually happen.","선제적으로 행동한다는 건 문제가 실제로 발생하기 전에 해결한다는 의미야."
"Beginner","proactive","She took a proactive approach and reached out to clients before they complained.","그녀는 선제적인 접근법을 취해 고객들이 불평하기 전에 먼저 연락했어."
"Beginner","proactive","Employers really value proactive team members who take initiative.","고용주들은 솔선수범하는 능동적인 팀원을 정말 높이 평가해."
"Beginner","reinforce","Positive feedback helps reinforce good habits and behaviours.","긍정적인 피드백이 좋은 습관과 행동을 강화하는 데 도움이 돼."
"Beginner","reinforce","The training was designed to reinforce the key concepts from the workshop.","그 교육은 워크숍의 핵심 개념들을 강화하도록 설계됐어."
"Beginner","reinforce","Regular practice is the most effective way to reinforce what you've learned.","규칙적인 연습이 배운 내용을 강화하는 가장 효과적인 방법이야."
"Beginner","resilience","Resilience is one of the most valuable qualities you can develop in life.","회복력은 삶에서 개발할 수 있는 가장 가치 있는 자질 중 하나야."
"Beginner","resilience","She showed incredible resilience after losing her job unexpectedly.","그녀는 예상치 못하게 직업을 잃은 후 놀라운 회복력을 보여줬어."
"Beginner","resilience","Building resilience takes time, experience and a willingness to face challenges.","회복력을 쌓는 데는 시간, 경험, 그리고 도전에 맞서려는 의지가 필요해."
"Beginner","scrutinize","The committee will scrutinize every line of the budget before approving it.","위원회는 예산을 승인하기 전에 모든 항목을 꼼꼼히 검토할 거야."
"Beginner","scrutinize","She scrutinized the contract carefully before putting her signature on it.","그녀는 서명하기 전에 계약서를 꼼꼼히 검토했어."
"Beginner","scrutinize","Public figures are constantly scrutinized by the media and the general public.","공인들은 언론과 일반 대중에게 끊임없이 면밀히 살펴봄을 당해."
"Beginner","stereotype","It's unfair to judge someone based on a stereotype rather than who they actually are.","누군가를 실제 자신이 아닌 고정관념으로 판단하는 건 불공정해."
"Beginner","stereotype","She broke the stereotype by becoming a top engineer in a male-dominated field.","그녀는 남성 중심 분야에서 최고의 엔지니어가 되어 고정관념을 깨뜨렸어."
"Beginner","stereotype","Stereotypes can be harmful because they oversimplify complex human identities.","고정관념은 복잡한 인간 정체성을 지나치게 단순화하기 때문에 해로울 수 있어."
"Intermediate","accountability","Accountability in the workplace means owning your mistakes and learning from them.","직장에서의 책임감은 실수를 인정하고 거기서 배운다는 의미야."
"Intermediate","accountability","Without clear accountability, it's hard to know who is responsible for what.","명확한 책임 소재 없이는 누가 무엇을 책임지는지 알기 어려워."
"Intermediate","accountability","She held herself to a high standard of accountability in everything she did.","그녀는 자신이 하는 모든 일에서 높은 수준의 책임감을 스스로에게 요구했어."
"Intermediate","adaptation","Rapid adaptation to change is one of the most valuable skills in today's world.","변화에 빠르게 적응하는 능력은 오늘날 세상에서 가장 가치 있는 기술 중 하나야."
"Intermediate","adaptation","The film is a faithful adaptation of the original bestselling novel.","그 영화는 원작 베스트셀러 소설의 충실한 각색이야."
"Intermediate","adaptation","Successful adaptation to a new culture takes time, patience and an open mind.","새로운 문화에 성공적으로 적응하는 데는 시간과 인내심, 열린 마음이 필요해."
"Intermediate","adversity","True character is revealed in how you respond to adversity.","진정한 성격은 역경에 어떻게 반응하는가에서 드러나."
"Intermediate","adversity","She overcame tremendous adversity to reach the top of her profession.","그녀는 엄청난 역경을 극복하고 자신의 직업 분야 정상에 올랐어."
"Intermediate","adversity","Facing adversity early in life can build remarkable resilience for the future.","인생 초반에 역경을 마주하면 미래를 위한 놀라운 회복력을 키울 수 있어."
"Intermediate","advocate","She is a passionate advocate for equal pay and workplace diversity.","그녀는 동등한 임금과 직장 다양성을 위한 열정적인 옹호자야."
"Intermediate","advocate","He has always advocated for the rights of underprivileged communities.","그는 항상 소외된 계층의 권리를 옹호해왔어."
"Intermediate","advocate","The organization advocates for stronger environmental protection policies.","그 단체는 더 강력한 환경 보호 정책을 지지해."
"Intermediate","aggregate","The aggregate data shows a clear upward trend over the past five years.","집계 데이터는 지난 5년간 뚜렷한 상승 추세를 보여줘."
"Intermediate","aggregate","We need to aggregate all the survey results before drawing any conclusions.","어떤 결론을 내리기 전에 모든 설문 결과를 합산해야 해."
"Intermediate","aggregate","The aggregate cost of the project exceeded the original budget by 20%.","프로젝트의 총 비용이 원래 예산을 20% 초과했어."
"Intermediate","allocate","We need to allocate resources more efficiently across all departments.","모든 부서에 자원을 더 효율적으로 배분해야 해."
"Intermediate","allocate","The government plans to allocate more funding to public healthcare.","정부는 공공 의료에 더 많은 예산을 배정할 계획이야."
"Intermediate","allocate","How you allocate your time reflects what you truly value.","시간을 어떻게 배분하는지가 당신이 진정으로 무엇을 중요하게 여기는지를 보여줘."
"Intermediate","ambiguous","The contract clause was ambiguous and open to multiple interpretations.","계약 조항이 모호해서 다양하게 해석될 여지가 있었어."
"Intermediate","ambiguous","His ambiguous response left everyone unsure of his actual position.","그의 모호한 반응이 모든 사람을 그의 실제 입장에 대해 확신하지 못하게 했어."
"Intermediate","ambiguous","Try to avoid ambiguous wording in official communications.","공식 커뮤니케이션에서는 모호한 표현을 피하려고 해봐."
"Intermediate","ambivalent","She felt ambivalent about the promotion — excited but also anxious.","그녀는 승진에 대해 양가감정을 느꼈어, 설레면서도 불안했어."
"Intermediate","ambivalent","Many voters remain ambivalent about the proposed policy changes.","많은 유권자들이 제안된 정책 변화에 대해 여전히 양가적인 태도를 보이고 있어."
"Intermediate","ambivalent","It's perfectly normal to feel ambivalent when facing a major life decision.","중요한 인생 결정에 직면했을 때 양가감정을 느끼는 건 완전히 정상이야."
"Intermediate","amplify","Social media has the power to amplify both positive and negative messages.","소셜 미디어는 긍정적인 메시지와 부정적인 메시지 모두를 증폭시키는 힘이 있어."
"Intermediate","amplify","The new policy will only amplify the existing inequalities in the system.","새 정책은 시스템 내 기존 불평등만 더 심화시킬 거야."
"Intermediate","amplify","She used storytelling to amplify the impact of her presentation.","그녀는 스토리텔링을 활용해 발표의 효과를 증폭시켰어."
"Intermediate","analogy","He used a simple analogy to explain the complex concept to the students.","그는 학생들에게 복잡한 개념을 설명하기 위해 간단한 비유를 사용했어."
"Intermediate","analogy","A useful analogy helps make abstract ideas much easier to understand.","유용한 비유는 추상적인 아이디어를 훨씬 이해하기 쉽게 만들어줘."
"Intermediate","analogy","The teacher drew an analogy between the human brain and a computer.","선생님은 인간의 뇌와 컴퓨터 사이의 비유를 들었어."
"Intermediate","anecdote","She opened her speech with a funny personal anecdote to engage the audience.","그녀는 청중을 끌어들이기 위해 재미있는 개인적인 일화로 연설을 시작했어."
"Intermediate","anecdote","An anecdote can make a presentation far more relatable and memorable.","일화는 발표를 훨씬 더 공감 가능하고 기억에 남도록 만들 수 있어."
"Intermediate","anecdote","The book is full of fascinating historical anecdotes about the era.","그 책은 그 시대에 관한 흥미로운 역사적 일화들로 가득해."
"Intermediate","anticipate","Good managers anticipate problems before they escalate into crises.","좋은 관리자는 문제가 위기로 악화되기 전에 예측해."
"Intermediate","anticipate","We didn't anticipate the level of public interest the event would generate.","그 행사가 만들어낼 대중적 관심의 수준을 예측하지 못했어."
"Intermediate","anticipate","Anticipating customer needs gives your business a significant competitive edge.","고객의 필요를 예측하는 것이 사업에 상당한 경쟁 우위를 줘."
"Intermediate","apparatus","The laboratory is equipped with highly sophisticated scientific apparatus.","그 실험실은 매우 정교한 과학 장치를 갖추고 있어."
"Intermediate","apparatus","The bureaucratic apparatus made the approval process unnecessarily slow.","관료적인 조직 구조가 승인 과정을 불필요하게 느리게 만들었어."
"Intermediate","apparatus","Understanding the legal apparatus is essential for any business operating globally.","글로벌로 운영되는 모든 사업에서 법적 체계를 이해하는 건 필수야."
"Intermediate","articulate","She is an articulate speaker who can communicate complex ideas with clarity.","그녀는 복잡한 아이디어를 명확하게 전달할 수 있는 표현력이 뛰어난 연사야."
"Intermediate","articulate","Being able to articulate your vision is crucial for effective leadership.","비전을 명확하게 표현할 수 있는 것이 효과적인 리더십에 매우 중요해."
"Intermediate","articulate","He struggled to articulate how he felt, even though the emotions were intense.","감정이 강렬했음에도 불구하고 그는 자신의 감정을 표현하는 데 어려움을 겪었어."
"Intermediate","aspiration","Her aspiration to become a doctor started when she was just a child.","의사가 되고 싶다는 그녀의 열망은 어렸을 때부터 시작됐어."
"Intermediate","aspiration","Having high aspirations is important, but they must be paired with concrete action.","높은 열망을 갖는 것도 중요하지만 구체적인 행동이 수반돼야 해."
"Intermediate","aspiration","The company's aspiration is to become the global leader in sustainable technology.","회사의 목표는 지속 가능한 기술 분야에서 세계적인 선두주자가 되는 거야."
"Intermediate","assimilate","It takes time to assimilate into a new workplace culture fully.","새로운 직장 문화에 완전히 동화되는 데는 시간이 걸려."
"Intermediate","assimilate","Children tend to assimilate new languages more quickly than adults.","아이들은 어른들보다 새로운 언어를 더 빠르게 습득하는 경향이 있어."
"Intermediate","assimilate","The new information was difficult to assimilate without prior context.","사전 맥락 없이는 새로운 정보를 소화하기 어려웠어."
"Intermediate","assumption","Never make an assumption about what your client actually wants — always ask.","클라이언트가 원하는 것을 절대 추측하지 마, 항상 물어봐."
"Intermediate","assumption","The plan was based on a flawed assumption that the market would grow.","그 계획은 시장이 성장할 것이라는 잘못된 가정에 기반했어."
"Intermediate","assumption","Questioning your assumptions is the first step toward genuine critical thinking.","자신의 가정에 의문을 제기하는 게 진정한 비판적 사고의 첫걸음이야."
"Intermediate","autonomous","The region has been largely autonomous in governing its own affairs.","그 지역은 자체 사무를 관리하는 데 있어 대체로 자율적이어왔어."
"Intermediate","autonomous","Autonomous vehicles are becoming an increasingly realistic prospect.","자율 주행 차량이 점점 더 현실적인 가능성이 되고 있어."
"Intermediate","autonomous","She thrives in an autonomous work environment where she sets her own goals.","그녀는 스스로 목표를 설정하는 자율적인 업무 환경에서 잘 성장해."
"Intermediate","benchmark","The company set a new industry benchmark with its record-breaking performance.","그 회사는 기록적인 실적으로 새로운 업계 기준을 세웠어."
"Intermediate","benchmark","Regular benchmarking helps you see how your progress compares to competitors.","정기적인 벤치마킹은 경쟁사 대비 자신의 진척 상황을 파악하는 데 도움이 돼."
"Intermediate","benchmark","The test scores serve as a benchmark for measuring student improvement.","시험 점수는 학생 향상도를 측정하는 기준으로 활용돼."
"Intermediate","bias","Confirmation bias leads people to only seek information that supports their views.","확증 편향은 사람들로 하여금 자신의 견해를 뒷받침하는 정보만 찾게 만들어."
"Intermediate","bias","Unconscious bias in hiring can prevent talented candidates from being selected.","채용 과정의 무의식적 편향이 유능한 지원자가 선발되는 것을 막을 수 있어."
"Intermediate","bias","Good journalists strive to report the news without bias.","좋은 기자들은 편향 없이 뉴스를 보도하려고 노력해."
"Intermediate","bureaucracy","The bureaucracy involved in getting a permit can be incredibly frustrating.","허가를 받는 데 관련된 관료주의는 믿을 수 없을 만큼 답답할 수 있어."
"Intermediate","bureaucracy","Cutting through bureaucracy is one of the biggest challenges for new businesses.","관료주의를 돌파하는 것이 신생 기업들의 가장 큰 도전 중 하나야."
"Intermediate","bureaucracy","She navigated the complex bureaucracy with impressive patience and persistence.","그녀는 인상적인 인내심과 끈기로 복잡한 관료 체계를 헤쳐나갔어."
"Intermediate","catalyst","The financial crisis acted as a catalyst for sweeping regulatory reforms.","금융 위기가 대대적인 규제 개혁의 촉매제 역할을 했어."
"Intermediate","catalyst","Meeting that mentor was the catalyst that completely transformed her career.","그 멘토를 만난 것이 그녀의 커리어를 완전히 바꾼 촉매가 됐어."
"Intermediate","catalyst","Innovation often needs a catalyst — a problem that demands a creative solution.","혁신에는 종종 촉매가 필요해, 창의적인 해결책을 요구하는 문제 같은 것."
"Intermediate","chronic","Chronic stress can have serious long-term effects on your physical and mental health.","만성 스트레스는 신체적, 정신적 건강에 심각한 장기적 영향을 미칠 수 있어."
"Intermediate","chronic","The region suffers from chronic unemployment that has persisted for decades.","그 지역은 수십 년간 지속된 만성적인 실업에 시달리고 있어."
"Intermediate","chronic","He has been managing a chronic back condition with physiotherapy and exercise.","그는 물리치료와 운동으로 만성적인 허리 상태를 관리해오고 있어."
"Intermediate","circumvent","Some companies try to circumvent environmental regulations to cut costs.","일부 기업들은 비용 절감을 위해 환경 규정을 피하려 시도해."
"Intermediate","circumvent","They found a clever way to circumvent the bureaucratic bottleneck.","그들은 관료적인 병목 현상을 우회하는 영리한 방법을 찾았어."
"Intermediate","circumvent","Any attempt to circumvent the rules will result in immediate disqualification.","규칙을 우회하려는 어떤 시도도 즉각적인 실격으로 이어질 거야."
"Intermediate","cohesion","Team cohesion is essential for high performance in any competitive environment.","팀 결속력은 어떤 경쟁적 환경에서도 높은 성과를 위해 필수야."
"Intermediate","cohesion","The lack of cohesion within the party led to its eventual downfall.","당 내 결속력 부재가 결국 그것의 몰락으로 이어졌어."
"Intermediate","cohesion","Regular team-building activities help strengthen cohesion among colleagues.","정기적인 팀빌딩 활동이 동료들 사이의 결속력을 강화하는 데 도움이 돼."
"Intermediate","collaborate","The two companies decided to collaborate on developing a new sustainable product.","두 회사는 새로운 지속 가능한 제품 개발을 위해 협력하기로 결정했어."
"Intermediate","collaborate","The best outcomes often emerge when diverse teams collaborate openly.","최고의 결과는 다양한 팀이 개방적으로 협력할 때 종종 나타나."
"Intermediate","collaborate","She loves to collaborate with others — she finds it far more energising than working alone.","그녀는 다른 사람들과 협력하는 걸 좋아해, 혼자 일하는 것보다 훨씬 더 활기차게 느껴져."
"Intermediate","compassion","Compassion is at the heart of truly effective leadership.","공감은 진정으로 효과적인 리더십의 핵심이야."
"Intermediate","compassion","She showed great compassion toward her colleagues during a difficult period.","그녀는 어려운 시기 동안 동료들에게 큰 연민을 보여줬어."
"Intermediate","compassion","Compassion fatigue is a real risk for those working in high-stress caring roles.","공감 피로는 스트레스가 높은 돌봄 역할에 종사하는 사람들에게 실제 위험이야."
"Intermediate","compelling","She made a compelling case for investing in renewable energy.","그녀는 재생 에너지에 투자하기 위한 설득력 있는 주장을 펼쳤어."
"Intermediate","compelling","The documentary is so compelling that I watched the entire series in one sitting.","그 다큐멘터리가 너무 매력적이어서 시리즈 전체를 한자리에서 봤어."
"Intermediate","compelling","Without compelling evidence, the argument simply won't hold up.","설득력 있는 증거 없이는 그 주장이 유지될 수 없어."
"Intermediate","complacency","Success can breed complacency, which is one of the biggest risks for any company.","성공이 자기만족을 낳을 수 있는데, 이게 모든 기업에 가장 큰 위험 중 하나야."
"Intermediate","complacency","Don't let complacency set in — there's always room for improvement.","자기만족에 빠지지 마, 항상 개선의 여지가 있어."
"Intermediate","complacency","The team's complacency after early wins cost them dearly in the final rounds.","초반 승리 이후 팀의 안이함이 결국 결승 라운드에서 큰 대가를 치르게 했어."
"Intermediate","comprehensive","The report provides a comprehensive overview of the current market landscape.","그 보고서는 현재 시장 환경에 대한 포괄적인 개요를 제공해."
"Intermediate","comprehensive","We conducted a comprehensive review of all existing policies and procedures.","모든 기존 정책과 절차에 대한 포괄적인 검토를 실시했어."
"Intermediate","comprehensive","A comprehensive training programme was rolled out for all new employees.","모든 신입 직원을 위한 포괄적인 교육 프로그램이 시작됐어."
"Intermediate","conceive","He conceived the idea for the app while solving his own daily frustrations.","그는 자신의 일상적인 불편함을 해결하면서 앱에 대한 아이디어를 구상했어."
"Intermediate","conceive","It's hard to conceive of a world without the internet now.","이제 인터넷 없는 세상을 상상하기가 어려워."
"Intermediate","conceive","The project was originally conceived as a small internal initiative.","그 프로젝트는 원래 작은 내부 계획으로 구상됐어."
"Intermediate","concrete","Please provide concrete examples to support your argument.","주장을 뒷받침하기 위해 구체적인 예를 들어줘."
"Intermediate","concrete","We need a concrete plan, not just vague ideas and good intentions.","막연한 아이디어와 선한 의도가 아닌 구체적인 계획이 필요해."
"Intermediate","concrete","The results demonstrated a concrete improvement in overall performance.","결과는 전반적인 성과에서 구체적인 향상을 보여줬어."
"Intermediate","condescending","His condescending tone made everyone feel undervalued and disrespected.","그의 거만한 말투가 모든 사람이 과소평가받고 무시당하는 느낌이 들게 했어."
"Intermediate","condescending","There's a fine line between being helpful and being condescending.","도움이 되는 것과 거만하게 구는 것 사이에는 미묘한 차이가 있어."
"Intermediate","condescending","She left the meeting frustrated by her colleague's condescending attitude.","그녀는 동료의 거만한 태도에 답답함을 느끼며 회의를 나갔어."
"Intermediate","connotation","The word ""assertive"" has a positive connotation, while ""aggressive"" does not.","""단호한""이라는 단어는 긍정적인 함축이 있지만 ""공격적인""은 그렇지 않아."
"Intermediate","connotation","Be aware of the cultural connotations of words when communicating internationally.","국제적으로 소통할 때 단어의 문화적 함축을 인식해야 해."
"Intermediate","connotation","The term carries a negative connotation that might alienate some readers.","그 용어는 일부 독자들을 멀어지게 할 수 있는 부정적인 함축을 가지고 있어."
"Intermediate","consensus","The team reached a consensus after a long but productive discussion.","팀은 길지만 생산적인 토론 끝에 합의에 도달했어."
"Intermediate","consensus","Building consensus takes time, but it leads to stronger buy-in from everyone.","합의를 형성하는 데는 시간이 걸리지만 모든 사람의 더 강한 동의로 이어져."
"Intermediate","consensus","There is scientific consensus that climate change is driven by human activity.","기후 변화가 인간 활동에 의해 촉진된다는 과학적 합의가 있어."
"Intermediate","consequence","Every decision you make has potential consequences you must be prepared for.","당신이 내리는 모든 결정에는 준비해야 할 잠재적인 결과가 있어."
"Intermediate","consequence","The long-term consequences of poor sleep are well documented by researchers.","수면 부족의 장기적인 결과는 연구자들에 의해 잘 문서화되어 있어."
"Intermediate","consequence","Acting without thinking through the consequences can lead to serious regret.","결과를 충분히 생각하지 않고 행동하면 심각한 후회로 이어질 수 있어."
"Intermediate","consolidate","The merger will help consolidate the company's position in the market.","합병은 시장에서 회사의 위치를 공고히 하는 데 도움이 될 거야."
"Intermediate","consolidate","She used the weekend to consolidate everything she had learned during the week.","그녀는 주말을 이용해 한 주 동안 배운 모든 것을 정리했어."
"Intermediate","consolidate","Consolidating debt into a single loan can simplify repayments significantly.","빚을 하나의 대출로 통합하면 상환을 크게 단순화할 수 있어."
"Intermediate","controversial","The new policy has proven highly controversial, dividing public opinion sharply.","새 정책은 매우 논란이 많은 것으로 드러났고 여론을 날카롭게 나눴어."
"Intermediate","controversial","It's a controversial topic, so approach it carefully and with sensitivity.","논란이 많은 주제이니 신중하고 배려 있게 다루도록 해."
"Intermediate","controversial","The controversial decision was met with both fierce support and strong opposition.","그 논란의 결정은 격렬한 지지와 강한 반대 양측을 맞닥뜨렸어."
"Intermediate","conviction","She spoke with absolute conviction about the importance of education.","그녀는 교육의 중요성에 대해 완전한 확신을 가지고 말했어."
"Intermediate","conviction","Having strong convictions is valuable, but being open to change is equally important.","강한 신념을 갖는 것도 소중하지만 변화에 열려 있는 것도 똑같이 중요해."
"Intermediate","conviction","His criminal conviction for fraud ended his once-promising political career.","사기 혐의로 인한 그의 유죄 판결이 한때 유망했던 정치 경력을 끝냈어."
"Intermediate","counterproductive","Micromanaging employees is usually counterproductive and damages trust.","직원을 지나치게 세세하게 관리하는 건 보통 역효과를 낳고 신뢰를 손상시켜."
"Intermediate","counterproductive","Working excessive hours is often counterproductive — fatigue reduces output quality.","과도한 시간 일하는 건 종종 역효과를 내, 피로가 결과물의 질을 낮추거든."
"Intermediate","counterproductive","Their aggressive negotiation tactics proved counterproductive in the long run.","그들의 공격적인 협상 전술은 장기적으로 역효과를 낳았어."
"Intermediate","credibility","A leader's credibility is built slowly through consistent actions over time.","리더의 신뢰성은 시간이 지남에 따라 일관된 행동을 통해 천천히 쌓여."
"Intermediate","credibility","The scandal severely damaged the organisation's credibility with the public.","그 스캔들은 대중에 대한 조직의 신뢰성을 심각하게 손상시켰어."
"Intermediate","credibility","Citing reliable sources adds credibility to any argument you make.","신뢰할 수 있는 출처를 인용하는 게 당신이 하는 모든 주장에 신뢰성을 더해줘."
"Intermediate","criterion","The primary criterion for the award is demonstrated impact on the community.","그 상의 주요 기준은 지역 사회에 대한 입증된 영향이야."
"Intermediate","criterion","We evaluated each application based on the same set of objective criteria.","같은 객관적인 기준 세트를 바탕으로 각 지원서를 평가했어."
"Intermediate","criterion","The selection criteria were made transparent to ensure a fair process.","공정한 절차를 보장하기 위해 선발 기준이 투명하게 공개됐어."
"Intermediate","critique","A strong critique identifies not just flaws but also suggests concrete improvements.","강력한 비평은 결함만 찾는 게 아니라 구체적인 개선안도 제시해."
"Intermediate","critique","She welcomed the critique of her work as an opportunity for growth.","그녀는 자신의 작업에 대한 비평을 성장의 기회로 환영했어."
"Intermediate","critique","The professor asked students to write a formal critique of the research paper.","교수는 학생들에게 그 연구 논문에 대한 공식적인 비평을 쓰도록 요청했어."
"Intermediate","culminate","Years of research culminated in a breakthrough discovery that changed the field.","수년간의 연구가 그 분야를 바꾼 획기적인 발견으로 결실을 맺었어."
"Intermediate","culminate","The training programme culminates in a final project and presentation.","교육 프로그램은 최종 프로젝트와 발표로 마무리돼."
"Intermediate","culminate","Their long collaboration culminated in the publication of a highly acclaimed book.","그들의 오랜 협력이 높은 평가를 받은 책 출판으로 절정에 달했어."
"Intermediate","cynical","After years of disappointment, he had become deeply cynical about politics.","수년간의 실망 끝에 그는 정치에 대해 깊이 냉소적이 됐어."
"Intermediate","cynical","A cynical attitude can be self-defeating — it prevents you from seeing real opportunities.","냉소적인 태도는 자기 파괴적일 수 있어, 진짜 기회를 보지 못하게 하거든."
"Intermediate","cynical","She was initially cynical about the new initiative, but the results won her over.","그녀는 처음에 새 계획에 대해 냉소적이었지만 결과가 그녀를 설득했어."
"Intermediate","dedicate","He has dedicated his entire career to advancing medical research.","그는 의학 연구를 발전시키는 데 커리어 전체를 바쳤어."
"Intermediate","dedicate","You need to dedicate focused time each day to make real progress on your goals.","목표에서 진정한 진전을 이루려면 매일 집중하는 시간을 할애해야 해."
"Intermediate","dedicate","The memorial was dedicated to the victims of the disaster.","그 기념비는 재난 희생자들에게 헌정됐어."
"Intermediate","demographic","The app is specifically targeting the 18–35 demographic.","그 앱은 특별히 18~35세 인구 집단을 타겟으로 하고 있어."
"Intermediate","demographic","Demographic shifts are creating new challenges for pension systems globally.","인구 통계학적 변화가 전 세계 연금 시스템에 새로운 도전을 만들어내고 있어."
"Intermediate","demographic","Understanding your target demographic is fundamental to effective marketing.","목표 인구 집단을 이해하는 것이 효과적인 마케팅의 기본이야."
"Intermediate","denounce","World leaders were quick to denounce the attack as an act of terrorism.","세계 지도자들은 그 공격을 테러 행위로 신속하게 규탄했어."
"Intermediate","denounce","She publicly denounced the company's unethical practices in a widely shared article.","그녀는 광범위하게 공유된 기사에서 회사의 비윤리적 관행을 공개적으로 비난했어."
"Intermediate","denounce","It takes courage to denounce wrongdoing even when it's politically costly.","정치적으로 대가가 따를 때도 잘못을 규탄하는 건 용기가 필요해."
"Intermediate","deteriorate","The relationship between the two countries began to deteriorate rapidly.","두 나라 사이의 관계가 빠르게 악화되기 시작했어."
"Intermediate","deteriorate","Without proper maintenance, the building will continue to deteriorate.","적절한 유지관리 없이는 건물이 계속 노후화될 거야."
"Intermediate","deteriorate","His health began to deteriorate after years of overwork and poor lifestyle choices.","수년간의 과로와 나쁜 생활 습관 선택 이후 그의 건강이 악화되기 시작했어."
"Intermediate","deviate","The project started to deviate from the original plan almost immediately.","프로젝트가 거의 즉시 원래 계획에서 벗어나기 시작했어."
"Intermediate","deviate","Don't be afraid to deviate from convention when you have a better approach.","더 나은 방법이 있을 때는 관례에서 벗어나는 것을 두려워하지 마."
"Intermediate","deviate","Any significant deviation from the agreed terms must be formally documented.","합의된 조건에서 크게 벗어나는 경우 공식적으로 문서화해야 해."
"Intermediate","differentiate","Strong branding helps differentiate your product in a crowded marketplace.","강력한 브랜딩이 혼잡한 시장에서 제품을 차별화하는 데 도움이 돼."
"Intermediate","differentiate","It's important to differentiate between correlation and causation in research.","연구에서 상관관계와 인과관계를 구별하는 게 중요해."
"Intermediate","differentiate","What truly differentiates great leaders from good ones is emotional intelligence.","훌륭한 리더와 좋은 리더를 진정으로 차별화하는 건 감성 지능이야."
"Intermediate","discrepancy","The auditor found a significant discrepancy in the financial records.","감사관이 재무 기록에서 상당한 불일치를 발견했어."
"Intermediate","discrepancy","There's a clear discrepancy between what was promised and what was delivered.","약속된 것과 실제로 제공된 것 사이에 명백한 차이가 있어."
"Intermediate","discrepancy","Address any discrepancy in the data before presenting your findings.","연구 결과를 발표하기 전에 데이터의 불일치를 해결해."
"Intermediate","discriminate","It is illegal to discriminate against employees based on their age or gender.","나이나 성별을 이유로 직원을 차별하는 건 불법이야."
"Intermediate","discriminate","A trained eye can discriminate between genuine and counterfeit artwork.","훈련된 눈은 진품과 위작 미술품을 구별할 수 있어."
"Intermediate","discriminate","The policy was challenged on the grounds that it discriminated unfairly.","그 정책은 불공평하게 차별한다는 이유로 이의 제기됐어."
"Intermediate","disillusion","Many young voters became disillusioned after the promises were not kept.","많은 젊은 유권자들이 약속이 지켜지지 않은 후 환멸을 느꼈어."
"Intermediate","disillusion","Disillusionment is natural when reality doesn't match your expectations.","현실이 기대에 미치지 못할 때 환멸을 느끼는 건 자연스러운 일이야."
"Intermediate","disillusion","He was disillusioned by the lack of integrity he witnessed in the industry.","그는 업계에서 목격한 청렴성 부재에 환멸을 느꼈어."
"Intermediate","disparity","The growing disparity between the rich and poor is a pressing global issue.","빈부 격차 확대는 시급한 전 세계적 문제야."
"Intermediate","disparity","There is a noticeable disparity in educational outcomes between regions.","지역 간 교육 결과에 눈에 띄는 격차가 있어."
"Intermediate","disparity","The report highlighted the disparity in wages between men and women.","그 보고서는 남성과 여성 간의 임금 격차를 강조했어."
"Intermediate","disrupt","New technology continues to disrupt traditional business models across industries.","새로운 기술이 산업 전반에 걸쳐 기존 비즈니스 모델을 계속 뒤흔들고 있어."
"Intermediate","disrupt","The strike threatened to disrupt operations at the country's busiest port.","파업이 나라에서 가장 바쁜 항구의 운영을 방해할 위협이 됐어."
"Intermediate","disrupt","Sleep deprivation can seriously disrupt your cognitive function and mood.","수면 부족은 인지 기능과 기분을 심각하게 저해할 수 있어."
"Intermediate","diversity","Diversity of thought leads to more creative and innovative problem-solving.","사고의 다양성이 더 창의적이고 혁신적인 문제 해결로 이어져."
"Intermediate","diversity","The company has made genuine efforts to improve diversity at the leadership level.","회사는 리더십 수준에서 다양성을 향상시키기 위해 진정한 노력을 기울였어."
"Intermediate","diversity","Cultural diversity in the workplace brings both opportunities and challenges.","직장 내 문화적 다양성은 기회와 도전 모두를 가져와."
"Intermediate","dominant","The company has maintained a dominant position in the market for over a decade.","그 회사는 10년 이상 시장에서 지배적인 위치를 유지해왔어."
"Intermediate","dominant","A dominant narrative can sometimes suppress alternative viewpoints.","지배적인 서사가 때로는 대안적인 관점을 억압할 수 있어."
"Intermediate","dominant","English has become the dominant language of global business and science.","영어는 글로벌 비즈니스와 과학의 지배적인 언어가 됐어."
"Intermediate","dysfunction","Organisational dysfunction often stems from poor communication and unclear roles.","조직의 역기능은 종종 빈약한 소통과 불명확한 역할에서 비롯돼."
"Intermediate","dysfunction","Family dysfunction in childhood can have lasting effects on adult relationships.","어린 시절의 가족 역기능은 성인 관계에 지속적인 영향을 미칠 수 있어."
"Intermediate","dysfunction","Addressing dysfunction early prevents it from becoming deeply embedded in the culture.","역기능을 일찍 해결하면 그것이 문화에 깊이 뿌리내리는 걸 막을 수 있어."
"Intermediate","elaborate","Could you elaborate on exactly how you plan to achieve that goal?","그 목표를 어떻게 달성할 계획인지 좀 더 자세히 설명해줄 수 있어?"
"Intermediate","elaborate","The proposal was elaborate and detailed, covering every possible scenario.","그 제안서는 정교하고 상세해서 모든 가능한 시나리오를 다루고 있었어."
"Intermediate","elaborate","She doesn't like to over-elaborate — she gets straight to the point every time.","그녀는 너무 장황하게 설명하는 걸 좋아하지 않아, 매번 바로 핵심으로 가거든."
"Intermediate","empirical","The theory needs empirical evidence before it can be widely accepted.","그 이론은 널리 받아들여지기 전에 실증적 증거가 필요해."
"Intermediate","empirical","Empirical research involves collecting real-world data through observation.","실증적 연구는 관찰을 통해 실제 세계 데이터를 수집하는 것을 포함해."
"Intermediate","empirical","Her conclusions were based on years of empirical study, not mere speculation.","그녀의 결론은 단순한 추측이 아닌 수년간의 실증적 연구에 기반했어."
"Intermediate","entrepreneurship","Entrepreneurship requires both vision and the willingness to take calculated risks.","기업가 정신은 비전과 계산된 위험을 감수하려는 의지 모두를 필요로 해."
"Intermediate","entrepreneurship","She studied entrepreneurship to turn her passion for technology into a business.","그녀는 기술에 대한 열정을 사업으로 전환하기 위해 기업가 정신을 공부했어."
"Intermediate","entrepreneurship","Social entrepreneurship focuses on creating positive change alongside profit.","사회적 기업가 정신은 이익과 함께 긍정적인 변화를 만드는 데 초점을 맞춰."
"Intermediate","equitable","An equitable distribution of resources is essential for a fair society.","자원의 공평한 분배는 공정한 사회를 위해 필수야."
"Intermediate","equitable","We need to design policies that are both efficient and equitable.","효율적이면서도 공평한 정책을 설계해야 해."
"Intermediate","equitable","The goal is to create an equitable workplace where everyone has a fair chance.","목표는 모든 사람이 공평한 기회를 갖는 공정한 직장을 만드는 거야."
"Intermediate","eradicate","The campaign aims to eradicate extreme poverty within a generation.","그 캠페인은 한 세대 내에 극단적인 빈곤을 근절하는 것을 목표로 해."
"Intermediate","eradicate","Vaccination programmes have helped eradicate several deadly diseases globally.","예방 접종 프로그램이 전 세계적으로 여러 치명적인 질병을 근절하는 데 도움이 됐어."
"Intermediate","eradicate","To eradicate corruption, systemic change is required at every level.","부패를 근절하려면 모든 수준에서 체계적인 변화가 필요해."
"Intermediate","ethical","The company is committed to ethical sourcing of all its raw materials.","회사는 모든 원자재의 윤리적 조달에 전념하고 있어."
"Intermediate","ethical","It's not just about what's legal — sometimes you have to ask what's ethical.","합법적인 것만이 아니야, 때로는 윤리적인 것이 무엇인지 물어봐야 해."
"Intermediate","ethical","Ethical leadership inspires trust and long-term loyalty from employees.","윤리적인 리더십은 직원들의 신뢰와 장기적인 충성심을 고취시켜."
"Intermediate","exacerbate","The drought has exacerbated the already severe food shortage in the region.","가뭄이 그 지역의 이미 심각한 식량 부족을 더욱 악화시켰어."
"Intermediate","exacerbate","Stress can exacerbate physical symptoms, so managing it is very important.","스트레스는 신체 증상을 악화시킬 수 있어서 관리하는 게 매우 중요해."
"Intermediate","exacerbate","Poor communication exacerbates conflicts that could otherwise be easily resolved.","빈약한 소통이 원래라면 쉽게 해결될 수 있는 갈등을 악화시켜."
"Intermediate","exemplify","Her career exemplifies what it means to combine passion with perseverance.","그녀의 커리어는 열정과 인내를 결합한다는 게 무엇을 의미하는지 잘 보여줘."
"Intermediate","exemplify","This project exemplifies the company's commitment to sustainable innovation.","이 프로젝트는 지속 가능한 혁신에 대한 회사의 헌신을 잘 보여줘."
"Intermediate","exemplify","Can you cite a specific example that exemplifies the problem you're describing?","당신이 설명하는 문제를 잘 보여주는 구체적인 예를 들 수 있어?"
"Intermediate","exhaustive","The team conducted an exhaustive search before settling on the final candidate.","팀은 최종 후보자를 결정하기 전에 철저한 탐색을 진행했어."
"Intermediate","exhaustive","The report provides an exhaustive analysis of every contributing factor.","그 보고서는 모든 기여 요인에 대한 철저한 분석을 제공해."
"Intermediate","exhaustive","Writing a truly exhaustive guide to the topic would take several volumes.","그 주제에 대한 진정으로 철저한 안내서를 쓰려면 여러 권이 필요할 거야."
"Intermediate","facilitate","The new software is designed to facilitate smoother collaboration across teams.","새 소프트웨어는 팀 간 더 원활한 협업을 촉진하도록 설계됐어."
"Intermediate","facilitate","A skilled mediator can facilitate productive dialogue between conflicting parties.","숙련된 중재자는 갈등하는 당사자 간의 생산적인 대화를 촉진할 수 있어."
"Intermediate","facilitate","She was asked to facilitate the discussion and keep it on track.","그녀는 토론을 진행하고 올바른 방향을 유지해달라는 요청을 받았어."
"Intermediate","fluctuate","Exchange rates fluctuate constantly based on global economic conditions.","환율은 세계 경제 상황에 따라 끊임없이 변동해."
"Intermediate","fluctuate","Her motivation tends to fluctuate — she needs consistent encouragement.","그녀의 동기는 변동하는 경향이 있어, 지속적인 격려가 필요해."
"Intermediate","fluctuate","Demand for the product fluctuates significantly depending on the season.","그 제품에 대한 수요는 계절에 따라 크게 변동해."
"Intermediate","formidable","She is a formidable negotiator who rarely leaves a deal without winning.","그녀는 거의 이기지 않고 협상을 마치는 경우가 없는 강력한 협상가야."
"Intermediate","formidable","The team faced a formidable challenge but rose to meet it with impressive resolve.","팀은 강력한 도전에 직면했지만 인상적인 결의로 그것에 맞섰어."
"Intermediate","formidable","Building a successful business from scratch is a formidable undertaking.","처음부터 성공적인 사업을 구축하는 건 엄청난 도전이야."
"Intermediate","fragile","The ceasefire remains fragile and could break down at any moment.","휴전은 여전히 취약하며 언제든지 붕괴될 수 있어."
"Intermediate","fragile","Economic recovery is fragile and needs continued policy support.","경제 회복은 취약하며 지속적인 정책 지원이 필요해."
"Intermediate","fragile","Trust, once broken, is fragile and takes a long time to rebuild.","신뢰는 한번 깨지면 취약해지고 다시 쌓는 데 오랜 시간이 걸려."
"Intermediate","framework","The legal framework needs to be updated to address the rise of digital commerce.","법적 체계는 디지털 상거래의 증가에 대응하기 위해 업데이트될 필요가 있어."
"Intermediate","framework","They developed a clear framework for evaluating the success of each initiative.","그들은 각 계획의 성공을 평가하기 위한 명확한 프레임워크를 개발했어."
"Intermediate","framework","A good strategic framework gives direction without stifling creativity.","좋은 전략적 프레임워크는 창의성을 억제하지 않으면서 방향을 제시해."
"Intermediate","fundamental","Respecting others is a fundamental principle that underpins any healthy society.","다른 사람을 존중하는 건 모든 건강한 사회를 뒷받침하는 근본적인 원칙이야."
"Intermediate","fundamental","There is a fundamental flaw in the argument that undermines the whole thesis.","전체 논지를 훼손하는 근본적인 결함이 그 주장에 있어."
"Intermediate","fundamental","Mastering the fundamentals is always more valuable than chasing advanced techniques.","기본기를 완성하는 게 항상 고급 기술을 추구하는 것보다 더 가치 있어."
"Intermediate","generate","The new product line is expected to generate significant revenue from day one.","새 제품 라인이 첫날부터 상당한 수익을 창출할 것으로 예상돼."
"Intermediate","generate","Brainstorming sessions are great for generating a wide range of fresh ideas.","브레인스토밍 세션은 다양한 신선한 아이디어를 생성하는 데 훌륭해."
"Intermediate","generate","Renewable sources like wind and solar can generate clean electricity at scale.","풍력, 태양광 같은 재생 에너지원은 대규모로 깨끗한 전기를 생산할 수 있어."
"Intermediate","genuine","Building genuine trust with your team takes time and consistent behaviour.","팀과 진정한 신뢰를 쌓는 데는 시간과 일관된 행동이 필요해."
"Intermediate","genuine","Her concern for the community was genuine — not a PR exercise.","지역 사회에 대한 그녀의 관심은 진심이었어, PR 활동이 아니었어."
"Intermediate","genuine","A genuine apology acknowledges harm and commits to doing better.","진정한 사과는 피해를 인정하고 더 잘 하겠다는 다짐을 담아야 해."
"Intermediate","globalization","Globalization has brought both economic growth and increased inequality.","세계화는 경제 성장과 불평등 증가 모두를 가져왔어."
"Intermediate","globalization","The rapid pace of globalization has reshaped industries across the world.","빠른 세계화 속도가 전 세계 산업을 재편했어."
"Intermediate","globalization","Globalization has made it easier to collaborate with talent from any country.","세계화는 어느 나라의 인재와도 협력하는 것을 더 쉽게 만들었어."
"Intermediate","hierarchical","Traditional hierarchical structures are being replaced by flatter organisations.","전통적인 계층적 구조가 더 평평한 조직으로 대체되고 있어."
"Intermediate","hierarchical","A strictly hierarchical culture can stifle creativity and slow decision-making.","엄격한 위계적 문화는 창의성을 억제하고 의사결정을 느리게 할 수 있어."
"Intermediate","hierarchical","The data can be arranged in a hierarchical structure from broad to specific.","데이터는 광범위한 것부터 구체적인 것까지 계층적 구조로 정렬될 수 있어."
"Intermediate","hypothesis","The researcher formulated a clear hypothesis before starting the experiment.","연구자는 실험을 시작하기 전에 명확한 가설을 세웠어."
"Intermediate","hypothesis","Our hypothesis was that customer satisfaction would improve with faster response times.","우리 가설은 응답 시간이 빨라지면 고객 만족도가 향상될 거라는 거였어."
"Intermediate","hypothesis","A hypothesis is only useful if it can be tested and potentially disproven.","가설은 검증되고 잠재적으로 반증될 수 있어야만 유용해."
"Intermediate","ideology","Political ideology often shapes policy decisions more than evidence does.","정치 이념은 종종 증거보다 더 많이 정책 결정을 형성해."
"Intermediate","ideology","The company's ideology is rooted in transparency, trust and continuous learning.","회사의 이념은 투명성, 신뢰, 지속적인 학습에 뿌리를 두고 있어."
"Intermediate","ideology","Clashing ideologies made it difficult for the two sides to find common ground.","충돌하는 이념이 양측이 공통점을 찾는 것을 어렵게 했어."
"Intermediate","implement","The new strategy will be implemented in phases over the next twelve months.","새 전략은 향후 12개월에 걸쳐 단계적으로 시행될 거야."
"Intermediate","implement","It's easy to design a solution — the real challenge is implementing it effectively.","해결책을 설계하는 건 쉬워, 진짜 도전은 그것을 효과적으로 실행하는 거야."
"Intermediate","implement","The team worked overtime to implement the changes before the deadline.","팀은 마감일 전에 변경 사항을 시행하기 위해 초과 근무를 했어."
"Intermediate","implication","The research has profound implications for how we approach mental health treatment.","그 연구는 정신 건강 치료에 접근하는 방식에 심오한 함의를 가지고 있어."
"Intermediate","implication","Consider all the implications before making such a significant change to the policy.","그렇게 중요한 정책 변화를 만들기 전에 모든 함의를 고려해봐."
"Intermediate","implication","The implication of her remarks was clear even though she said nothing directly.","그녀가 직접 아무 말도 하지 않았어도 그녀 발언의 함의는 명확했어."
"Intermediate","inevitable","Some degree of conflict in any team is inevitable — the key is how you manage it.","모든 팀에서 어느 정도의 갈등은 불가피해, 핵심은 그것을 어떻게 관리하느냐야."
"Intermediate","inevitable","Given the economic pressures, job cuts seemed inevitable.","경제적 압박을 감안하면 일자리 감소는 불가피해 보였어."
"Intermediate","inevitable","Technological change is inevitable, but its direction is something we can shape.","기술적 변화는 불가피하지만 그 방향은 우리가 형성할 수 있는 것이야."
"Intermediate","inequality","Income inequality has widened significantly in many developed countries.","소득 불평등이 많은 선진국에서 크게 확대됐어."
"Intermediate","inequality","Addressing inequality requires both policy change and a shift in social attitudes.","불평등을 해결하려면 정책 변화와 사회적 태도의 변화 모두 필요해."
"Intermediate","inequality","Educational inequality limits social mobility and perpetuates poverty cycles.","교육 불평등은 사회적 이동성을 제한하고 빈곤의 순환을 지속시켜."
"Intermediate","infrastructure","Investing in infrastructure is one of the most effective ways to grow an economy.","인프라에 투자하는 것은 경제를 성장시키는 가장 효과적인 방법 중 하나야."
"Intermediate","infrastructure","The country's outdated infrastructure is limiting its potential for development.","나라의 노후화된 인프라가 개발 잠재력을 제한하고 있어."
"Intermediate","infrastructure","Digital infrastructure is now as essential as roads and bridges were a century ago.","디지털 인프라는 이제 한 세기 전의 도로와 교량만큼 필수적이야."
"Intermediate","inherent","There is an inherent tension between innovation and maintaining stability.","혁신과 안정성 유지 사이에는 내재적인 긴장이 있어."
"Intermediate","inherent","The inherent risks of the investment must be fully disclosed to clients.","투자의 내재적 위험이 고객에게 완전히 공개돼야 해."
"Intermediate","inherent","Her talent for leadership seems almost inherent — she was born for it.","그녀의 리더십 재능은 거의 타고난 것처럼 보여, 그것을 위해 태어난 것 같아."
"Intermediate","initiative","Employers value candidates who show initiative rather than waiting to be told what to do.","고용주들은 무엇을 해야 할지 지시를 기다리기보다 주도성을 발휘하는 지원자를 높이 평가해."
"Intermediate","initiative","The government launched a new initiative to tackle youth unemployment.","정부는 청년 실업 문제를 해결하기 위한 새로운 계획을 시작했어."
"Intermediate","initiative","Taking the initiative in difficult situations sets true leaders apart.","어려운 상황에서 주도권을 잡는 것이 진정한 리더를 돋보이게 해."
"Intermediate","innovative","The company is known for its innovative approach to solving complex problems.","그 회사는 복잡한 문제를 해결하는 혁신적인 접근 방식으로 알려져 있어."
"Intermediate","innovative","Highly innovative organisations actively encourage risk-taking and learning from failure.","매우 혁신적인 조직은 위험 감수와 실패로부터 배움을 적극적으로 장려해."
"Intermediate","innovative","Being innovative doesn't always mean using the latest technology.","혁신적이라는 게 항상 최신 기술을 사용하는 것을 의미하진 않아."
"Intermediate","integrity","Integrity means doing the right thing even when no one is watching.","성실함은 아무도 보지 않을 때도 옳은 일을 한다는 의미야."
"Intermediate","integrity","She built her entire career on a reputation for absolute integrity.","그녀는 완전한 성실함에 대한 명성 위에 커리어 전체를 쌓았어."
"Intermediate","integrity","Compromising your integrity for short-term gains is never worth it.","단기적인 이익을 위해 성실함을 타협하는 건 결코 가치가 없어."
"Intermediate","intrinsic","Intrinsic motivation leads to more sustained performance than external rewards.","내재적 동기는 외부 보상보다 더 지속적인 성과로 이어져."
"Intermediate","intrinsic","There is intrinsic value in learning that goes beyond practical application.","실용적인 적용을 넘어서는 내재적인 배움의 가치가 있어."
"Intermediate","intrinsic","She has an intrinsic drive to improve that keeps her constantly moving forward.","그녀는 끊임없이 앞으로 나아가게 하는 내재적인 향상 욕구가 있어."
"Intermediate","intuitive","The best user interfaces are intuitive — users shouldn't need a manual.","최고의 사용자 인터페이스는 직관적이야, 사용자들이 매뉴얼이 필요하지 않아야 해."
"Intermediate","intuitive","She has an intuitive understanding of people that makes her a natural leader.","그녀는 사람에 대한 직관적인 이해가 있어서 타고난 리더가 돼."
"Intermediate","intuitive","His decision felt intuitive, but it was actually backed by years of experience.","그의 결정은 직관적으로 느껴졌지만 실제로는 수년간의 경험에 뒷받침된 거였어."
"Intermediate","irony","There's a certain irony in using social media to campaign against social media.","소셜 미디어에 반대하는 캠페인을 위해 소셜 미디어를 사용하는 건 어떤 아이러니가 있어."
"Intermediate","irony","The irony of the situation wasn't lost on anyone in the room.","그 상황의 아이러니는 방 안의 누구도 놓치지 않았어."
"Intermediate","irony","She used irony to highlight the absurdity of the policy without being confrontational.","그녀는 대립하지 않고도 그 정책의 불합리함을 부각하기 위해 아이러니를 사용했어."
"Intermediate","jeopardize","One reckless decision can jeopardize everything you've worked so hard to build.","무모한 결정 하나가 당신이 열심히 쌓아온 모든 것을 위태롭게 할 수 있어."
"Intermediate","jeopardize","Leaking confidential information could jeopardize the entire deal.","기밀 정보를 유출하면 전체 거래를 위험에 빠뜨릴 수 있어."
"Intermediate","jeopardize","Don't let short-term pressures jeopardize your long-term reputation.","단기적인 압박이 장기적인 명성을 위태롭게 하도록 두지 마."
"Intermediate","leverage","She used her industry contacts as leverage in the salary negotiation.","그녀는 급여 협상에서 업계 인맥을 지렛대로 활용했어."
"Intermediate","leverage","The company plans to leverage its global network to enter new markets faster.","회사는 글로벌 네트워크를 활용해 더 빠르게 새로운 시장에 진입할 계획이야."
"Intermediate","leverage","Understanding your strengths gives you leverage in any competitive situation.","자신의 강점을 이해하면 어떤 경쟁적 상황에서도 유리한 위치를 가질 수 있어."
"Intermediate","lucrative","The consultancy secured a lucrative contract worth several million dollars.","그 컨설팅 회사는 수백만 달러 규모의 수익성 높은 계약을 따냈어."
"Intermediate","lucrative","Tech startups can be incredibly lucrative — but most fail before turning a profit.","테크 스타트업은 믿을 수 없을 만큼 수익성이 높을 수 있지만 대부분 수익을 내기 전에 실패해."
"Intermediate","lucrative","She transitioned to a more lucrative role that also aligned with her values.","그녀는 자신의 가치관과도 일치하는 더 수익성 높은 역할로 이직했어."
"Intermediate","manifest","Anxiety can manifest in many different ways, both physical and emotional.","불안은 신체적으로나 감정적으로 다양한 방식으로 나타날 수 있어."
"Intermediate","manifest","The company's values are manifested in every aspect of its culture.","회사의 가치관은 문화의 모든 측면에서 드러나."
"Intermediate","manifest","Her talent began to manifest at a very early age.","그녀의 재능은 아주 어린 나이부터 나타나기 시작했어."
"Intermediate","marginalize","Certain groups continue to be marginalized by existing social and economic systems.","특정 집단은 기존의 사회적, 경제적 시스템에 의해 계속 소외되고 있어."
"Intermediate","marginalize","We must not let fear or prejudice marginalize those who are different from us.","두려움이나 편견이 우리와 다른 사람들을 소외시키도록 내버려 두면 안 돼."
"Intermediate","marginalize","Her contributions were repeatedly marginalized despite her obvious expertise.","그녀의 분명한 전문성에도 불구하고 그녀의 공헌은 반복적으로 소외됐어."
"Intermediate","meticulous","She is meticulous in her work — every detail is carefully checked and double-checked.","그녀는 업무에서 꼼꼼해, 모든 세부 사항을 신중하게 확인하고 재확인해."
"Intermediate","meticulous","The architect's meticulous attention to detail is evident throughout the building.","건축가의 세심한 주의는 건물 전체에서 분명히 드러나."
"Intermediate","meticulous","Meticulous record-keeping is essential in any regulated industry.","규제된 업계에서는 꼼꼼한 기록 관리가 필수야."
"Intermediate","misconception","There's a widespread misconception that introverts don't make good leaders.","내향적인 사람들이 좋은 리더가 되지 못한다는 널리 퍼진 오해가 있어."
"Intermediate","misconception","The aim of the campaign is to address common misconceptions about mental health.","그 캠페인의 목표는 정신 건강에 대한 일반적인 오해를 바로잡는 거야."
"Intermediate","misconception","Let me clear up the misconception — this is not what the data actually shows.","오해를 바로잡겠어, 이건 데이터가 실제로 보여주는 것이 아니야."
"Intermediate","mitigate","The company took several steps to mitigate the environmental impact of the project.","회사는 프로젝트의 환경적 영향을 완화하기 위한 몇 가지 조치를 취했어."
"Intermediate","mitigate","Diversifying your investments is one way to mitigate financial risk.","투자를 다양화하는 게 금융 위험을 완화하는 한 가지 방법이야."
"Intermediate","mitigate","Strong communication can go a long way in mitigating workplace conflict.","강력한 소통이 직장 내 갈등을 완화하는 데 큰 도움이 될 수 있어."
"Intermediate","momentum","Once you build momentum on a project, it becomes much easier to keep going.","프로젝트에서 추진력을 쌓으면 계속해 나가는 게 훨씬 쉬워져."
"Intermediate","momentum","The campaign lost momentum after the key spokesperson resigned unexpectedly.","핵심 대변인이 갑자기 사임한 후 그 캠페인은 추진력을 잃었어."
"Intermediate","momentum","Celebrating small wins helps the team maintain momentum over the long haul.","작은 승리를 축하하는 게 팀이 장기적으로 추진력을 유지하는 데 도움이 돼."
"Intermediate","multifaceted","Climate change is a multifaceted problem that requires coordinated global action.","기후 변화는 조율된 글로벌 행동을 요구하는 다면적인 문제야."
"Intermediate","multifaceted","She is a multifaceted professional — skilled in design, strategy and leadership.","그녀는 디자인, 전략, 리더십에 능숙한 다방면의 전문가야."
"Intermediate","multifaceted","The solution must be multifaceted to address all the root causes effectively.","해결책은 모든 근본 원인을 효과적으로 다루기 위해 다면적이어야 해."
"Intermediate","narrative","The company needs to control its narrative before the media shapes it for them.","회사는 미디어가 대신 형성하기 전에 자신의 서사를 통제해야 해."
"Intermediate","narrative","A compelling narrative is what makes a pitch truly memorable and persuasive.","설득력 있는 서사가 피치를 진정으로 기억에 남고 설득력 있게 만드는 거야."
"Intermediate","narrative","She challenged the dominant narrative by presenting overlooked data.","그녀는 간과된 데이터를 제시해 지배적인 서사에 도전했어."
"Intermediate","nuance","Good writing captures the nuance of human experience without oversimplifying it.","좋은 글쓰기는 인간 경험의 미묘함을 단순화하지 않고 담아내."
"Intermediate","nuance","The debate lacked nuance — both sides presented extreme positions.","토론에는 미묘함이 부족했어, 양측이 극단적인 입장을 제시했거든."
"Intermediate","nuance","Understanding the nuance of cultural context is vital for effective communication.","효과적인 소통을 위해 문화적 맥락의 미묘함을 이해하는 게 필수야."
"Intermediate","objective","Our primary objective this quarter is to improve customer retention by 15%.","이번 분기 주요 목표는 고객 유지율을 15% 향상시키는 거야."
"Intermediate","objective","Try to remain objective when evaluating your own team's performance.","자신의 팀 성과를 평가할 때 객관적으로 유지하려고 해."
"Intermediate","objective","Setting clear objectives at the start of any project greatly improves outcomes.","모든 프로젝트 시작 시 명확한 목표를 설정하면 결과가 크게 향상돼."
"Intermediate","obsolete","Many traditional manufacturing jobs have become obsolete due to automation.","많은 전통적인 제조업 일자리가 자동화로 인해 쓸모없어졌어."
"Intermediate","obsolete","Technology evolves so rapidly that last year's flagship device is already obsolete.","기술이 너무 빠르게 발전해서 작년 주력 기기가 이미 구식이야."
"Intermediate","obsolete","Clinging to obsolete practices will hold your organisation back from growing.","구식 관행에 집착하면 조직이 성장하지 못하게 될 거야."
"Intermediate","paradox","The paradox of choice suggests that more options can actually lead to less happiness.","선택의 역설은 더 많은 선택지가 실제로 더 적은 행복으로 이어질 수 있다고 말해."
"Intermediate","paradox","It's a paradox that the busiest people often seem to get the most done.","가장 바쁜 사람들이 종종 가장 많이 해내는 것처럼 보인다는 건 역설이야."
"Intermediate","paradox","The paradox at the heart of the argument was never properly addressed.","주장의 핵심에 있는 역설이 제대로 다뤄지지 않았어."
"Intermediate","perception","Perception is reality in business — how clients see you matters enormously.","비즈니스에서 인식이 현실이야, 고객이 당신을 어떻게 보는지가 엄청나게 중요해."
"Intermediate","perception","Her perception of the situation turned out to be far more accurate than anyone expected.","그 상황에 대한 그녀의 인식이 누구도 예상한 것보다 훨씬 더 정확한 것으로 밝혀졌어."
"Intermediate","perception","Changing the public's perception of the brand took years of sustained effort.","브랜드에 대한 대중의 인식을 바꾸는 데 수년간의 지속적인 노력이 필요했어."
"Intermediate","phenomenon","The viral marketing phenomenon transformed how brands reach new audiences.","바이럴 마케팅 현상이 브랜드가 새로운 청중에게 다가가는 방식을 변혁했어."
"Intermediate","phenomenon","Remote work has become a global phenomenon accelerated by the pandemic.","원격 근무는 팬데믹으로 가속화된 전 세계적인 현상이 됐어."
"Intermediate","phenomenon","The phenomenon of burnout is increasingly common in high-pressure industries.","번아웃 현상은 스트레스가 높은 산업에서 점점 더 흔해지고 있어."
"Intermediate","pragmatic","We need a pragmatic approach — what works in theory doesn't always work in practice.","실용적인 접근이 필요해, 이론적으로 효과적인 것이 항상 실제로 효과적이지는 않거든."
"Intermediate","pragmatic","She is pragmatic by nature — she focuses on solutions, not complaints.","그녀는 천성적으로 실용적이야, 불평이 아닌 해결책에 집중해."
"Intermediate","pragmatic","A pragmatic leader finds the best available option, not the perfect one.","실용적인 리더는 완벽한 선택이 아닌 최선의 가능한 선택을 찾아."
"Intermediate","predominant","English has become the predominant language of international business.","영어는 국제 비즈니스의 지배적인 언어가 됐어."
"Intermediate","predominant","The predominant view among experts is that early intervention is most effective.","전문가들 사이에서 지배적인 견해는 조기 개입이 가장 효과적이라는 거야."
"Intermediate","predominant","Fear of failure is the predominant reason people don't pursue their ambitions.","실패에 대한 두려움이 사람들이 야망을 추구하지 않는 주된 이유야."
"Intermediate","predominantly","The audience was predominantly made up of young professionals under 35.","청중은 주로 35세 미만의 젊은 전문가들로 구성됐어."
"Intermediate","predominantly","The industry is still predominantly male-dominated at the senior level.","그 업계는 고위직 수준에서 여전히 주로 남성 위주야."
"Intermediate","predominantly","The diet is predominantly plant-based with occasional lean protein.","그 식단은 주로 식물성이며 가끔 저지방 단백질이 포함돼."
"Intermediate","prevalent","Burnout has become increasingly prevalent among healthcare workers globally.","번아웃은 전 세계적으로 의료 종사자들 사이에서 점점 더 만연해지고 있어."
"Intermediate","prevalent","Misinformation is prevalent on social media and poses a serious challenge.","허위 정보가 소셜 미디어에 만연해 있어서 심각한 도전이 되고 있어."
"Intermediate","prevalent","Flexible work arrangements are now prevalent across a wide range of industries.","유연한 근무 방식이 이제 다양한 산업에 걸쳐 보편화됐어."
"Intermediate","prioritize","Learning to prioritize effectively is a core productivity skill.","효과적으로 우선순위를 정하는 것을 배우는 건 핵심 생산성 기술이야."
"Intermediate","prioritize","The organisation chose to prioritize long-term sustainability over short-term profits.","조직은 단기 이익보다 장기적 지속 가능성을 우선시하기로 했어."
"Intermediate","prioritize","When everything feels urgent, you must learn to prioritize ruthlessly.","모든 것이 긴급하게 느껴질 때는 냉정하게 우선순위를 정하는 법을 배워야 해."
"Intermediate","proactive","A proactive approach to risk management prevents small issues from becoming crises.","위험 관리에 대한 선제적 접근이 작은 문제가 위기가 되는 것을 막아줘."
"Intermediate","proactive","She was proactive in seeking feedback rather than waiting for her annual review.","그녀는 연간 평가를 기다리는 것이 아니라 선제적으로 피드백을 구했어."
"Intermediate","proactive","Being proactive in your career means opening doors rather than waiting for them.","커리어에서 능동적이라는 건 문이 열리기를 기다리는 것이 아니라 문을 여는 거야."
"Intermediate","profound","The experience had a profound impact on how she viewed the world.","그 경험이 그녀가 세상을 바라보는 방식에 심오한 영향을 미쳤어."
"Intermediate","profound","The professor's insight was profound — it changed the entire direction of my research.","교수님의 통찰은 심오했어, 내 연구의 전체 방향을 바꿨거든."
"Intermediate","profound","Technology is bringing about profound changes in how humans work and live.","기술이 인간이 일하고 사는 방식에 심오한 변화를 가져오고 있어."
"Intermediate","proliferate","Fake news sites have proliferated rapidly in the age of social media.","가짜 뉴스 사이트들이 소셜 미디어 시대에 빠르게 확산됐어."
"Intermediate","proliferate","Start-ups have proliferated in the tech sector over the past decade.","스타트업이 지난 10년간 기술 분야에서 급증했어."
"Intermediate","proliferate","As smartphones proliferated, entire industries were forced to reinvent themselves.","스마트폰이 보급됨에 따라 전체 산업이 스스로를 재창조하도록 강요받았어."
"Intermediate","psychological","Psychological safety is essential for teams to perform at their best.","심리적 안전감은 팀이 최고로 성과를 내기 위해 필수야."
"Intermediate","psychological","The psychological impact of long-term unemployment can be severe.","장기 실업의 심리적 영향은 심각할 수 있어."
"Intermediate","psychological","Understanding psychological principles can make you a far more effective communicator.","심리학적 원리를 이해하면 훨씬 더 효과적인 소통가가 될 수 있어."
"Intermediate","quantify","It's difficult to quantify the full value of strong company culture.","강력한 회사 문화의 완전한 가치를 수치화하는 건 어려워."
"Intermediate","quantify","The report attempts to quantify the economic impact of climate-related disasters.","그 보고서는 기후 관련 재해의 경제적 영향을 수치화하려고 시도해."
"Intermediate","quantify","You need to quantify your achievements on your CV — use numbers wherever possible.","CV에서 성과를 수치화해야 해, 가능한 곳에서 숫자를 사용해."
"Intermediate","radical","Radical change is sometimes necessary when incremental improvements aren't enough.","점진적인 개선이 충분하지 않을 때 때로는 급진적인 변화가 필요해."
"Intermediate","radical","She proposed a radical restructuring of the entire organisation.","그녀는 전체 조직의 급진적인 구조 개편을 제안했어."
"Intermediate","radical","The idea seemed radical at the time but is now widely accepted as best practice.","그 아이디어는 당시엔 급진적으로 보였지만 이제는 모범 사례로 널리 받아들여져."
"Intermediate","rationale","Please explain the rationale behind your decision to change the strategy.","전략을 변경한 이유를 설명해줘."
"Intermediate","rationale","Without a clear rationale, the policy is difficult to defend publicly.","명확한 근거 없이는 그 정책을 공개적으로 방어하기가 어려워."
"Intermediate","rationale","The rationale for the merger made clear financial sense from the start.","합병의 근거는 처음부터 명확한 재무적 논리가 있었어."
"Intermediate","reluctant","She was initially reluctant to take on the leadership role, but she excelled at it.","그녀는 처음에 리더십 역할을 맡는 것을 꺼렸지만 그 역할을 탁월하게 해냈어."
"Intermediate","reluctant","Many companies are still reluctant to embrace full remote work.","많은 기업이 여전히 완전한 원격 근무를 받아들이기를 꺼리고 있어."
"Intermediate","reluctant","He was reluctant to admit the mistake, but eventually he owned up to it.","그는 실수를 인정하기를 꺼렸지만 결국 그것을 인정했어."
"Intermediate","resilience","Resilience is not about avoiding failure but about recovering from it stronger.","회복력은 실패를 피하는 것이 아니라 그것으로부터 더 강하게 회복하는 거야."
"Intermediate","resilience","The organisation demonstrated remarkable resilience during the economic downturn.","그 조직은 경기 침체 동안 놀라운 회복력을 보여줬어."
"Intermediate","resilience","Building resilience in your team means preparing them for uncertainty, not just success.","팀의 회복력을 키우는 건 성공만이 아니라 불확실성에 대비시키는 거야."
"Intermediate","rhetoric","There's a big gap between the political rhetoric and the actual policy changes.","정치적 수사와 실제 정책 변화 사이에 큰 간극이 있어."
"Intermediate","rhetoric","Inflammatory rhetoric can escalate tensions and make dialogue impossible.","선동적인 수사는 긴장을 고조시키고 대화를 불가능하게 만들 수 있어."
"Intermediate","rhetoric","Voters are tired of empty rhetoric and want concrete plans and results.","유권자들은 공허한 수사에 지쳤고 구체적인 계획과 결과를 원해."
"Intermediate","rigorous","The selection process is extremely rigorous to ensure only the best are hired.","선발 과정은 최고만 채용되도록 매우 엄격해."
"Intermediate","rigorous","Rigorous testing is essential before any new drug is approved for public use.","모든 신약이 대중 사용을 위해 승인되기 전에 엄격한 테스트가 필수야."
"Intermediate","rigorous","She applies rigorous analysis to every business decision she makes.","그녀는 자신이 내리는 모든 사업 결정에 엄격한 분석을 적용해."
"Intermediate","scrutinize","The proposal was carefully scrutinized by the board before being approved.","그 제안은 승인되기 전에 이사회에 의해 꼼꼼히 검토됐어."
"Intermediate","scrutinize","Journalists have a duty to scrutinize those in positions of public trust.","기자들은 공공의 신뢰를 받는 위치에 있는 사람들을 면밀히 살필 의무가 있어."
"Intermediate","scrutinize","Every line of the contract should be scrutinized before you sign anything.","어떤 것에도 서명하기 전에 계약서의 모든 줄을 꼼꼼히 검토해야 해."
"Intermediate","skeptical","I'm skeptical of claims that promise dramatic results without any evidence.","어떤 증거도 없이 극적인 결과를 약속하는 주장에 대해 회의적이야."
"Intermediate","skeptical","Being appropriately skeptical is a sign of critical thinking, not negativity.","적절하게 회의적인 건 부정성이 아닌 비판적 사고의 징표야."
"Intermediate","skeptical","She was initially skeptical but the data eventually convinced her completely.","그녀는 처음에 회의적이었지만 데이터가 결국 그녀를 완전히 설득했어."
"Intermediate","sophisticated","The market has become increasingly sophisticated and harder to predict.","시장은 점점 더 정교해지고 예측하기 어려워지고 있어."
"Intermediate","sophisticated","Consumers today have sophisticated tastes and expect premium quality.","오늘날 소비자들은 정교한 취향을 가지고 있으며 프리미엄 품질을 기대해."
"Intermediate","sophisticated","The software uses a sophisticated algorithm to personalise user recommendations.","그 소프트웨어는 사용자 추천을 개인화하기 위해 정교한 알고리즘을 사용해."
"Intermediate","spectrum","Leadership styles exist on a spectrum, from highly directive to deeply collaborative.","리더십 스타일은 매우 지시적인 것부터 깊이 협력적인 것까지 스펙트럼상에 존재해."
"Intermediate","spectrum","The policy has support from across the political spectrum.","그 정책은 정치 스펙트럼 전반에 걸쳐 지지를 받고 있어."
"Intermediate","spectrum","The product appeals to a wide spectrum of consumers with different needs.","그 제품은 다양한 필요를 가진 넓은 스펙트럼의 소비자들에게 어필해."
"Intermediate","stereotype","Challenging stereotypes is essential for building a more inclusive workplace.","고정관념에 도전하는 것이 더 포용적인 직장을 만드는 데 필수야."
"Intermediate","stereotype","She defied every stereotype to become one of the country's top engineers.","그녀는 모든 고정관념을 깨부수고 나라의 최고 엔지니어 중 한 명이 됐어."
"Intermediate","stereotype","Relying on stereotypes in hiring decisions leads to missed talent and poor diversity.","채용 결정에서 고정관념에 의존하면 인재를 놓치고 다양성이 부족해져."
"Intermediate","stimulate","The government introduced tax cuts to stimulate economic growth.","정부는 경제 성장을 자극하기 위해 세금 감면을 도입했어."
"Intermediate","stimulate","Reading widely stimulates the imagination and expands your perspective.","폭넓게 읽는 것이 상상력을 자극하고 시각을 넓혀줘."
"Intermediate","stimulate","A well-designed workspace can stimulate creativity and boost collaboration.","잘 설계된 업무 공간이 창의성을 자극하고 협력을 높일 수 있어."
"Intermediate","substantially","Costs have been substantially reduced since the new system was introduced.","새 시스템이 도입된 이후 비용이 실질적으로 줄었어."
"Intermediate","substantially","Her role has grown substantially since she first joined the company.","그녀가 회사에 처음 입사한 이후로 역할이 상당히 성장했어."
"Intermediate","substantially","The results substantially exceeded expectations across all key metrics.","결과가 모든 핵심 지표에서 기대를 상당히 초과했어."
"Intermediate","superficial","The changes were merely superficial — the underlying problems remain unsolved.","그 변화들은 단지 표면적인 것이었어, 근본적인 문제들은 해결되지 않은 채로 남아 있어."
"Intermediate","superficial","A superficial understanding of the topic won't be enough for this role.","그 주제에 대한 피상적인 이해는 이 역할에 충분하지 않을 거야."
"Intermediate","superficial","She avoided superficial answers and dug deep into the real root causes.","그녀는 피상적인 답을 피하고 진짜 근본 원인을 깊이 파고들었어."
"Intermediate","sustainability","Sustainability is no longer optional — it's a core business imperative.","지속 가능성은 더 이상 선택이 아니야, 핵심 사업 명령이야."
"Intermediate","sustainability","The company is committed to environmental sustainability across its entire supply chain.","회사는 전체 공급망에 걸쳐 환경적 지속 가능성에 전념하고 있어."
"Intermediate","sustainability","Long-term sustainability requires balancing profit with purpose.","장기적 지속 가능성은 이익과 목적의 균형을 맞추는 것을 요구해."
"Intermediate","systematic","A systematic approach to problem-solving produces more reliable results.","문제 해결에 대한 체계적인 접근이 더 신뢰할 수 있는 결과를 만들어내."
"Intermediate","systematic","The organisation conducted a systematic review of all internal processes.","조직은 모든 내부 프로세스에 대한 체계적인 검토를 실시했어."
"Intermediate","systematic","Systematic bias in data collection can distort research findings significantly.","데이터 수집의 체계적인 편향이 연구 결과를 크게 왜곡할 수 있어."
"Intermediate","tangible","We need tangible evidence, not just anecdotal accounts, to support this claim.","이 주장을 뒷받침하기 위해 일화적인 설명만이 아닌 실질적인 증거가 필요해."
"Intermediate","tangible","The training produced tangible improvements in both speed and accuracy.","그 교육은 속도와 정확도 모두에서 실질적인 향상을 만들어냈어."
"Intermediate","tangible","She wanted to see tangible results before committing further resources.","그녀는 추가 자원을 투입하기 전에 실질적인 결과를 보고 싶었어."
"Intermediate","transparency","Transparency builds trust — hide nothing from your team unless absolutely necessary.","투명성이 신뢰를 쌓아, 절대적으로 필요한 경우가 아니면 팀에 아무것도 숨기지 마."
"Intermediate","transparency","The government pledged greater transparency in how public funds are spent.","정부는 공공 자금이 사용되는 방식에 있어 더 큰 투명성을 약속했어."
"Intermediate","transparency","Financial transparency is essential for maintaining investor confidence.","재무 투명성은 투자자의 신뢰를 유지하는 데 필수야."
"Intermediate","ubiquitous","Smartphones have become ubiquitous — nearly everyone in the world has one now.","스마트폰은 어디서나 볼 수 있게 됐어, 이제 거의 전 세계 모든 사람이 가지고 있어."
"Intermediate","ubiquitous","Remote work tools have become ubiquitous since the global pandemic.","원격 근무 도구가 세계적인 팬데믹 이후 어디서나 쓰이게 됐어."
"Intermediate","ubiquitous","The brand has achieved ubiquitous recognition across every major market.","그 브랜드는 모든 주요 시장에서 어디서나 인정받는 명성을 달성했어."
"Intermediate","underlying","Treating symptoms without addressing the underlying cause rarely works long-term.","근본적인 원인을 해결하지 않고 증상만 치료하는 건 장기적으로 거의 효과가 없어."
"Intermediate","underlying","The underlying tension between the two departments finally came to a head.","두 부서 간의 근본적인 긴장이 마침내 폭발했어."
"Intermediate","underlying","Understanding the underlying data is crucial before making any major decisions.","중요한 결정을 내리기 전에 근본적인 데이터를 이해하는 게 중요해."
"Intermediate","urbanization","Rapid urbanization has put enormous pressure on city infrastructure and services.","빠른 도시화가 도시 인프라와 서비스에 엄청난 압박을 가했어."
"Intermediate","urbanization","Urbanization creates both economic opportunity and social challenges.","도시화는 경제적 기회와 사회적 도전 모두를 만들어내."
"Intermediate","urbanization","The pace of urbanization in developing nations shows no signs of slowing.","개발도상국의 도시화 속도는 둔화될 기미가 보이지 않아."
"Intermediate","validate","Before scaling, it's critical to validate your business model with real customers.","확장하기 전에 실제 고객들과 비즈니스 모델을 검증하는 게 중요해."
"Intermediate","validate","The study validated the effectiveness of the new teaching method.","그 연구는 새로운 교수법의 효과를 입증했어."
"Intermediate","validate","She needed her manager's approval to validate the direction she was taking.","그녀는 자신이 나아가는 방향을 확인받기 위해 매니저의 승인이 필요했어."
"Intermediate","versatile","She is an incredibly versatile professional who excels across multiple disciplines.","그녀는 여러 분야에서 뛰어난 성과를 내는 믿을 수 없을 만큼 다재다능한 전문가야."
"Intermediate","versatile","A versatile skill set makes you far more resilient in a changing job market.","다재다능한 기술 세트는 변화하는 취업 시장에서 훨씬 더 회복력 있게 만들어줘."
"Intermediate","versatile","The software is highly versatile and can be adapted for many different uses.","그 소프트웨어는 매우 다재다능해서 다양한 다른 용도에 적용될 수 있어."
"Intermediate","vulnerable","Being vulnerable with your team actually builds deeper trust and connection.","팀 앞에서 취약함을 보이는 것이 실제로 더 깊은 신뢰와 유대를 쌓아."
"Intermediate","vulnerable","Small businesses are particularly vulnerable to sudden changes in interest rates.","소기업은 금리의 급격한 변화에 특히 취약해."
"Intermediate","vulnerable","Vulnerable populations must be protected when designing public policy.","공공 정책을 설계할 때 취약 계층을 보호해야 해."
"Intermediate","abstract","The concept was too abstract for most of the audience to grasp immediately.","그 개념은 대부분의 청중이 즉시 이해하기에 너무 추상적이었어."
"Intermediate","abstract","Good teachers know how to make abstract ideas concrete and relatable.","좋은 선생님은 추상적인 아이디어를 구체적이고 공감할 수 있게 만드는 방법을 알아."
"Intermediate","abstract","Please submit a one-page abstract summarising your research findings.","연구 결과를 요약하는 한 페이지짜리 초록을 제출해줘."
"Intermediate","accommodate","The new office is designed to accommodate up to three hundred employees.","새 사무실은 최대 300명의 직원을 수용하도록 설계됐어."
"Intermediate","accommodate","Good leaders accommodate different working styles within their team.","좋은 리더는 팀 내 다양한 업무 스타일을 수용해."
"Intermediate","accommodate","We adjusted the schedule to accommodate everyone's availability.","모든 사람의 가용 시간에 맞추기 위해 일정을 조정했어."
"Intermediate","accumulate","Over time, small daily actions accumulate into significant long-term results.","시간이 지남에 따라 매일의 작은 행동들이 쌓여 중요한 장기적 결과가 돼."
"Intermediate","accumulate","The company has accumulated a strong intellectual property portfolio over twenty years.","그 회사는 20년에 걸쳐 강력한 지식재산권 포트폴리오를 축적했어."
"Intermediate","accumulate","Stress tends to accumulate when you don't make time to decompress regularly.","정기적으로 긴장을 풀 시간을 갖지 않으면 스트레스가 쌓이는 경향이 있어."
"Intermediate","acknowledge","Great leaders acknowledge their mistakes openly and learn from them publicly.","훌륭한 리더는 실수를 공개적으로 인정하고 그것으로부터 공개적으로 배워."
"Intermediate","acknowledge","It's important to acknowledge the contributions of every team member.","모든 팀원의 공헌을 인정하는 게 중요해."
"Intermediate","acknowledge","She acknowledged that there was room for improvement in her initial approach.","그녀는 초기 접근 방식에서 개선의 여지가 있다는 것을 인정했어."
"Intermediate","aesthetics","The aesthetics of the design are striking, but the functionality still needs work.","디자인의 미학은 인상적이지만 기능성은 아직 개선이 필요해."
"Intermediate","aesthetics","Good product design balances aesthetics with usability seamlessly.","좋은 제품 디자인은 미학과 사용성을 원활하게 균형 맞춰."
"Intermediate","aesthetics","The brand has a distinctive visual aesthetics that is instantly recognisable.","그 브랜드는 즉시 알아볼 수 있는 독특한 시각적 미학을 갖고 있어."
"Intermediate","alleviate","The new measures should help alleviate pressure on the overwhelmed health system.","새로운 조치들이 과부하된 의료 시스템의 압박을 완화하는 데 도움이 될 거야."
"Intermediate","alleviate","Exercise and fresh air can go a long way in alleviating mild anxiety.","운동과 신선한 공기가 가벼운 불안을 완화하는 데 큰 도움이 될 수 있어."
"Intermediate","alleviate","The aid package was designed to alleviate the suffering of displaced families.","그 지원 패키지는 이재민 가정들의 고통을 완화하기 위해 설계됐어."
"Intermediate","ambition","Ambition without a clear plan is just wishful thinking.","명확한 계획 없는 야망은 그냥 허망한 생각일 뿐이야."
"Intermediate","ambition","She has the ambition and the work ethic to reach the very top of her field.","그녀는 자신의 분야 최정상에 오를 야망과 직업 윤리를 갖추고 있어."
"Intermediate","ambition","His ambition was matched only by his extraordinary capacity for hard work.","그의 야망은 오로지 열심히 일하는 그의 놀라운 능력에 의해서만 견줄 만했어."
"Intermediate","anonymity","Online anonymity can encourage people to say things they would never say in person.","온라인 익명성은 사람들이 직접 대면하면 절대 하지 않을 말을 하도록 부추길 수 있어."
"Intermediate","anonymity","She valued her anonymity and deliberately kept a low public profile.","그녀는 자신의 익명성을 소중히 여겼고 의도적으로 공개적 존재감을 낮게 유지했어."
"Intermediate","anonymity","Witnesses were given anonymity to protect them from possible retaliation.","증인들은 잠재적인 보복으로부터 보호받기 위해 익명성을 보장받았어."
"Intermediate","apprehensive","She was apprehensive about the presentation, but it went better than expected.","그녀는 발표에 대해 불안해했지만 예상보다 잘 됐어."
"Intermediate","apprehensive","It's natural to feel apprehensive when starting a new job or entering a new field.","새로운 직업을 시작하거나 새로운 분야에 진입할 때 불안감을 느끼는 건 자연스러워."
"Intermediate","apprehensive","He was apprehensive about the merger, fearing it would affect his team negatively.","그는 합병이 팀에 부정적인 영향을 미칠 것을 두려워하며 불안해했어."
"Intermediate","arbitrary","The decision felt arbitrary — no clear criteria were used to justify it.","그 결정은 자의적으로 느껴졌어, 그것을 정당화하기 위한 명확한 기준이 사용되지 않았거든."
"Intermediate","arbitrary","Deadlines shouldn't be arbitrary — they should reflect actual operational needs.","마감 기한은 자의적이어서는 안 돼, 실제 운영 필요를 반영해야 해."
"Intermediate","arbitrary","An arbitrary rule without clear reasoning will always face resistance.","명확한 근거 없는 자의적인 규칙은 항상 저항에 직면할 거야."
"Intermediate","authentic","Authentic leadership means being honest about your values, strengths and weaknesses.","진정성 있는 리더십은 자신의 가치관, 강점, 약점에 대해 솔직한 것을 의미해."
"Intermediate","authentic","Customers are drawn to brands that feel genuine and authentic in their messaging.","고객들은 메시지가 진실되고 진정성 있게 느껴지는 브랜드에 끌려."
"Intermediate","authentic","Being authentic in your relationships builds far deeper and longer-lasting connections.","관계에서 진정성 있게 행동하는 것이 훨씬 더 깊고 오래 지속되는 유대를 만들어."
"Intermediate","autonomy","Giving employees autonomy over how they work boosts motivation and ownership.","직원들에게 일하는 방식에 대한 자율성을 주는 게 동기와 주인의식을 높여."
"Intermediate","autonomy","A degree of professional autonomy is important for job satisfaction.","어느 정도의 직업적 자율성이 직업 만족도에 중요해."
"Intermediate","autonomy","The subsidiary operates with considerable autonomy from the parent company.","자회사는 모회사로부터 상당한 자율성을 가지고 운영돼."
"Intermediate","candid","She gave a candid assessment of the project's weaknesses, which everyone appreciated.","그녀는 프로젝트의 약점에 대해 솔직한 평가를 내놨고 모두가 그것을 고마워했어."
"Intermediate","candid","I'll be candid with you — the results were not what we hoped for.","솔직하게 말할게, 결과가 우리가 바랐던 것이 아니었어."
"Intermediate","candid","Candid feedback, delivered respectfully, is one of the greatest professional gifts.","정중하게 전달되는 솔직한 피드백은 가장 훌륭한 직업적 선물 중 하나야."
"Intermediate","capitalize","Successful entrepreneurs know how to capitalize on emerging market opportunities.","성공적인 기업가들은 부상하는 시장 기회를 활용하는 방법을 알아."
"Intermediate","capitalize","We need to capitalize on our early success before the competition catches up.","경쟁사가 따라잡기 전에 초기 성공을 활용해야 해."
"Intermediate","capitalize","She capitalized on her network to secure funding for the new venture.","그녀는 새로운 사업을 위한 자금을 확보하기 위해 인맥을 활용했어."
"Intermediate","cognitive","Regular exercise has proven cognitive benefits including improved memory and focus.","규칙적인 운동은 향상된 기억력과 집중력을 포함하는 입증된 인지적 이점이 있어."
"Intermediate","cognitive","Cognitive diversity in teams leads to more creative and well-rounded solutions.","팀 내 인지적 다양성이 더 창의적이고 균형 잡힌 해결책으로 이어져."
"Intermediate","cognitive","The training programme is designed to sharpen your cognitive problem-solving skills.","그 교육 프로그램은 인지적 문제 해결 기술을 날카롭게 하도록 설계됐어."
"Intermediate","collateral","The bank required collateral before approving the business loan.","은행은 사업 대출을 승인하기 전에 담보물을 요구했어."
"Intermediate","collateral","Collateral damage to civilian infrastructure must be avoided at all costs.","민간 인프라에 대한 부수적 피해는 어떤 대가를 치르더라도 피해야 해."
"Intermediate","collateral","The strategy carries significant collateral risks that haven't been fully assessed.","그 전략은 완전히 평가되지 않은 상당한 부수적 위험을 수반해."
"Intermediate","commitment","Real commitment means showing up consistently, especially when it's difficult.","진정한 헌신은 특히 힘들 때도 꾸준히 나타나는 것을 의미해."
"Intermediate","commitment","The organisation has a deep commitment to employee development and wellbeing.","그 조직은 직원 개발과 복지에 깊은 헌신을 갖고 있어."
"Intermediate","commitment","Before taking on any project, make sure you can honour your commitment fully.","어떤 프로젝트든 맡기 전에 헌신을 완전히 이행할 수 있는지 확인해."
"Intermediate","comparable","The two approaches produced comparable results despite using different methods.","두 가지 접근 방식은 다른 방법을 사용했음에도 불구하고 비슷한 결과를 냈어."
"Intermediate","comparable","Our salary package is comparable to the industry average for this level of experience.","우리 급여 패키지는 이 수준의 경험에 대한 업계 평균과 비슷해."
"Intermediate","comparable","There's no comparable product on the market at this price point.","이 가격대에서 시장에 비교할 만한 제품이 없어."
"Intermediate","competence","Technical competence is important, but so is the ability to work well with others.","기술적 역량도 중요하지만 다른 사람들과 잘 협력하는 능력도 마찬가지야."
"Intermediate","competence","She demonstrated her competence in the role within the first three months.","그녀는 첫 3개월 안에 그 역할에서 자신의 역량을 입증했어."
"Intermediate","competence","Core competences must be identified before any learning and development programme begins.","어떤 학습 및 개발 프로그램이든 시작하기 전에 핵심 역량을 파악해야 해."
"Intermediate","complication","An unexpected complication delayed the product launch by two weeks.","예상치 못한 복잡한 문제가 제품 출시를 2주 지연시켰어."
"Intermediate","complication","The complication arose when two key stakeholders disagreed on the core objective.","두 핵심 이해관계자가 핵심 목표에 대해 의견이 엇갈렸을 때 복잡한 문제가 생겼어."
"Intermediate","complication","Managing a global team introduces complications around time zones and communication.","글로벌 팀을 관리하면 시간대와 소통 관련 복잡한 문제들이 생겨."
"Intermediate","concede","He conceded that the project had taken longer than originally planned.","그는 프로젝트가 원래 계획보다 오래 걸렸다는 걸 인정했어."
"Intermediate","concede","Knowing when to concede a point in a debate actually strengthens your overall argument.","토론에서 언제 한 가지 점을 인정할지 아는 것이 실제로 전체 주장을 강화해."
"Intermediate","concede","She refused to concede defeat even when the evidence was clearly against her.","그녀는 증거가 명확히 불리한 상황에서도 패배를 인정하기를 거부했어."
"Intermediate","conducive","A quiet, well-organised workspace is conducive to deep, focused work.","조용하고 잘 정돈된 업무 공간이 깊고 집중된 작업에 도움이 돼."
"Intermediate","conducive","The current climate is not particularly conducive to long-term investment.","현재 분위기는 장기적인 투자에 특별히 도움이 되지 않아."
"Intermediate","conducive","A psychologically safe culture is conducive to innovation and risk-taking.","심리적으로 안전한 문화가 혁신과 위험 감수에 도움이 돼."
"Intermediate","contemplate","She's contemplating a career change but hasn't made any decisions yet.","그녀는 커리어 변화를 고려하고 있지만 아직 어떤 결정도 내리지 않았어."
"Intermediate","contemplate","Take time to contemplate your long-term goals before making any sudden moves.","갑작스러운 행동을 취하기 전에 장기적인 목표를 숙고하는 시간을 가져."
"Intermediate","contemplate","He stood at the window and contemplated his next move in silence.","그는 창가에 서서 침묵 속에 다음 행동을 심사숙고했어."
"Intermediate","contingency","Every good project plan includes a contingency budget for unexpected costs.","좋은 프로젝트 계획에는 예상치 못한 비용을 위한 비상 예산이 포함돼 있어."
"Intermediate","contingency","We need a contingency plan in case the main supplier fails to deliver on time.","주요 공급업체가 제때 납품하지 못할 경우를 대비한 비상 계획이 필요해."
"Intermediate","contingency","Smart organisations plan for contingencies rather than just hoping things go smoothly.","영리한 조직은 일이 순조롭게 진행되길 바라는 것이 아니라 비상 상황에 대비해."
"Intermediate","contribute","Everyone on the team has something unique and valuable to contribute.","팀의 모든 사람이 기여할 독특하고 가치 있는 무언가를 가지고 있어."
"Intermediate","contribute","She consistently contributes above and beyond what is expected of her.","그녀는 기대되는 것 이상을 꾸준히 기여해."
"Intermediate","contribute","Multiple factors contributed to the unexpected success of the campaign.","여러 요소가 캠페인의 예상치 못한 성공에 기여했어."
"Intermediate","coordinate","She coordinates all the moving parts of the project with impressive efficiency.","그녀는 인상적인 효율성으로 프로젝트의 모든 요소를 조율해."
"Intermediate","coordinate","When teams don't coordinate effectively, duplicated effort and missed deadlines follow.","팀들이 효과적으로 조율하지 않으면 중복된 노력과 마감 기한 미준수가 뒤따라."
"Intermediate","coordinate","We need to better coordinate our efforts across departments to maximise impact.","영향력을 극대화하기 위해 부서 전반에 걸쳐 노력을 더 잘 조율해야 해."
"Intermediate","credible","To be credible, your argument must be backed by reliable and verifiable evidence.","신뢰할 수 있으려면 주장이 신뢰할 수 있고 검증 가능한 증거에 의해 뒷받침돼야 해."
"Intermediate","credible","She has built a credible reputation as a thought leader in her field.","그녀는 자신의 분야에서 사상적 리더로서 신뢰할 수 있는 명성을 쌓았어."
"Intermediate","credible","A credible witness can make or break a legal case.","신뢰할 수 있는 증인이 법적 사건을 좌우할 수 있어."
"Intermediate","cultivate","She has cultivated a strong professional network over two decades in the industry.","그녀는 업계에서 20년에 걸쳐 강력한 전문 인맥을 키워왔어."
"Intermediate","cultivate","Great managers cultivate the potential of their team members rather than just managing tasks.","훌륭한 관리자는 단순히 업무를 관리하는 것이 아니라 팀원들의 잠재력을 개발해."
"Intermediate","cultivate","Cultivating a growth mindset is one of the most impactful things you can do for your career.","성장 마인드셋을 키우는 것이 커리어를 위해 할 수 있는 가장 영향력 있는 일 중 하나야."
"Intermediate","decipher","It took the team hours to decipher the meaning behind the encrypted data.","팀이 암호화된 데이터 뒤에 숨겨진 의미를 해독하는 데 몇 시간이 걸렸어."
"Intermediate","decipher","A skilled analyst can decipher trends from data that appear random at first glance.","숙련된 분석가는 처음 보기에 무작위로 보이는 데이터에서 추세를 해독할 수 있어."
"Intermediate","decipher","Can you decipher what this report is actually trying to tell us?","이 보고서가 실제로 우리에게 무엇을 말하려는 건지 해독해줄 수 있어?"
"Intermediate","decisive","In a crisis, decisive action is far more valuable than perfect deliberation.","위기 상황에서 결단력 있는 행동이 완벽한 숙고보다 훨씬 더 가치 있어."
"Intermediate","decisive","She is known for being calm, decisive and clear-headed under pressure.","그녀는 압박 속에서도 침착하고 결단력 있으며 냉철한 것으로 알려져 있어."
"Intermediate","decisive","The CEO made a decisive call that turned the company's fortunes around completely.","CEO가 회사의 운명을 완전히 바꾼 결단력 있는 결정을 내렸어."
"Intermediate","delegate","Effective leaders know when to delegate and when to step in directly.","효과적인 리더는 언제 위임하고 언제 직접 개입할지 알아."
"Intermediate","delegate","She struggled to delegate at first but eventually learned to trust her team.","그녀는 처음에 위임하는 데 어려움을 겪었지만 결국 팀을 신뢰하는 법을 배웠어."
"Intermediate","delegate","Delegating tasks frees up your time for higher-value strategic work.","업무를 위임하면 더 가치 높은 전략적 작업을 위한 시간이 생겨."
"Intermediate","deliberate","Every element of the campaign was deliberate — nothing was left to chance.","캠페인의 모든 요소는 의도적이었어, 아무것도 우연에 맡기지 않았어."
"Intermediate","deliberate","She took a deliberate approach to her career, planning each step carefully.","그녀는 커리어에 신중하고 의도적인 접근을 취하며 각 단계를 꼼꼼히 계획했어."
"Intermediate","deliberate","Deliberate practice, not just repetition, is what drives genuine skill development.","단순한 반복이 아닌 의도적인 연습이 진정한 기술 개발을 이끌어."
"Intermediate","derive","She derives great satisfaction from mentoring and developing junior colleagues.","그녀는 후배 동료들을 멘토링하고 개발하는 것에서 큰 만족감을 얻어."
"Intermediate","derive","The company derives most of its revenue from subscription-based services.","회사는 대부분의 수익을 구독 기반 서비스에서 얻어."
"Intermediate","derive","The conclusion was derived from a careful analysis of all available evidence.","그 결론은 모든 가용 증거에 대한 신중한 분석에서 도출됐어."
"Intermediate","destabilize","The sudden policy change threatened to destabilize the entire financial system.","갑작스러운 정책 변화가 전체 금융 시스템을 불안정하게 만들 위협이 됐어."
"Intermediate","destabilize","Internal conflict can destabilize a team and undermine its overall performance.","내부 갈등이 팀을 불안정하게 만들고 전체 성과를 약화시킬 수 있어."
"Intermediate","destabilize","Economic shocks can rapidly destabilize even the most robust organisations.","경제적 충격은 가장 강건한 조직도 빠르게 불안정하게 만들 수 있어."
"Intermediate","dilemma","She faced a difficult dilemma between career advancement and work-life balance.","그녀는 커리어 발전과 일-생활 균형 사이에서 어려운 딜레마에 직면했어."
"Intermediate","dilemma","The ethical dilemma had no easy answer — every option came with trade-offs.","그 윤리적 딜레마에는 쉬운 답이 없었어, 모든 선택지가 트레이드오프를 수반했거든."
"Intermediate","dilemma","Leaders regularly face dilemmas where both options have significant downsides.","리더들은 두 선택지 모두 상당한 단점이 있는 딜레마에 정기적으로 직면해."
"Intermediate","diminish","Failing to recognise your team's efforts will quickly diminish their motivation.","팀의 노력을 인정하지 않으면 그들의 동기가 빠르게 줄어들 거야."
"Intermediate","diminish","The initial excitement gradually diminished as the challenges mounted.","도전이 쌓이면서 초기 흥분이 서서히 사그라졌어."
"Intermediate","diminish","Continued investment has diminished the gap between the two teams significantly.","지속적인 투자가 두 팀 간의 격차를 크게 줄였어."
"Intermediate","discern","A skilled leader can discern what's truly important from what merely seems urgent.","숙련된 리더는 단지 긴급해 보이는 것과 진정으로 중요한 것을 구별할 수 있어."
"Intermediate","discern","It takes experience to discern genuine talent from impressive surface-level performance.","진정한 재능과 인상적인 표면적 성과를 구별하는 데는 경험이 필요해."
"Intermediate","discern","In the fog of conflicting information, it's hard to discern the truth.","상충하는 정보의 안개 속에서 진실을 구별하기 어려워."
"Intermediate","dispense","The company decided to dispense with the formal dress code entirely.","회사는 공식적인 복장 규정을 완전히 없애기로 결정했어."
"Intermediate","dispense","The new machine can dispense prescriptions accurately in just a few seconds.","새 기계는 불과 몇 초 만에 정확하게 처방전을 조제할 수 있어."
"Intermediate","dispense","She dispenses advice with a rare combination of warmth and directness.","그녀는 따뜻함과 직접성의 드문 조합으로 조언을 해줘."
"Intermediate","disposition","She has a naturally optimistic disposition that lifts the whole team's spirits.","그녀는 팀 전체의 사기를 북돋우는 천성적으로 낙관적인 성품이 있어."
"Intermediate","disposition","His calm disposition under pressure is one of his most valued qualities.","압박 속에서의 그의 차분한 성품은 가장 높이 평가받는 자질 중 하나야."
"Intermediate","disposition","A positive disposition toward change makes adaptation far easier.","변화에 대한 긍정적인 성향이 적응을 훨씬 더 쉽게 만들어."
"Intermediate","distinct","The two proposals are distinct and should be evaluated separately.","두 제안은 별개이며 따로 평가해야 해."
"Intermediate","distinct","The brand has a distinct identity that sets it apart from all its competitors.","그 브랜드는 모든 경쟁사와 차별화하는 뚜렷한 정체성이 있어."
"Intermediate","distinct","There is a distinct difference between being assertive and being aggressive.","단호한 것과 공격적인 것 사이에는 뚜렷한 차이가 있어."
"Intermediate","diverge","The two teams' approaches began to diverge significantly after the midpoint review.","두 팀의 접근 방식은 중간 점검 이후 크게 갈라지기 시작했어."
"Intermediate","diverge","Opinions diverged sharply on how best to respond to the crisis.","위기에 가장 잘 대응하는 방법에 대해 의견이 크게 갈렸어."
"Intermediate","diverge","It's natural for individual career paths to diverge, even when people start in the same role.","같은 역할로 시작했더라도 개인의 커리어 경로가 갈라지는 건 자연스러워."
"Intermediate","dynamic","The team has a healthy dynamic — people challenge each other respectfully.","팀은 건강한 역학이 있어, 사람들이 서로 정중하게 도전해."
"Intermediate","dynamic","The market is highly dynamic and requires constant monitoring and adaptation.","그 시장은 매우 역동적이어서 지속적인 모니터링과 적응이 필요해."
"Intermediate","dynamic","Understanding the power dynamic within an organisation is crucial for navigating it well.","조직 내 권력 역학을 이해하는 것이 그 안을 잘 헤쳐나가는 데 중요해."
"Intermediate","efficacy","The efficacy of the new treatment was confirmed through rigorous clinical trials.","새 치료법의 효능은 엄격한 임상 시험을 통해 확인됐어."
"Intermediate","efficacy","We need to measure the efficacy of our training programme with real performance data.","실제 성과 데이터로 교육 프로그램의 효능을 측정해야 해."
"Intermediate","efficacy","High self-efficacy helps people persist through challenges rather than giving up.","높은 자기 효능감이 사람들이 포기하지 않고 도전을 헤쳐나가는 데 도움이 돼."
"Intermediate","eloquent","Her eloquent speech moved the entire audience and received a standing ovation.","그녀의 웅변적인 연설이 전체 청중을 감동시켰고 기립 박수를 받았어."
"Intermediate","eloquent","He expressed his concerns in an eloquent and measured way that was hard to dismiss.","그는 무시하기 어려운 웅변적이고 절제된 방식으로 자신의 우려를 표현했어."
"Intermediate","eloquent","Being eloquent is not about using complex words — it's about communicating with clarity and impact.","웅변적이라는 건 복잡한 단어를 사용하는 게 아니야, 명확성과 영향력으로 소통하는 거야."
"Intermediate","embody","She embodies the company's values in everything she does, every single day.","그녀는 매일 자신이 하는 모든 일에서 회사의 가치를 구현해."
"Intermediate","embody","The project embodies the spirit of collaboration and shared purpose.","그 프로젝트는 협력과 공유된 목적의 정신을 구현해."
"Intermediate","embody","Great leaders embody the change they wish to see in their organisations.","훌륭한 리더는 자신의 조직에서 보고 싶은 변화를 직접 체현해."
"Intermediate","emerge","A clear strategy emerged from the intense two-day planning session.","집중적인 이틀간의 계획 세션에서 명확한 전략이 나타났어."
"Intermediate","emerge","New technologies are constantly emerging and reshaping the competitive landscape.","새로운 기술들이 끊임없이 등장하며 경쟁 환경을 재편하고 있어."
"Intermediate","emerge","She emerged from the difficult period stronger, wiser and more resilient than before.","그녀는 그 어려운 시기를 이전보다 더 강하고, 더 현명하고, 더 회복력 있게 빠져나왔어."
"Intermediate","emphasize","The report emphasizes the urgent need for immediate policy reform.","그 보고서는 즉각적인 정책 개혁의 시급한 필요성을 강조해."
"Intermediate","emphasize","She emphasized that collaboration, not competition, is the key to team success.","그녀는 팀 성공의 핵심은 경쟁이 아닌 협력이라는 점을 강조했어."
"Intermediate","emphasize","It's worth emphasizing that this change affects everyone in the organisation.","이 변화가 조직의 모든 사람에게 영향을 미친다는 점을 강조할 필요가 있어."
"Intermediate","endorse","The organisation officially endorsed the new industry standards.","그 기관은 새로운 업계 표준을 공식적으로 지지했어."
"Intermediate","endorse","She endorsed the candidate's vision but had reservations about the execution plan.","그녀는 후보자의 비전을 지지했지만 실행 계획에 대해서는 우려가 있었어."
"Intermediate","endorse","Being endorsed by a respected figure in your field can open many doors.","자신의 분야에서 존경받는 인물의 지지를 받는 것이 많은 문을 열어줄 수 있어."
"Intermediate","enhance","The new features are designed to significantly enhance the user experience.","새로운 기능들은 사용자 경험을 크게 향상시키도록 설계됐어."
"Intermediate","enhance","Regular reading enhances both your vocabulary and your critical thinking skills.","규칙적인 독서가 어휘력과 비판적 사고 기술 모두를 향상시켜."
"Intermediate","enhance","Collaboration with other departments has greatly enhanced the quality of our output.","다른 부서와의 협력이 우리 산출물의 질을 크게 향상시켰어."
"Intermediate","enlighten","The documentary really enlightened me on a topic I knew very little about.","그 다큐멘터리는 내가 거의 몰랐던 주제에 대해 정말 깨우쳐줬어."
"Intermediate","enlighten","Good mentors enlighten without overwhelming — they guide, not lecture.","좋은 멘토는 압도하지 않고 깨우쳐줘, 강의가 아닌 안내를 해."
"Intermediate","enlighten","The meeting was designed to enlighten employees about the upcoming changes.","그 회의는 직원들에게 다가오는 변화들에 대해 알려주기 위해 설계됐어."
"Intermediate","ensure","Please ensure all data is backed up before running the software update.","소프트웨어 업데이트를 실행하기 전에 모든 데이터가 백업되도록 해줘."
"Intermediate","ensure","Strong processes ensure consistency even when key people are absent.","강력한 프로세스는 핵심 인원이 부재할 때도 일관성을 보장해."
"Intermediate","ensure","We have put safeguards in place to ensure this kind of error never happens again.","이런 종류의 오류가 다시는 발생하지 않도록 안전장치를 마련했어."
"Intermediate","evaluate","You need to carefully evaluate the risks before committing to this investment.","이 투자에 확정하기 전에 위험을 신중하게 평가해야 해."
"Intermediate","evaluate","The programme will be evaluated after six months to assess its real impact.","그 프로그램은 실제 영향을 평가하기 위해 6개월 후에 평가될 거야."
"Intermediate","evaluate","She takes time to evaluate her own performance honestly after every major project.","그녀는 모든 주요 프로젝트 후에 자신의 성과를 솔직하게 평가하는 시간을 가져."
"Intermediate","evolve","Business models must continuously evolve to keep pace with changing customer needs.","비즈니스 모델은 변화하는 고객 요구에 발맞추기 위해 끊임없이 진화해야 해."
"Intermediate","evolve","Her leadership style has evolved significantly since she first stepped into the role.","그녀의 리더십 스타일은 처음 그 역할을 맡은 이후로 크게 진화했어."
"Intermediate","evolve","What began as a small experiment evolved into the company's most successful product line.","작은 실험으로 시작된 것이 회사의 가장 성공적인 제품 라인으로 진화했어."
"Intermediate","explicit","The policy must include explicit guidelines to avoid any room for misinterpretation.","정책에는 오해의 여지를 없애기 위한 명시적인 지침이 포함돼야 해."
"Intermediate","explicit","Be explicit about your expectations from day one — don't assume people already know.","첫날부터 기대사항을 명시적으로 밝혀, 사람들이 이미 안다고 가정하지 마."
"Intermediate","explicit","Her feedback was explicit, direct and ultimately extremely helpful.","그녀의 피드백은 명시적이고 직접적이며 결국 매우 도움이 됐어."
"Intermediate","exploit","Smart companies exploit data insights to gain a competitive advantage.","영리한 회사들은 경쟁 우위를 얻기 위해 데이터 인사이트를 활용해."
"Intermediate","exploit","It's unethical to exploit vulnerable people for financial gain.","재정적 이득을 위해 취약한 사람들을 착취하는 건 비윤리적이야."
"Intermediate","exploit","The team was quick to exploit the gap in the market before competitors noticed.","팀은 경쟁사가 알아채기 전에 시장의 빈틈을 재빠르게 활용했어."
"Intermediate","expose","The investigation exposed serious flaws in the company's financial reporting.","그 조사는 회사의 재무 보고에서 심각한 결함을 드러냈어."
"Intermediate","expose","Travelling widely exposes you to new ideas, cultures and ways of thinking.","폭넓게 여행하는 것이 새로운 아이디어, 문화, 사고방식에 노출시켜줘."
"Intermediate","expose","She was keen to expose her team to different types of challenges and projects.","그녀는 팀이 다양한 종류의 도전과 프로젝트에 노출되길 원했어."
"Intermediate","extensive","She has extensive experience managing cross-functional teams at a global scale.","그녀는 글로벌 규모에서 크로스펑셔널 팀을 관리하는 광범위한 경험이 있어."
"Intermediate","extensive","The proposal required extensive research into competitor strategies and market trends.","그 제안서는 경쟁사 전략과 시장 트렌드에 대한 광범위한 연구가 필요했어."
"Intermediate","extensive","Extensive consultation with stakeholders shaped the final version of the policy.","이해관계자들과의 광범위한 협의가 정책의 최종 버전을 형성했어."
"Intermediate","extrapolate","From the current data, we can extrapolate that demand will double within five years.","현재 데이터로부터 수요가 5년 내에 두 배가 될 것이라고 추정할 수 있어."
"Intermediate","extrapolate","Be careful not to extrapolate broad conclusions from a very small sample size.","매우 작은 표본 크기에서 광범위한 결론을 추론하지 않도록 주의해."
"Intermediate","extrapolate","The analyst extrapolated future revenue trends based on the past three years of data.","분석가는 지난 3년간의 데이터를 바탕으로 미래 수익 트렌드를 추정했어."
"Intermediate","fabricate","It was later revealed that the witness had fabricated key parts of their testimony.","나중에 증인이 증언의 핵심 부분을 조작했다는 게 밝혀졌어."
"Intermediate","fabricate","Fabricating data in a scientific study is a serious breach of professional ethics.","과학 연구에서 데이터를 조작하는 건 직업 윤리의 심각한 위반이야."
"Intermediate","fabricate","The company fabricates all its components locally to maintain quality control.","회사는 품질 관리를 유지하기 위해 모든 부품을 현지에서 제조해."
"Intermediate","feasible","We need to assess whether the proposed timeline is actually feasible.","제안된 일정이 실제로 실현 가능한지 평가해야 해."
"Intermediate","feasible","The idea is creative, but we must determine if it's technically and financially feasible.","그 아이디어는 창의적이지만 기술적으로나 재정적으로 실현 가능한지 판단해야 해."
"Intermediate","feasible","A feasibility study will help us decide whether to proceed with the project.","타당성 연구가 프로젝트 진행 여부를 결정하는 데 도움이 될 거야."
"Intermediate","fluctuation","Currency fluctuation poses a significant risk for companies operating internationally.","환율 변동은 국제적으로 운영하는 기업들에게 상당한 위험이야."
"Intermediate","fluctuation","The data showed significant fluctuation in customer satisfaction scores month over month.","데이터는 월별 고객 만족도 점수에서 상당한 변동을 보여줬어."
"Intermediate","fluctuation","Minor fluctuations in performance are normal — it's the overall trend that matters.","성과의 사소한 변동은 정상이야, 중요한 건 전반적인 추세야."
"Intermediate","foreseeable","The current model will remain in use for the foreseeable future.","현재 모델은 예측 가능한 미래에 계속 사용될 거야."
"Intermediate","foreseeable","In the foreseeable future, AI will transform nearly every aspect of the workplace.","예측 가능한 미래에 AI가 직장의 거의 모든 측면을 변혁할 거야."
"Intermediate","foreseeable","There are no foreseeable risks that would prevent us from meeting the deadline.","마감 기한을 맞추는 것을 막을 예측 가능한 위험이 없어."
"Intermediate","formulate","The leadership team spent two days formulating a coherent long-term strategy.","리더십 팀은 이틀 동안 일관된 장기 전략을 수립하는 데 보냈어."
"Intermediate","formulate","Carefully formulate your response before sending any official communication.","공식 소통을 보내기 전에 신중하게 답변을 구성해."
"Intermediate","formulate","The new policy was formulated after extensive consultation with industry experts.","새 정책은 업계 전문가들과의 광범위한 협의 후에 수립됐어."
"Intermediate","foster","Great managers foster an environment where people feel safe to take risks.","훌륭한 관리자는 사람들이 위험을 감수하는 것이 안전하게 느껴지는 환경을 조성해."
"Intermediate","foster","The programme is designed to foster innovation at every level of the organisation.","그 프로그램은 조직의 모든 수준에서 혁신을 육성하도록 설계됐어."
"Intermediate","foster","Travel and cultural exchange foster mutual understanding between nations.","여행과 문화 교류가 국가 간 상호 이해를 증진시켜."
"Intermediate","gauge","It's difficult to gauge public opinion accurately without robust survey data.","강력한 설문 데이터 없이는 여론을 정확하게 측정하기 어려워."
"Intermediate","gauge","She tried to gauge the mood in the room before raising the sensitive issue.","그녀는 민감한 문제를 제기하기 전에 방 안의 분위기를 파악하려 했어."
"Intermediate","gauge","Customer feedback is the best way to gauge whether a product is truly meeting needs.","고객 피드백이 제품이 진정으로 필요를 충족하는지 측정하는 가장 좋은 방법이야."
"Intermediate","gradient","The learning gradient is steep at first but becomes manageable with practice.","학습 곡선은 처음에는 가파르지만 연습하면 감당할 수 있게 돼."
"Intermediate","gradient","Performance improvements showed a steep upward gradient in the first quarter.","성과 향상은 첫 분기에 가파른 상승 기울기를 보였어."
"Intermediate","gradient","The salary gradient within the company reflects experience and responsibility level.","회사 내 급여 기울기는 경험과 책임 수준을 반영해."
"Intermediate","hinder","Excessive bureaucracy can seriously hinder innovation and decision-making speed.","지나친 관료주의는 혁신과 의사결정 속도를 심각하게 방해할 수 있어."
"Intermediate","hinder","Don't let fear of failure hinder you from pursuing bold and ambitious goals.","실패에 대한 두려움이 대담하고 야망 있는 목표를 추구하는 것을 방해하게 두지 마."
"Intermediate","hinder","Poor communication hindered the team's ability to coordinate effectively.","빈약한 소통이 팀이 효과적으로 조율하는 능력을 방해했어."
"Intermediate","holistic","A holistic approach to wellbeing considers physical, mental and social health together.","복지에 대한 전체론적 접근은 신체적, 정신적, 사회적 건강을 함께 고려해."
"Intermediate","holistic","We need a holistic strategy that addresses both the symptoms and the root causes.","증상과 근본 원인 모두를 다루는 전체론적 전략이 필요해."
"Intermediate","holistic","Holistic education develops the whole person, not just academic knowledge.","전체론적 교육은 학문적 지식만이 아닌 전인적 인간을 개발해."
"Intermediate","implicit","There was an implicit understanding between them that the topic would not be discussed.","그 주제를 논의하지 않겠다는 암묵적인 이해가 그들 사이에 있었어."
"Intermediate","implicit","The implicit message behind the policy change was that performance expectations were rising.","정책 변화 뒤의 암묵적인 메시지는 성과 기대치가 높아지고 있다는 거였어."
"Intermediate","implicit","Implicit bias is harder to address than explicit bias because people often don't notice it.","암묵적 편향은 사람들이 종종 알아채지 못하기 때문에 명시적 편향보다 해결하기 더 어려워."
"Intermediate","incentive","Financial incentives alone are not enough to keep high-performing employees engaged.","금전적 인센티브만으로는 고성과 직원들의 참여를 유지하는 데 충분하지 않아."
"Intermediate","incentive","The government introduced incentives to encourage companies to adopt green practices.","정부는 기업들이 친환경 관행을 채택하도록 장려하기 위한 인센티브를 도입했어."
"Intermediate","incentive","What incentives do you offer to retain your best talent in a competitive market?","경쟁적인 시장에서 최고의 인재를 유지하기 위해 어떤 인센티브를 제공해?"
"Intermediate","inclusive","Building an inclusive workplace requires both policy change and cultural shift.","포용적인 직장을 만드는 데는 정책 변화와 문화적 변화 모두 필요해."
"Intermediate","inclusive","Inclusive decision-making leads to better outcomes and stronger buy-in from the team.","포용적인 의사결정이 더 나은 결과와 팀의 더 강한 동의로 이어져."
"Intermediate","inclusive","She worked to create a more inclusive environment where every voice was heard.","그녀는 모든 목소리가 경청되는 더 포용적인 환경을 만들기 위해 노력했어."
"Intermediate","incongruent","His casual tone was incongruent with the seriousness of the situation.","그의 캐주얼한 어조는 상황의 심각성과 맞지 않았어."
"Intermediate","incongruent","The data was incongruent with the initial hypothesis, prompting further investigation.","데이터가 초기 가설과 맞지 않아서 추가 조사가 촉발됐어."
"Intermediate","incongruent","Incongruent messaging across departments confuses customers and damages brand trust.","부서 간 일관성 없는 메시지가 고객을 혼란스럽게 하고 브랜드 신뢰를 손상시켜."
"Intermediate","indispensable","Clear communication is indispensable in any high-performing team.","명확한 소통은 어떤 고성과 팀에서도 없어서는 안 될 요소야."
"Intermediate","indispensable","She has made herself indispensable through her unique expertise and reliability.","그녀는 독특한 전문성과 신뢰성으로 자신을 없어서는 안 될 존재로 만들었어."
"Intermediate","indispensable","Trust is indispensable for any relationship — personal or professional — to thrive.","신뢰는 개인적이든 직업적이든 어떤 관계가 번성하는 데 없어서는 안 될 요소야."
"Intermediate","induce","The company used discounts to induce customers to try its new product range.","회사는 고객들이 새로운 제품 라인을 시도하도록 유도하기 위해 할인을 사용했어."
"Intermediate","induce","Overwork can induce stress-related illnesses that affect both performance and health.","과도한 업무가 성과와 건강 모두에 영향을 미치는 스트레스 관련 질환을 유발할 수 있어."
"Intermediate","induce","The right environment can induce a state of deep focus and creative flow.","올바른 환경이 깊은 집중과 창의적 몰입 상태를 유도할 수 있어."
"Intermediate","infer","From her expression, I could infer that she was not happy with the outcome.","그녀의 표정에서 그녀가 결과에 만족하지 않는다는 걸 추론할 수 있었어."
"Intermediate","infer","Be careful not to infer intent from limited data — it can lead you astray.","제한된 데이터에서 의도를 추론하지 않도록 주의해, 잘못된 방향으로 이끌 수 있거든."
"Intermediate","infer","The analyst inferred that demand was rising based on the sales trend data.","분석가는 판매 트렌드 데이터를 바탕으로 수요가 증가하고 있다고 추론했어."
"Intermediate","inflexible","An inflexible approach to management rarely works in fast-changing environments.","경직된 관리 접근법은 빠르게 변화하는 환경에서 거의 효과가 없어."
"Intermediate","inflexible","She was seen as inflexible because she refused to adapt to new working methods.","그녀는 새로운 업무 방식에 적응하기를 거부해서 경직됐다는 평가를 받았어."
"Intermediate","inflexible","Inflexible rules designed for one context often fail when circumstances change.","한 맥락을 위해 설계된 경직된 규칙은 상황이 바뀌면 종종 실패해."
"Intermediate","ingenuity","The solution required real ingenuity — nobody had solved the problem this way before.","그 해결책은 진정한 독창성이 필요했어, 아무도 이런 방식으로 문제를 해결한 적이 없었거든."
"Intermediate","ingenuity","Human ingenuity has overcome seemingly impossible challenges throughout history.","인간의 독창성은 역사 전반에 걸쳐 불가능해 보이는 도전들을 극복해왔어."
"Intermediate","ingenuity","She showed remarkable ingenuity in finding a way to meet the budget and the deadline.","그녀는 예산과 마감 기한을 모두 맞추는 방법을 찾는 데 놀라운 독창성을 보여줬어."
"Intermediate","insightful","Her insightful analysis of the market trends impressed the entire board.","시장 트렌드에 대한 그녀의 통찰력 있는 분석이 이사회 전체를 감동시켰어."
"Intermediate","insightful","The most insightful feedback often comes from those who have no stake in the outcome.","가장 통찰력 있는 피드백은 종종 결과에 이해관계가 없는 사람들로부터 나와."
"Intermediate","insightful","He asked insightful questions that helped the team see the problem differently.","그는 팀이 문제를 다르게 보도록 도운 통찰력 있는 질문들을 했어."
"Intermediate","instill","Great parents instill values in their children that last a lifetime.","훌륭한 부모들은 평생 지속되는 가치관을 아이들에게 심어줘."
"Intermediate","instill","The training programme aims to instill a culture of continuous improvement.","그 교육 프로그램은 지속적인 개선 문화를 심어주는 것을 목표로 해."
"Intermediate","instill","Good leadership instills confidence and direction in even the most uncertain times.","좋은 리더십은 가장 불확실한 시기에도 자신감과 방향성을 심어줘."
"Intermediate","integrate","The challenge is to integrate new technology without disrupting existing workflows.","도전은 기존 워크플로우를 방해하지 않고 새로운 기술을 통합하는 거야."
"Intermediate","integrate","She integrated feedback from all stakeholders into the revised proposal.","그녀는 모든 이해관계자의 피드백을 수정된 제안서에 통합했어."
"Intermediate","integrate","The onboarding process is designed to help new employees integrate quickly and smoothly.","온보딩 프로세스는 신입 직원들이 빠르고 원활하게 통합되도록 돕기 위해 설계됐어."
"Intermediate","intersect","Her work sits at the fascinating intersect of technology, design and human behaviour.","그녀의 작업은 기술, 디자인, 인간 행동이 흥미롭게 교차하는 지점에 있어."
"Intermediate","intersect","Business strategy and ethics must intersect — you can't separate the two.","비즈니스 전략과 윤리는 교차해야 해, 두 가지를 분리할 수 없거든."
"Intermediate","intersect","The interests of different stakeholders often intersect in complex and unexpected ways.","다양한 이해관계자들의 이익은 종종 복잡하고 예상치 못한 방식으로 교차해."
"Intermediate","intervene","A good manager knows when to intervene and when to let the team find its own way.","좋은 관리자는 언제 개입하고 언제 팀이 스스로 방법을 찾도록 내버려 둘지 알아."
"Intermediate","intervene","If conflict escalates, HR may need to intervene to restore a healthy team dynamic.","갈등이 고조되면 HR이 건강한 팀 역학을 회복하기 위해 개입해야 할 수 있어."
"Intermediate","intervene","Early intervention is far more effective than waiting for a crisis to fully develop.","조기 개입이 위기가 완전히 발전할 때까지 기다리는 것보다 훨씬 더 효과적이야."
"Intermediate","invoke","She invoked her right to remain silent until her lawyer arrived.","그녀는 변호사가 도착할 때까지 묵비권을 행사했어."
"Intermediate","invoke","The clause can be invoked if either party fails to meet the agreed conditions.","어느 한 쪽이 합의된 조건을 충족하지 못하면 그 조항이 발동될 수 있어."
"Intermediate","invoke","The speaker invoked historical precedent to strengthen her argument.","연사는 자신의 주장을 강화하기 위해 역사적 선례를 인용했어."
"Intermediate","justify","The return on investment must justify the significant upfront costs of the project.","투자 수익이 프로젝트의 상당한 초기 비용을 정당화해야 해."
"Intermediate","justify","You shouldn't need to justify every decision — trust your team to act autonomously.","모든 결정을 정당화할 필요는 없어, 팀이 자율적으로 행동하도록 신뢰해."
"Intermediate","justify","She clearly justified the budget increase with a compelling data-driven case.","그녀는 설득력 있는 데이터 기반 논거로 예산 증가를 명확하게 정당화했어."
"Intermediate","meritocracy","A true meritocracy rewards performance and talent regardless of background.","진정한 능력주의는 배경에 관계없이 성과와 재능을 보상해."
"Intermediate","meritocracy","Some argue that meritocracy can mask systemic inequalities if not carefully managed.","일부는 능력주의가 신중하게 관리되지 않으면 체계적인 불평등을 감출 수 있다고 주장해."
"Intermediate","meritocracy","She rose through the ranks purely on merit — a testament to the meritocracy she worked within.","그녀는 순수하게 실력만으로 승진했어, 자신이 일했던 능력주의에 대한 증거야."
"Intermediate","moderate","The growth was moderate but consistent — a positive sign for long-term stability.","성장은 완만했지만 일관됐어, 장기적 안정의 긍정적인 신호야."
"Intermediate","moderate","She was asked to moderate the panel discussion at the annual conference.","그녀는 연례 컨퍼런스에서 패널 토론을 진행해달라는 요청을 받았어."
"Intermediate","moderate","A moderate approach is often wiser than swinging between extremes.","극단 사이를 오가는 것보다 온건한 접근이 종종 더 현명해."
"Intermediate","morality","Business decisions should always be tested against both legality and morality.","사업 결정은 항상 합법성과 도덕성 모두를 기준으로 검토해야 해."
"Intermediate","morality","She has a strong personal sense of morality that guides all her professional choices.","그녀는 모든 직업적 선택을 이끄는 강한 개인적 도덕관이 있어."
"Intermediate","morality","Debates around AI and technology often raise complex questions about morality.","AI와 기술에 관한 토론은 종종 도덕성에 관한 복잡한 질문들을 제기해."
"Intermediate","mutual","The partnership was built on a foundation of mutual respect and shared goals.","그 파트너십은 상호 존중과 공유된 목표의 토대 위에 세워졌어."
"Intermediate","mutual","Finding mutual ground is the starting point for any productive negotiation.","공통점을 찾는 것이 생산적인 협상의 출발점이야."
"Intermediate","mutual","A strong professional relationship requires mutual trust, honesty and accountability.","강력한 직업적 관계는 상호 신뢰, 정직, 책임감을 필요로 해."
"Intermediate","negotiate","Always negotiate your salary — most employers expect it and respect those who do.","항상 급여를 협상해, 대부분의 고용주는 그것을 기대하고 그렇게 하는 사람을 존중해."
"Intermediate","negotiate","The two sides negotiated for weeks before finally reaching a mutually agreeable deal.","양측은 서로 동의할 수 있는 거래에 마침내 도달하기 전에 수주간 협상했어."
"Intermediate","negotiate","Learning to negotiate effectively is one of the most valuable career skills you can develop.","효과적으로 협상하는 것을 배우는 건 개발할 수 있는 가장 가치 있는 커리어 기술 중 하나야."
"Intermediate","norm","Remote work has shifted from an exception to a widely accepted workplace norm.","원격 근무는 예외에서 널리 받아들여지는 직장 규범으로 이동했어."
"Intermediate","norm","Understanding the cultural norms of your target market is essential for global expansion.","목표 시장의 문화적 규범을 이해하는 것이 글로벌 확장에 필수야."
"Intermediate","norm","What was once considered bold is now the norm — expectations have shifted dramatically.","한때 대담하다고 여겨졌던 것이 이제 규범이야, 기대치가 극적으로 바뀌었어."
"Intermediate","obligation","Companies have a moral obligation to treat their employees fairly and with dignity.","회사들은 직원들을 공정하고 품위 있게 대우할 도덕적 의무가 있어."
"Intermediate","obligation","Read all obligations in the contract carefully before signing anything.","어떤 것에도 서명하기 전에 계약서의 모든 의무를 꼼꼼히 읽어."
"Intermediate","obligation","She fulfilled every obligation despite enormous personal and professional pressures.","그녀는 엄청난 개인적, 직업적 압박에도 불구하고 모든 의무를 이행했어."
"Intermediate","omit","Never omit critical information from a report just because it's inconvenient.","불편하다는 이유만으로 보고서에서 중요한 정보를 절대 빠뜨리지 마."
"Intermediate","omit","Key context was omitted from the presentation, leading to misunderstanding.","발표에서 핵심 맥락이 빠져서 오해로 이어졌어."
"Intermediate","omit","She deliberately omitted the failed attempt from her project summary.","그녀는 의도적으로 프로젝트 요약에서 실패한 시도를 빠뜨렸어."
"Intermediate","optimal","What is the optimal team size for this type of creative project?","이런 종류의 창의적 프로젝트에 최적의 팀 규모가 뭐야?"
"Intermediate","optimal","We are still working to find the optimal balance between cost and quality.","비용과 품질 간의 최적 균형을 찾기 위해 여전히 노력하고 있어."
"Intermediate","optimal","Optimal performance requires not just hard work but also adequate rest and recovery.","최적의 성과는 열심히 일하는 것만이 아니라 충분한 휴식과 회복도 필요로 해."
"Intermediate","optimize","We need to continuously optimize our processes to stay competitive.","경쟁력을 유지하기 위해 프로세스를 지속적으로 최적화해야 해."
"Intermediate","optimize","The goal is to optimize the customer journey from first click to final purchase.","목표는 첫 번째 클릭부터 최종 구매까지 고객 여정을 최적화하는 거야."
"Intermediate","optimize","She worked with the team to optimize workflows and reduce unnecessary steps.","그녀는 팀과 함께 워크플로우를 최적화하고 불필요한 단계를 줄이기 위해 작업했어."
"Intermediate","paradigm","The shift to remote work represents a fundamental paradigm shift in how we work.","원격 근무로의 전환은 우리가 일하는 방식의 근본적인 패러다임 변화를 나타내."
"Intermediate","paradigm","Disrupting the existing paradigm is how truly transformative companies are built.","기존 패러다임을 파괴하는 것이 진정으로 변혁적인 회사들이 만들어지는 방법이야."
"Intermediate","paradigm","The new research challenges the dominant paradigm in the field.","새로운 연구가 그 분야의 지배적인 패러다임에 도전해."
"Intermediate","persist","If you persist through early setbacks, success becomes far more achievable.","초기 좌절을 견뎌내면 성공이 훨씬 더 달성 가능해져."
"Intermediate","persist","The problem persisted despite multiple attempts to address it at the surface level.","표면적 수준에서 해결하려는 여러 번의 시도에도 불구하고 문제가 지속됐어."
"Intermediate","persist","She persisted in pushing for the change even when others had given up on it.","다른 사람들이 포기했을 때도 그녀는 그 변화를 추진하는 데 끈질기게 매달렸어."
"Intermediate","perspective","Gaining a new perspective often requires stepping outside your comfort zone.","새로운 시각을 얻는 데는 종종 편안한 영역 밖으로 나서는 것이 필요해."
"Intermediate","perspective","She brought a fresh perspective that helped the team break out of its old patterns.","그녀는 팀이 낡은 패턴에서 벗어나도록 도운 신선한 시각을 가져왔어."
"Intermediate","perspective","Considering multiple perspectives leads to more balanced and well-rounded decisions.","여러 관점을 고려하면 더 균형 잡히고 전반적으로 완성된 결정으로 이어져."
"Intermediate","pertinent","Please keep all contributions pertinent to the agenda of today's meeting.","오늘 회의 안건과 관련된 발언만 해줘."
"Intermediate","pertinent","She asked a highly pertinent question that everyone else had been afraid to raise.","그녀는 다른 모든 사람들이 제기하기 두려워했던 매우 적절한 질문을 했어."
"Intermediate","pertinent","Include only the most pertinent data — avoid overwhelming the reader with detail.","가장 관련성 높은 데이터만 포함해, 독자를 세부 사항으로 압도하지 마."
"Intermediate","plausible","The explanation sounds plausible on the surface, but the numbers don't add up.","그 설명은 표면적으로는 그럴듯하게 들리지만 숫자가 맞지 않아."
"Intermediate","plausible","A plausible alternative theory must be considered before drawing firm conclusions.","확실한 결론을 내리기 전에 그럴듯한 대안 이론을 고려해야 해."
"Intermediate","plausible","Is it plausible that the project could be completed in just three months?","프로젝트가 불과 3개월 만에 완성될 수 있다는 게 그럴듯해?"
"Intermediate","polarize","The proposal polarized the team — half were enthusiastic, half were opposed.","그 제안이 팀을 둘로 나눴어, 절반은 열성적이었고 절반은 반대했어."
"Intermediate","polarize","Divisive rhetoric tends to polarize communities rather than bring them together.","분열적인 수사는 공동체를 하나로 모으는 것이 아니라 양극화하는 경향이 있어."
"Intermediate","polarize","Highly polarizing topics require especially careful handling in the workplace.","매우 양극화하는 주제는 직장에서 특히 신중한 처리가 필요해."
"Intermediate","postulate","The economist postulated that increased competition would drive prices down.","그 경제학자는 경쟁 증가가 가격을 낮출 거라고 가정했어."
"Intermediate","postulate","She postulated a link between employee autonomy and long-term retention rates.","그녀는 직원 자율성과 장기 유지율 간의 연관성을 가정했어."
"Intermediate","postulate","The theory postulates that small consistent changes can lead to dramatic outcomes.","그 이론은 작고 꾸준한 변화가 극적인 결과로 이어질 수 있다고 가정해."
"Intermediate","proponent","She is one of the strongest proponents of flexible working in the organisation.","그녀는 조직에서 유연한 근무의 가장 강력한 지지자 중 한 명이야."
"Intermediate","proponent","The strongest proponents of the policy struggled to defend it against the new evidence.","그 정책의 가장 강력한 지지자들도 새로운 증거에 맞서 그것을 방어하는 데 어려움을 겪었어."
"Intermediate","proponent","Proponents of the change argue that the benefits far outweigh the costs.","변화를 지지하는 사람들은 이익이 비용을 훨씬 능가한다고 주장해."
"Intermediate","protocol","Always follow the established security protocol when handling sensitive data.","민감한 데이터를 다룰 때는 항상 수립된 보안 프로토콜을 따라."
"Intermediate","protocol","The team developed a clear protocol to ensure consistent quality across all outputs.","팀은 모든 산출물에 걸쳐 일관된 품질을 보장하기 위한 명확한 프로토콜을 개발했어."
"Intermediate","protocol","Diplomatic protocol must be observed carefully during international negotiations.","국제 협상 중에는 외교 프로토콜을 신중하게 준수해야 해."
"Intermediate","prudent","It would be prudent to consult a legal expert before signing the agreement.","계약서에 서명하기 전에 법률 전문가와 상담하는 게 신중한 행동이야."
"Intermediate","prudent","A prudent investor always diversifies their portfolio to manage risk.","신중한 투자자는 항상 위험을 관리하기 위해 포트폴리오를 다양화해."
"Intermediate","prudent","She made the prudent decision to hold off on expansion until the market stabilised.","그녀는 시장이 안정될 때까지 확장을 보류하는 신중한 결정을 내렸어."
"Intermediate","reconcile","It's difficult to reconcile the stated values with the actual behaviour we've observed.","표명된 가치와 우리가 관찰한 실제 행동을 조화시키기가 어려워."
"Intermediate","reconcile","The two sides worked hard to reconcile their differences and reach common ground.","양측은 차이를 극복하고 공통점에 도달하기 위해 열심히 노력했어."
"Intermediate","reconcile","Leaders must sometimes reconcile competing priorities with limited resources.","리더들은 때로 제한된 자원으로 경쟁하는 우선순위들을 조화시켜야 해."
"Intermediate","redundant","The new system made several manual processes redundant, freeing up valuable time.","새 시스템이 여러 수동 프로세스를 불필요하게 만들어 귀한 시간을 확보해줬어."
"Intermediate","redundant","Eliminate redundant steps in your workflow to improve overall efficiency.","전반적인 효율성을 향상시키기 위해 워크플로우에서 중복된 단계를 제거해."
"Intermediate","redundant","She feared her role would become redundant as automation continued to advance.","자동화가 계속 발전함에 따라 자신의 역할이 불필요해질 것을 두려워했어."
"Intermediate","reframe","Try to reframe failure as a valuable learning opportunity rather than a setback.","실패를 좌절이 아닌 귀중한 학습 기회로 재구성하려고 해봐."
"Intermediate","reframe","She reframed the challenge as a chance to innovate and grew stronger for it.","그녀는 그 도전을 혁신의 기회로 재구성했고 그 덕분에 더 강해졌어."
"Intermediate","reframe","Reframing a problem from a different angle often reveals solutions that were invisible before.","다른 각도에서 문제를 재구성하면 이전에는 보이지 않았던 해결책이 드러나는 경우가 많아."
"Intermediate","reinforce","Regular praise and recognition reinforce positive behaviour in any team.","정기적인 칭찬과 인정이 모든 팀에서 긍정적인 행동을 강화해."
"Intermediate","reinforce","The training was designed to reinforce the core principles introduced in the workshop.","그 교육은 워크숍에서 소개된 핵심 원칙들을 강화하도록 설계됐어."
"Intermediate","reinforce","Data from the pilot study reinforced the conclusion that early intervention is most effective.","파일럿 연구의 데이터가 조기 개입이 가장 효과적이라는 결론을 강화했어."
"Intermediate","relevant","Make sure your examples are directly relevant to the question being asked.","예시가 묻는 질문과 직접적으로 관련이 있는지 확인해."
"Intermediate","relevant","Staying relevant in a rapidly changing industry requires continuous learning.","빠르게 변화하는 업계에서 관련성을 유지하려면 지속적인 학습이 필요해."
"Intermediate","relevant","She curated only the most relevant information to keep the report concise.","그녀는 보고서를 간결하게 유지하기 위해 가장 관련성 높은 정보만 선별했어."
"Intermediate","remedy","The management team sought a long-term remedy rather than a quick fix.","경영진은 임시방편이 아닌 장기적인 해결책을 모색했어."
"Intermediate","remedy","Prevention is always a better remedy than trying to fix problems after they arise.","문제가 발생한 후에 해결하려는 것보다 예방이 항상 더 좋은 해결책이야."
"Intermediate","remedy","What remedy do you propose for the persistent decline in team morale?","팀 사기의 지속적인 하락에 어떤 해결책을 제안해?"
"Intermediate","resonate","The campaign's message resonated deeply with a broad and diverse audience.","그 캠페인의 메시지가 폭넓고 다양한 청중에게 깊이 공감을 불러일으켰어."
"Intermediate","resonate","Her story resonated with me because I've faced very similar challenges myself.","그녀의 이야기가 나에게 공감됐어, 나도 매우 비슷한 도전을 직접 겪었거든."
"Intermediate","resonate","A brand that truly resonates with its audience creates loyal, long-term customers.","청중에게 진정으로 공명하는 브랜드는 충성스럽고 장기적인 고객을 만들어."
"Intermediate","robust","The organisation needs a more robust system for handling customer complaints.","조직은 고객 불만을 처리하기 위한 더 강력한 시스템이 필요해."
"Intermediate","robust","A robust strategy can withstand uncertainty and adapt to unexpected disruptions.","강력한 전략은 불확실성을 견디고 예상치 못한 혼란에 적응할 수 있어."
"Intermediate","robust","The robust data clearly supports the case for investing in further R&D.","강력한 데이터가 추가적인 연구개발 투자를 위한 근거를 명확하게 뒷받침해."
"Intermediate","scale","The startup is ready to scale — the model has been proven and demand is there.","스타트업은 확장할 준비가 됐어, 모델이 검증됐고 수요도 있거든."
"Intermediate","scale","Scaling a business requires not just growth but the right systems to support it.","사업을 확장하려면 성장만이 아니라 그것을 지원할 올바른 시스템도 필요해."
"Intermediate","scale","The initiative was initially small but quickly scaled across the entire organisation.","그 계획은 처음에는 작았지만 빠르게 조직 전체로 확대됐어."
"Intermediate","scrutiny","The decision faced intense public scrutiny following the media reports.","그 결정은 미디어 보도 이후 강렬한 대중의 면밀한 검토에 직면했어."
"Intermediate","scrutiny","All financial transactions are subject to rigorous scrutiny by the compliance team.","모든 재무 거래는 컴플라이언스 팀의 엄격한 검토를 받아."
"Intermediate","scrutiny","Holding power to scrutiny is a fundamental function of a free press.","권력을 면밀히 검토하는 것이 자유 언론의 근본적인 기능이야."
"Intermediate","seamless","The goal is to create a seamless customer experience from first contact to delivery.","목표는 첫 접촉부터 납품까지 원활한 고객 경험을 만드는 거야."
"Intermediate","seamless","The transition between the two systems was remarkably seamless and disruption-free.","두 시스템 간의 전환은 놀랍도록 원활하고 방해 없이 이루어졌어."
"Intermediate","seamless","A seamless integration of remote and in-office workers requires intentional effort.","원격 근무자와 사무실 근무자의 원활한 통합은 의도적인 노력이 필요해."
"Intermediate","sequence","Follow the correct sequence of steps to ensure the procedure is done safely.","절차가 안전하게 수행되도록 올바른 순서를 따라."
"Intermediate","sequence","The sequence of events leading to the crisis was complex and hard to predict.","위기로 이어진 일련의 사건들은 복잡하고 예측하기 어려웠어."
"Intermediate","sequence","Planning the sequence of product launches carefully can maximise market impact.","제품 출시 순서를 신중하게 계획하면 시장 영향력을 극대화할 수 있어."
"Intermediate","shift","There has been a significant shift in consumer expectations over the past decade.","지난 10년간 소비자 기대치에 상당한 변화가 있었어."
"Intermediate","shift","A mindset shift is often the first and most difficult step toward meaningful change.","마인드셋의 전환이 종종 의미 있는 변화를 향한 첫 번째이자 가장 어려운 단계야."
"Intermediate","shift","The industry has seen a dramatic shift from traditional to digital business models.","업계는 전통적 비즈니스 모델에서 디지털 비즈니스 모델로의 극적인 전환을 목격했어."
"Intermediate","simulate","The training programme simulates real-world scenarios to prepare staff for any situation.","교육 프로그램은 직원들이 어떤 상황에도 대비하도록 실제 시나리오를 시뮬레이션해."
"Intermediate","simulate","The software can simulate market conditions to help test different investment strategies.","그 소프트웨어는 다양한 투자 전략을 테스트하는 데 도움이 되도록 시장 조건을 시뮬레이션할 수 있어."
"Intermediate","simulate","Running simulations before the actual launch helped us identify and fix critical flaws.","실제 출시 전에 시뮬레이션을 실행하는 게 중요한 결함을 식별하고 수정하는 데 도움이 됐어."
"Intermediate","solidarity","The team showed remarkable solidarity when one of their members faced a personal crisis.","팀원 중 한 명이 개인적인 위기에 직면했을 때 팀은 놀라운 연대감을 보여줬어."
"Intermediate","solidarity","Acts of solidarity — however small — can make a profound difference to those in need.","아무리 작더라도 연대의 행동은 도움이 필요한 사람들에게 깊은 변화를 만들어낼 수 있어."
"Intermediate","solidarity","Building solidarity across departments is key to creating a truly unified organisation.","부서 전반에 걸쳐 연대를 구축하는 게 진정으로 통합된 조직을 만드는 핵심이야."
"Intermediate","sovereignty","Data sovereignty has become a major concern for companies operating internationally.","데이터 주권이 국제적으로 운영하는 기업들의 주요 관심사가 됐어."
"Intermediate","sovereignty","National sovereignty must be respected in any international trade negotiation.","모든 국제 무역 협상에서 국가 주권이 존중돼야 해."
"Intermediate","sovereignty","Digital sovereignty refers to a country's control over its own digital infrastructure.","디지털 주권은 국가의 자국 디지털 인프라에 대한 통제를 말해."
"Intermediate","speculation","There has been widespread speculation about the company's future direction.","회사의 미래 방향에 대한 광범위한 추측이 있었어."
"Intermediate","speculation","Avoid making decisions based on speculation rather than solid evidence.","확실한 증거가 아닌 추측을 바탕으로 결정을 내리는 것을 피해."
"Intermediate","speculation","The media's speculation proved largely unfounded when the official announcement came.","공식 발표가 나왔을 때 언론의 추측은 대부분 근거 없는 것으로 판명됐어."
"Intermediate","spontaneous","The best team bonding moments are often spontaneous rather than carefully planned.","최고의 팀 유대 순간들은 종종 신중하게 계획된 것보다 즉흥적이야."
"Intermediate","spontaneous","A spontaneous decision to take a different route led to an unexpected discovery.","다른 경로를 택하는 즉흥적인 결정이 예상치 못한 발견으로 이어졌어."
"Intermediate","spontaneous","Her spontaneous laughter and warmth made her instantly likable to everyone she met.","그녀의 즉흥적인 웃음과 따뜻함이 그녀가 만나는 모든 사람에게 즉시 호감을 줬어."
"Intermediate","stagnant","A stagnant organisation loses its best people — talent seeks growth and opportunity.","정체된 조직은 최고의 인재를 잃어, 재능은 성장과 기회를 찾거든."
"Intermediate","stagnant","The market has been stagnant for two years, and a new strategy is urgently needed.","시장이 2년간 정체돼 있어서 새로운 전략이 시급하게 필요해."
"Intermediate","stagnant","Complacency is the main reason why once-successful companies become stagnant.","자기만족이 한때 성공했던 기업들이 정체되는 주된 이유야."
"Intermediate","stance","The company took a strong public stance against all forms of workplace discrimination.","회사는 모든 형태의 직장 내 차별에 반대하는 강력한 공개 입장을 취했어."
"Intermediate","stance","Her stance on the issue shifted considerably after reviewing the new evidence.","새로운 증거를 검토한 후 그 문제에 대한 그녀의 입장이 상당히 바뀌었어."
"Intermediate","stance","Taking a clear stance builds credibility, even if some people disagree.","명확한 입장을 취하는 게 신뢰성을 쌓아, 일부 사람들이 동의하지 않더라도."
"Intermediate","stringent","The industry operates under stringent safety regulations to protect workers.","그 업계는 근로자를 보호하기 위한 엄격한 안전 규정 하에 운영돼."
"Intermediate","stringent","Stringent quality controls ensure every product meets the highest standards before shipping.","엄격한 품질 관리가 모든 제품이 출하 전에 최고 수준을 충족하도록 보장해."
"Intermediate","stringent","The new budget included more stringent criteria for approving major expenditures.","새 예산에는 주요 지출을 승인하는 더 엄격한 기준이 포함됐어."
"Intermediate","subsequent","The initial meeting went well, and subsequent discussions led to a formal agreement.","첫 미팅이 잘 됐고, 이후 논의가 공식 합의로 이어졌어."
"Intermediate","subsequent","Subsequent research confirmed and expanded on the findings of the original study.","이후 연구가 원래 연구의 결과를 확인하고 확대했어."
"Intermediate","subsequent","The error was caught and corrected in all subsequent versions of the document.","오류가 발견됐고 이후 모든 버전의 문서에서 수정됐어."
"Intermediate","subtle","There's a subtle but important difference between confidence and arrogance.","자신감과 오만함 사이에는 미묘하지만 중요한 차이가 있어."
"Intermediate","subtle","The design changes were subtle, but they made a significant impact on user experience.","디자인 변경은 미묘했지만 사용자 경험에 상당한 영향을 미쳤어."
"Intermediate","subtle","Her subtle humour made even difficult topics more approachable and engaging.","그녀의 미묘한 유머가 어려운 주제도 더 접근하기 쉽고 흥미롭게 만들었어."
"Intermediate","tacit","There was a tacit agreement between the two colleagues to never discuss the incident.","두 동료 사이에는 그 사건을 절대 논의하지 않겠다는 암묵적인 합의가 있었어."
"Intermediate","tacit","Much of an expert's knowledge is tacit — gained through years of experience, not reading.","전문가의 지식 중 상당 부분은 암묵적이야, 독서가 아닌 수년간의 경험을 통해 얻은 것이거든."
"Intermediate","tacit","The team operated with tacit rules that were never written down but always followed.","팀은 문서화된 적은 없지만 항상 따르는 암묵적인 규칙으로 운영됐어."
"Intermediate","tolerate","A healthy workplace culture does not tolerate bullying or harassment of any kind.","건강한 직장 문화는 어떤 종류의 괴롭힘이나 괴롭힘도 용납하지 않아."
"Intermediate","tolerate","Effective leaders tolerate calculated risks but not reckless behaviour.","효과적인 리더는 계산된 위험은 용납하지만 무모한 행동은 그렇지 않아."
"Intermediate","tolerate","She tolerates ambiguity well and remains calm even when the path ahead is unclear.","그녀는 모호함을 잘 견뎌내고 앞길이 불분명할 때도 침착함을 유지해."
"Intermediate","transaction","Every financial transaction must be recorded and auditable for compliance purposes.","모든 재무 거래는 컴플라이언스 목적으로 기록되고 감사 가능해야 해."
"Intermediate","transaction","Effective leadership is about building relationships, not just completing transactions.","효과적인 리더십은 단순히 거래를 완료하는 것이 아닌 관계를 구축하는 것에 관한 거야."
"Intermediate","transaction","The platform enables secure transactions between buyers and sellers worldwide.","그 플랫폼은 전 세계 구매자와 판매자 간의 안전한 거래를 가능하게 해."
"Intermediate","transcend","Truly great work transcends its category and speaks to something universally human.","진정으로 훌륭한 작품은 그 범주를 초월하여 보편적으로 인간적인 무언가를 말해."
"Intermediate","transcend","Their mission is to transcend cultural and national boundaries through shared values.","그들의 사명은 공유된 가치를 통해 문화적, 국가적 경계를 초월하는 거야."
"Intermediate","transcend","Great mentors help you transcend your current limitations and see your true potential.","훌륭한 멘토는 당신이 현재의 한계를 초월하고 진정한 잠재력을 보도록 도와줘."
"Intermediate","transform","Digital technology has the power to completely transform how industries operate.","디지털 기술은 업계의 운영 방식을 완전히 변혁할 수 있는 힘이 있어."
"Intermediate","transform","The mentorship programme transformed her career in ways she hadn't imagined possible.","그 멘토십 프로그램이 그녀가 가능하다고 상상하지 못했던 방식으로 커리어를 변혁했어."
"Intermediate","transform","To transform an organisation, you must start with transforming its culture.","조직을 변혁하려면 문화를 변혁하는 것에서 시작해야 해."
"Intermediate","undermine","Inconsistent messaging can severely undermine trust in a leadership team.","일관성 없는 메시지가 리더십 팀에 대한 신뢰를 심각하게 훼손할 수 있어."
"Intermediate","undermine","Micromanagement undermines employee confidence and reduces creative initiative.","지나친 관리가 직원의 자신감을 훼손하고 창의적 주도성을 줄여."
"Intermediate","undermine","Don't let others undermine your progress with negativity or self-doubt.","다른 사람들이 부정성이나 자기 의심으로 당신의 발전을 훼손하게 두지 마."
"Intermediate","unify","The new brand identity was designed to unify all divisions under one coherent vision.","새로운 브랜드 정체성은 모든 사업부를 하나의 일관된 비전 아래 통합하도록 설계됐어."
"Intermediate","unify","A shared purpose can unify even the most diverse and distributed teams.","공유된 목적은 가장 다양하고 분산된 팀도 하나로 묶을 수 있어."
"Intermediate","unify","The crisis, paradoxically, served to unify the organisation behind a common goal.","그 위기는 역설적으로 공통 목표 아래 조직을 하나로 묶는 역할을 했어."
"Intermediate","unprecedented","The pandemic created unprecedented challenges for businesses of every size.","팬데믹은 모든 규모의 기업들에게 전례 없는 도전을 만들어냈어."
"Intermediate","unprecedented","She achieved unprecedented results in just her first year in the role.","그녀는 그 역할을 맡은 첫 해에 전례 없는 결과를 달성했어."
"Intermediate","unprecedented","The technology offers unprecedented levels of personalisation to individual users.","그 기술은 개별 사용자에게 전례 없는 수준의 개인화를 제공해."
"Intermediate","upheaval","The merger caused significant upheaval across the entire workforce.","합병이 전체 인력에 상당한 격변을 일으켰어."
"Intermediate","upheaval","Periods of upheaval can be the catalyst for profound and lasting positive change.","격변의 시기가 심오하고 지속적인 긍정적 변화의 촉매가 될 수 있어."
"Intermediate","upheaval","She navigated the organisational upheaval with remarkable calm and clarity.","그녀는 조직의 격변을 놀라운 침착함과 명확성으로 헤쳐나갔어."
"Intermediate","utilize","We should fully utilize all available resources before requesting additional budget.","추가 예산을 요청하기 전에 가용 자원을 모두 최대한 활용해야 해."
"Intermediate","utilize","She utilized her diverse background to bring unique perspectives to every project.","그녀는 다양한 배경을 활용해 모든 프로젝트에 독특한 시각을 가져왔어."
"Intermediate","utilize","Modern companies must utilize data effectively to stay ahead of the competition.","현대 기업들은 경쟁에서 앞서나가기 위해 데이터를 효과적으로 활용해야 해."
"Intermediate","viable","Is this approach actually viable given our current resources and timeframe?","현재 자원과 시간 범위를 고려했을 때 이 접근이 실제로 실현 가능해?"
"Intermediate","viable","We explored several options and only one proved to be a truly viable solution.","여러 선택지를 탐색했는데 하나만 진정으로 실행 가능한 해결책으로 드러났어."
"Intermediate","viable","The business model became viable once the team found a scalable revenue stream.","팀이 확장 가능한 수익원을 찾은 후에 비즈니스 모델이 실행 가능해졌어."
"Intermediate","withstand","A well-built strategy can withstand market volatility and unexpected disruptions.","잘 구축된 전략은 시장 변동성과 예상치 못한 혼란을 견딜 수 있어."
"Intermediate","withstand","Great leaders withstand enormous pressure without losing their sense of direction.","훌륭한 리더들은 방향감각을 잃지 않고 엄청난 압박을 견뎌내."
"Intermediate","withstand","The new packaging was designed to withstand rough handling during international shipping.","새 포장재는 국제 배송 중의 거친 취급을 견디도록 설계됐어."
"Intermediate","advocate for","She has consistently advocated for greater transparency in corporate governance.","그녀는 기업 지배구조의 더 큰 투명성을 위해 꾸준히 주장해왔어."
"Intermediate","advocate for","It's important to advocate for yourself in salary discussions rather than waiting to be offered.","제안을 기다리는 것보다 급여 논의에서 스스로를 위해 주장하는 게 중요해."
"Intermediate","advocate for","Leaders who advocate for their teams build deep trust and strong loyalty.","팀을 위해 주장하는 리더들은 깊은 신뢰와 강한 충성심을 쌓아."
"Intermediate","be attributed to","The project's success can largely be attributed to the team's exceptional dedication.","프로젝트의 성공은 팀의 탁월한 헌신 덕분이라 할 수 있어."
"Intermediate","be attributed to","The high turnover rate can be attributed to a lack of clear career development paths.","높은 이직률은 명확한 커리어 개발 경로의 부재 때문이라 볼 수 있어."
"Intermediate","be attributed to","The breakthrough was attributed to years of incremental research that went largely unnoticed.","그 획기적 발전은 주로 주목받지 못한 수년간의 점진적인 연구 덕분이었어."
"Intermediate","bring about","Strong leadership is needed to bring about meaningful and lasting organisational change.","의미 있고 지속적인 조직 변화를 가져오려면 강력한 리더십이 필요해."
"Intermediate","bring about","What steps would you take to bring about greater collaboration across teams?","팀 간 더 큰 협력을 이루기 위해 어떤 조치를 취할 거야?"
"Intermediate","bring about","The new policy was specifically designed to bring about fairer outcomes for everyone.","새 정책은 모든 사람에게 더 공정한 결과를 가져오기 위해 특별히 설계됐어."
"Intermediate","call into question","The new findings call into question some of the most widely held assumptions in the field.","새로운 발견들이 그 분야에서 가장 널리 통용되는 일부 가정들에 의문을 제기해."
"Intermediate","call into question","Her absence from the key meeting called into question her commitment to the project.","핵심 회의에서의 그녀의 부재가 프로젝트에 대한 그녀의 헌신에 의문을 제기했어."
"Intermediate","call into question","When results contradict your hypothesis, it's time to call your assumptions into question.","결과가 가설과 모순될 때는 가정에 의문을 제기할 때야."
"Intermediate","contribute to","Every team member has the opportunity to contribute to the overall success.","모든 팀원이 전체적인 성공에 기여할 기회가 있어."
"Intermediate","contribute to","Poor time management can contribute to stress and reduced productivity.","나쁜 시간 관리가 스트레스와 생산성 저하에 기여할 수 있어."
"Intermediate","contribute to","She wanted to contribute to something larger than herself — that's why she joined the cause.","그녀는 자신보다 더 큰 무언가에 기여하고 싶었어, 그게 그녀가 그 대의에 합류한 이유야."
"Intermediate","exert influence on","Leaders exert influence on their teams through actions far more than through words.","리더들은 말보다 행동을 통해 훨씬 더 많이 팀에 영향을 미쳐."
"Intermediate","exert influence on","Culture exerts enormous influence on how people make decisions and solve problems.","문화는 사람들이 결정을 내리고 문제를 해결하는 방식에 엄청난 영향을 미쳐."
"Intermediate","exert influence on","She has the ability to exert positive influence on even the most resistant colleagues.","그녀는 가장 저항이 강한 동료들에게도 긍정적인 영향을 미칠 수 있는 능력이 있어."
"Intermediate","give rise to","Rapid urbanisation has given rise to a new set of social and economic challenges.","빠른 도시화가 새로운 사회적, 경제적 도전들을 야기했어."
"Intermediate","give rise to","The unresolved tension between the two teams gave rise to serious communication breakdowns.","두 팀 간의 해결되지 않은 긴장이 심각한 소통 단절을 야기했어."
"Intermediate","give rise to","Technological disruption has given rise to entirely new industries and job categories.","기술적 혼란이 완전히 새로운 산업과 직업 카테고리를 야기했어."
"Intermediate","have implications for","This finding has significant implications for how we approach talent development.","이 발견은 우리가 인재 개발에 접근하는 방식에 중요한 함의를 가지고 있어."
"Intermediate","have implications for","The regulatory change will have implications for every company operating in this sector.","규제 변화는 이 분야에서 운영하는 모든 회사에 함의를 가질 거야."
"Intermediate","have implications for","Any decision at this level will have implications for the entire organisation.","이 수준의 어떤 결정도 전체 조직에 함의를 가질 거야."
"Intermediate","in retrospect","In retrospect, taking that risk was the best decision I ever made in my career.","돌이켜보면 그 위험을 감수한 것이 내 커리어에서 내린 최고의 결정이었어."
"Intermediate","in retrospect","In retrospect, earlier communication would have prevented most of the misunderstandings.","돌이켜보면 더 이른 소통이 대부분의 오해를 방지했을 거야."
"Intermediate","in retrospect","In retrospect, the signs of trouble were there — we just weren't paying attention.","돌이켜보면 문제의 징조는 있었어, 우리가 그냥 주의를 기울이지 않고 있었던 거야."
"Intermediate","lay the groundwork","The pilot project helped lay the groundwork for a much larger rollout next year.","파일럿 프로젝트가 내년의 훨씬 더 큰 출시를 위한 기반을 마련하는 데 도움이 됐어."
"Intermediate","lay the groundwork","Years of networking and skill-building had laid the groundwork for her sudden rise.","수년간의 네트워킹과 기술 구축이 그녀의 갑작스러운 부상을 위한 기반을 마련했어."
"Intermediate","lay the groundwork","Good planning at the start lays the groundwork for smooth execution later on.","초반의 좋은 계획이 이후의 원활한 실행을 위한 기반을 마련해."
"Intermediate","on the premise that","The strategy was built on the premise that customer loyalty drives sustainable growth.","그 전략은 고객 충성도가 지속 가능한 성장을 이끈다는 전제를 바탕으로 세워졌어."
"Intermediate","on the premise that","We proceeded on the premise that the data provided was accurate and complete.","우리는 제공된 데이터가 정확하고 완전하다는 전제 하에 진행했어."
"Intermediate","on the premise that","She made the decision on the premise that transparency would build long-term trust.","그녀는 투명성이 장기적인 신뢰를 구축한다는 전제 하에 결정을 내렸어."
"Intermediate","put into perspective","Travelling to less affluent regions really puts your own problems into perspective.","덜 풍요로운 지역을 여행하면 자신의 문제를 제대로 된 시각으로 보게 돼."
"Intermediate","put into perspective","It helps to put challenges into perspective by focusing on what you can control.","통제할 수 있는 것에 집중하면 도전을 올바른 시각으로 보는 데 도움이 돼."
"Intermediate","put into perspective","The mentor helped her put the setback into perspective and see the bigger picture.","멘토가 그녀가 좌절을 올바른 시각으로 보고 더 큰 그림을 볼 수 있도록 도왔어."
"Intermediate","strike a balance","The key challenge is to strike a balance between innovation and operational stability.","핵심 도전은 혁신과 운영 안정성 사이의 균형을 잡는 거야."
"Intermediate","strike a balance","Effective leaders strike a balance between being decisive and being consultative.","효과적인 리더들은 결단력 있음과 협의적임 사이의 균형을 잡아."
"Intermediate","strike a balance","She struggled to strike a balance between her professional ambition and personal life.","그녀는 직업적 야망과 개인적인 삶 사이의 균형을 잡는 데 어려움을 겪었어."
"Intermediate","take into account","Any fair evaluation must take into account both the successes and the setbacks.","공정한 평가는 성공과 좌절 모두를 고려해야 해."
"Intermediate","take into account","When designing the policy, they failed to take into account the needs of remote workers.","정책을 설계할 때 그들은 원격 근무자들의 필요를 고려하지 못했어."
"Intermediate","take into account","You must take into account all relevant factors before committing to the investment.","투자를 확정하기 전에 모든 관련 요소를 고려해야 해."
"Intermediate","to a large extent","To a large extent, company culture is shaped by the behaviour of its leaders.","회사 문화는 상당한 정도로 리더들의 행동에 의해 형성돼."
"Intermediate","to a large extent","The project's success was, to a large extent, due to exceptional team collaboration.","프로젝트의 성공은 상당한 정도로 탁월한 팀 협력 덕분이었어."
"Intermediate","to a large extent","Career success depends, to a large extent, on the quality of the relationships you build.","커리어 성공은 상당한 정도로 당신이 구축하는 관계의 질에 달려 있어."
"Intermediate","weigh the pros and cons","Before accepting any job offer, always weigh the pros and cons carefully.","어떤 취업 제안이든 수락하기 전에 항상 장단점을 신중하게 따져봐."
"Intermediate","weigh the pros and cons","She took a week to weigh the pros and cons before making her final decision.","그녀는 최종 결정을 내리기 전에 일주일 동안 장단점을 따져봤어."
"Intermediate","weigh the pros and cons","Good decision-makers consistently weigh the pros and cons rather than acting on impulse.","좋은 의사결정자는 충동적으로 행동하는 것이 아니라 일관되게 장단점을 따져봐."
"Intermediate","without a doubt","Without a doubt, clear communication is the most critical skill in any leadership role.","의심할 여지 없이 명확한 소통은 모든 리더십 역할에서 가장 중요한 기술이야."
"Intermediate","without a doubt","She is, without a doubt, the most talented strategist I have ever worked alongside.","그녀는 의심할 여지 없이 내가 함께 일한 가장 재능 있는 전략가야."
"Intermediate","without a doubt","Without a doubt, the decision to invest in people is always the right one.","의심할 여지 없이 사람에게 투자하는 결정은 항상 옳은 거야."
"Intermediate","abide","All employees are expected to abide by the company's code of conduct.","모든 직원은 회사의 행동 강령을 준수해야 해."
"Intermediate","abide","She abides by her principles even when it would be easier to compromise.","그녀는 타협하는 게 더 쉬울 때도 자신의 원칙을 지켜."
"Intermediate","abide","Any contractor working on site must abide by the strictest safety protocols.","현장에서 일하는 모든 계약업체는 가장 엄격한 안전 프로토콜을 준수해야 해."
"Intermediate","abrupt","The abrupt resignation of the CEO sent shockwaves through the entire organisation.","CEO의 갑작스러운 사임이 전체 조직에 충격파를 보냈어."
"Intermediate","abrupt","An abrupt change in direction without explanation will erode team trust quickly.","설명 없이 갑작스러운 방향 전환은 팀의 신뢰를 빠르게 침식할 거야."
"Intermediate","abrupt","Her abrupt manner can come across as cold, even though she doesn't intend it.","그녀의 퉁명스러운 방식은 의도하지 않더라도 차갑게 느껴질 수 있어."
"Intermediate","accentuate","Good presentation design accentuates your key messages rather than obscuring them.","좋은 프레젠테이션 디자인은 핵심 메시지를 가리는 것이 아니라 부각시켜."
"Intermediate","accentuate","The new uniform was designed to accentuate professionalism and brand identity.","새 유니폼은 전문성과 브랜드 정체성을 강조하도록 설계됐어."
"Intermediate","accentuate","The report accentuates the growing gap between urban and rural opportunities.","그 보고서는 도시와 농촌 간의 기회 격차가 커지고 있음을 강조해."
"Intermediate","acute","She has an acute sense of what motivates different people in different contexts.","그녀는 다양한 맥락에서 다른 사람들에게 무엇이 동기를 부여하는지에 대한 예리한 감각이 있어."
"Intermediate","acute","The organisation is facing an acute shortage of experienced project managers.","조직은 경험 있는 프로젝트 관리자의 심각한 부족에 직면하고 있어."
"Intermediate","acute","His acute attention to detail has prevented many costly errors over the years.","세부 사항에 대한 그의 예리한 주의가 수년간 많은 비용이 드는 오류를 방지했어."
"Intermediate","adherence","Strict adherence to the process ensures consistent and high-quality outcomes.","프로세스의 엄격한 준수가 일관되고 질 높은 결과를 보장해."
"Intermediate","adherence","Adherence to ethical standards is non-negotiable, regardless of commercial pressure.","윤리적 기준 준수는 상업적 압박에 관계없이 협상 불가능해."
"Intermediate","adherence","The audit found inconsistent adherence to the agreed procedures across teams.","감사는 팀 전반에 걸쳐 합의된 절차 준수의 불일치를 발견했어."
"Intermediate","adjacent","The company is exploring adjacent markets to diversify its revenue streams.","회사는 수익원을 다양화하기 위해 인접 시장을 탐색하고 있어."
"Intermediate","adjacent","Her skills are adjacent to what we need — with some training, she'd be a perfect fit.","그녀의 기술은 우리가 필요한 것과 인접해 있어, 약간의 교육으로 완벽하게 맞을 거야."
"Intermediate","adjacent","Moving into adjacent product categories helped the brand reach a much wider audience.","인접 제품 카테고리로 이동하는 게 브랜드가 훨씬 더 넓은 청중에게 다가가는 데 도움이 됐어."
"Intermediate","affluent","The product is aimed at affluent consumers who prioritise quality over price.","그 제품은 가격보다 품질을 우선시하는 풍요로운 소비자들을 대상으로 해."
"Intermediate","affluent","Even in affluent societies, pockets of serious poverty can be overlooked.","풍요로운 사회에서도 심각한 빈곤의 구역들이 간과될 수 있어."
"Intermediate","affluent","The affluent neighbourhood attracted a cluster of premium retail and dining brands.","그 부유한 지역은 프리미엄 소매 및 외식 브랜드들을 끌어들였어."
"Intermediate","aggravate","Ignoring employee concerns will only aggravate the underlying dissatisfaction.","직원들의 우려를 무시하면 근본적인 불만만 악화시킬 거야."
"Intermediate","aggravate","The delay aggravated an already tense situation between the two departments.","지연이 두 부서 사이의 이미 긴장된 상황을 더 악화시켰어."
"Intermediate","aggravate","Lack of sleep can significantly aggravate stress and reduce your ability to cope.","수면 부족은 스트레스를 크게 악화시키고 대처 능력을 줄일 수 있어."
"Intermediate","agile","Agile organisations respond to change faster and recover from setbacks more effectively.","민첩한 조직들은 변화에 더 빠르게 대응하고 좌절에서 더 효과적으로 회복해."
"Intermediate","agile","She has an agile mind — she adapts her thinking quickly as new information arrives.","그녀는 민첩한 마음을 가지고 있어, 새로운 정보가 들어오면 생각을 빠르게 적응시켜."
"Intermediate","agile","The agile methodology helped the team deliver a working product in just eight weeks.","애자일 방법론이 팀이 불과 8주 만에 작동하는 제품을 납품하는 데 도움이 됐어."
"Intermediate","alienate","Overly complex language in communications can alienate non-specialist readers.","소통에서 지나치게 복잡한 언어는 비전문 독자들을 소외시킬 수 있어."
"Intermediate","alienate","A dismissive management style alienates talented people and drives them toward competitors.","무시하는 관리 스타일이 유능한 사람들을 소외시키고 경쟁사로 내몰아."
"Intermediate","alienate","The drastic price increase risked alienating the brand's most loyal customers.","급격한 가격 인상이 브랜드의 가장 충성스러운 고객들을 소외시킬 위험이 있었어."
"Intermediate","allegiance","Employee allegiance is earned through consistent fairness, not demanded through authority.","직원의 충성심은 권위를 통해 요구하는 게 아니라 일관된 공정함을 통해 얻어지는 거야."
"Intermediate","allegiance","Her allegiance to her core values never wavered, even under significant pressure.","그녀의 핵심 가치에 대한 충성심은 상당한 압박 아래에서도 흔들린 적이 없었어."
"Intermediate","allegiance","Brand allegiance is diminishing as consumers become more informed and discerning.","소비자들이 더 잘 알고 안목이 높아지면서 브랜드 충성도가 줄어들고 있어."
"Intermediate","altruistic","Her decision to mentor junior colleagues was genuinely altruistic — she expected nothing in return.","후배 동료들을 멘토링하겠다는 그녀의 결정은 진정으로 이타적이었어, 그녀는 아무것도 기대하지 않았거든."
"Intermediate","altruistic","Truly altruistic behaviour is rare in a competitive environment — but it does exist.","경쟁적인 환경에서 진정으로 이타적인 행동은 드물어, 하지만 존재하긴 해."
"Intermediate","altruistic","The foundation was built on altruistic principles — improving lives without seeking recognition.","그 재단은 인정을 추구하지 않고 삶을 개선한다는 이타적인 원칙 위에 세워졌어."
"Intermediate","ameliorate","Several measures were introduced to ameliorate the impact of the redundancies.","구조조정의 영향을 개선하기 위한 몇 가지 조치가 도입됐어."
"Intermediate","ameliorate","Technology alone cannot ameliorate systemic social inequalities — policy change is essential.","기술만으로는 체계적인 사회적 불평등을 개선할 수 없어, 정책 변화가 필수야."
"Intermediate","ameliorate","Open communication helped ameliorate tensions that had been building for months.","열린 소통이 수개월간 쌓여온 긴장을 완화하는 데 도움이 됐어."
"Intermediate","anomaly","The sudden drop in sales was an anomaly that warranted closer investigation.","판매의 갑작스러운 하락은 더 면밀한 조사가 필요한 이상 현상이었어."
"Intermediate","anomaly","In a field dominated by convention, her approach was seen as a welcome anomaly.","관행이 지배하는 분야에서 그녀의 접근법은 환영받는 이례적인 것으로 여겨졌어."
"Intermediate","anomaly","Statistical anomalies in the data suggested a systematic error in the collection process.","데이터의 통계적 이상 현상이 수집 프로세스의 체계적인 오류를 시사했어."
"Intermediate","antiquated","The company's antiquated IT systems were slowing down operations significantly.","회사의 구식 IT 시스템이 운영을 크게 둔화시키고 있었어."
"Intermediate","antiquated","Many performance review processes are antiquated and no longer serve their original purpose.","많은 성과 검토 프로세스들이 구식이어서 더 이상 원래 목적을 수행하지 못하고 있어."
"Intermediate","antiquated","Clinging to antiquated thinking in a modern marketplace is a path to irrelevance.","현대 시장에서 구식 사고에 집착하는 건 무관함으로 가는 길이야."
"Intermediate","apprehension","There was widespread apprehension among the staff ahead of the restructuring announcement.","구조조정 발표를 앞두고 직원들 사이에 광범위한 불안감이 있었어."
"Intermediate","apprehension","Her initial apprehension about public speaking faded with each successful presentation.","공개 연설에 대한 그녀의 초기 불안감은 성공적인 발표를 할 때마다 사라졌어."
"Intermediate","apprehension","Acknowledging employees' apprehension openly is the first step to easing it.","직원들의 불안감을 공개적으로 인정하는 게 그것을 완화하는 첫 번째 단계야."
"Intermediate","archaic","Some of the workplace regulations still in force are archaic and need urgent reform.","여전히 시행 중인 일부 직장 규정들은 구시대적이어서 시급한 개혁이 필요해."
"Intermediate","archaic","The archaic management hierarchy is incompatible with the fast-moving modern workplace.","구시대적인 관리 계층 구조는 빠르게 움직이는 현대 직장과 맞지 않아."
"Intermediate","archaic","Using archaic language in customer communications can make a brand feel out of touch.","고객 소통에서 구식 언어를 사용하면 브랜드가 시대에 뒤떨어진 것처럼 느껴질 수 있어."
"Intermediate","arduous","The path to mastery in any field is long and arduous, but deeply rewarding.","어떤 분야에서든 숙달로 가는 길은 길고 힘들지만 깊이 보람 있어."
"Intermediate","arduous","She completed the arduous certification process while working full-time.","그녀는 풀타임으로 일하면서 힘든 자격증 취득 과정을 완료했어."
"Intermediate","arduous","Negotiating across cultural and language barriers can be an arduous but worthwhile process.","문화적, 언어적 장벽을 넘어 협상하는 건 힘들지만 가치 있는 과정일 수 있어."
"Intermediate","astute","She made an astute observation that completely reframed the way we viewed the problem.","그녀는 우리가 문제를 바라보는 방식을 완전히 재구성한 예리한 관찰을 했어."
"Intermediate","astute","Astute investors spotted the opportunity long before it became obvious to the market.","예리한 투자자들은 시장에서 명확해지기 훨씬 전에 그 기회를 포착했어."
"Intermediate","astute","Being astute about people is just as important as being technically skilled in leadership.","리더십에서 사람에 대해 예리한 것은 기술적으로 능숙한 것만큼이나 중요해."
"Intermediate","atrophy","Skills that aren't used regularly will begin to atrophy over time.","정기적으로 사용되지 않는 기술들은 시간이 지남에 따라 퇴화하기 시작할 거야."
"Intermediate","atrophy","Without continuous investment, even the strongest organisational culture can atrophy.","지속적인 투자 없이는 가장 강한 조직 문화도 퇴화할 수 있어."
"Intermediate","atrophy","Creative muscles atrophy quickly if you don't regularly challenge yourself with new problems.","새로운 문제로 정기적으로 자신에게 도전하지 않으면 창의적 근육이 빠르게 퇴화해."
"Intermediate","audacious","The audacious proposal surprised everyone but ultimately won the contract.","대담한 제안이 모든 사람을 놀라게 했지만 결국 계약을 따냈어."
"Intermediate","audacious","Setting audacious goals is what separates extraordinary achievers from the merely good.","대담한 목표를 설정하는 것이 비범한 성취자와 단순히 좋은 사람을 구분해."
"Intermediate","audacious","Her audacious decision to challenge the market leader paid off beyond all expectations.","시장 선두주자에 도전하는 그녀의 대담한 결정이 모든 기대를 뛰어넘어 성과를 냈어."
"Intermediate","axiom","It has become an axiom in business that culture eats strategy for breakfast.","""문화는 전략을 아침 식사로 먹는다""는 말은 비즈니스에서 자명한 진리가 됐어."
"Intermediate","axiom","The axiom that ""the customer is always right"" has both merits and clear limitations.","""고객은 항상 옳다""는 공리에는 장점과 명확한 한계가 모두 있어."
"Intermediate","axiom","Question every axiom — what was true a decade ago may not hold today.","모든 공리에 의문을 제기해, 10년 전에 사실이었던 것이 오늘날은 그렇지 않을 수 있어."
"Intermediate","benevolent","A benevolent leader empowers others rather than hoarding power for themselves.","자비로운 리더는 자신을 위해 권력을 독점하는 것이 아니라 다른 사람들에게 힘을 부여해."
"Intermediate","benevolent","The company has a long history of benevolent investment in its local communities.","그 회사는 지역 사회에 대한 자비로운 투자의 오랜 역사가 있어."
"Intermediate","benevolent","Her benevolent approach to management inspired deep loyalty across the organisation.","그녀의 자비로운 관리 방식이 조직 전반에 걸쳐 깊은 충성심을 불러일으켰어."
"Intermediate","bewildering","The sheer range of tools and platforms available today can be bewildering for new starters.","오늘날 이용 가능한 도구와 플랫폼의 방대한 범위가 신입자들에게 당혹스러울 수 있어."
"Intermediate","bewildering","The pace of change in the industry has been bewildering, even for seasoned professionals.","업계의 변화 속도는 경험 많은 전문가들에게도 당혹스러울 정도야."
"Intermediate","bewildering","What seems bewildering at first often becomes clear once you understand the underlying logic.","처음에 당혹스럽게 보이는 것도 근본적인 논리를 이해하면 종종 명확해져."
"Intermediate","bilateral","The two nations signed a bilateral trade agreement that benefited both economies.","두 나라는 양국 경제 모두에 이익이 되는 양자 무역 협정을 체결했어."
"Intermediate","bilateral","Bilateral meetings allow for frank, candid conversations that are harder in group settings.","양자 회담은 그룹 환경에서는 더 어려운 솔직하고 진솔한 대화를 가능하게 해."
"Intermediate","bilateral","The bilateral partnership was a significant milestone in the two companies' relationship.","양자 파트너십은 두 회사 관계의 중요한 이정표였어."
"Intermediate","brevity","Brevity in communication is a sign of respect for the other person's time.","소통에서의 간결함은 상대방의 시간에 대한 존중의 표시야."
"Intermediate","brevity","She is known for the brevity and precision of her presentations — never a wasted word.","그녀는 발표의 간결함과 정확성으로 알려져 있어, 낭비되는 말이 없거든."
"Intermediate","brevity","With brevity comes clarity — the shorter your message, the more likely it is to land.","간결함에는 명확성이 따라와, 메시지가 짧을수록 전달될 가능성이 높아."
"Intermediate","broaden","Travelling widely and reading broadly are two great ways to broaden your perspective.","폭넓게 여행하고 널리 읽는 것은 시각을 넓히는 두 가지 훌륭한 방법이야."
"Intermediate","broaden","The company plans to broaden its product range to reach a wider customer base.","회사는 더 넓은 고객 기반에 도달하기 위해 제품 범위를 확장할 계획이야."
"Intermediate","broaden","Cross-functional projects are a great way to broaden your skills and internal network.","크로스펑셔널 프로젝트는 기술과 내부 인맥을 넓히는 훌륭한 방법이야."
"Intermediate","candor","She delivered the difficult feedback with a rare combination of candor and compassion.","그녀는 드문 솔직함과 연민의 조합으로 어려운 피드백을 전달했어."
"Intermediate","candor","Candor in leadership builds more trust than carefully managed, polished messaging.","리더십에서의 솔직함은 신중하게 관리된 세련된 메시지보다 더 많은 신뢰를 구축해."
"Intermediate","candor","He appreciated her candor — it was refreshing to hear an honest perspective.","그는 그녀의 솔직함을 고마워했어, 정직한 관점을 듣는 건 신선했거든."
"Intermediate","capricious","A capricious management style creates anxiety and makes planning nearly impossible.","변덕스러운 관리 스타일은 불안을 만들고 계획을 거의 불가능하게 해."
"Intermediate","capricious","The capricious nature of the market demands constant vigilance from investors.","시장의 변덕스러운 성질이 투자자들에게 끊임없는 경계심을 요구해."
"Intermediate","capricious","Consistent leadership is more effective than capricious behaviour, however dynamic it may seem.","일관된 리더십이 아무리 역동적으로 보이더라도 변덕스러운 행동보다 더 효과적이야."
"Intermediate","circumspect","She was circumspect in her response, careful not to commit before knowing all the facts.","그녀는 모든 사실을 알기 전에 확약하지 않도록 조심스럽게 신중한 답변을 했어."
"Intermediate","circumspect","Being circumspect in public statements is wise when negotiations are still ongoing.","협상이 아직 진행 중일 때 공개 발언에서 신중한 것이 현명해."
"Intermediate","circumspect","A circumspect approach to risk management protects the organisation from avoidable surprises.","리스크 관리에 대한 신중한 접근이 조직을 피할 수 있는 놀라움으로부터 보호해."
"Intermediate","clandestine","The clandestine negotiations were eventually exposed, damaging both parties' reputations.","비밀 협상이 결국 드러나 양측의 명성을 훼손했어."
"Intermediate","clandestine","Clandestine workarounds might solve short-term problems but create bigger long-term risks.","비밀스러운 임시방편은 단기적인 문제를 해결할 수 있지만 더 큰 장기적 위험을 만들어."
"Intermediate","clandestine","A culture of transparency eliminates the need for clandestine information-sharing.","투명성 문화는 비밀스러운 정보 공유의 필요를 없애줘."
"Intermediate","clarity","Clarity of purpose is what separates high-performing teams from merely busy ones.","목적의 명확성이 고성과 팀과 단순히 바쁜 팀을 구분해."
"Intermediate","clarity","She communicates with remarkable clarity, making complex ideas easy to grasp.","그녀는 복잡한 아이디어를 쉽게 이해할 수 있게 만드는 놀라운 명확성으로 소통해."
"Intermediate","clarity","Before launching any project, ensure there is absolute clarity on goals and responsibilities.","어떤 프로젝트든 시작하기 전에 목표와 책임에 대한 완전한 명확성을 확보해."
"Intermediate","coerce","No one should ever be coerced into accepting terms that are not in their best interest.","누구도 자신의 이익에 맞지 않는 조건을 수락하도록 강요받아서는 안 돼."
"Intermediate","coerce","True leadership inspires voluntary commitment — it never relies on coercion.","진정한 리더십은 자발적인 헌신을 이끌어내, 강제에 절대 의존하지 않아."
"Intermediate","coerce","She felt coerced into signing the contract without being given time to review it properly.","그녀는 제대로 검토할 시간 없이 계약서에 서명하도록 강요당하는 느낌이었어."
"Intermediate","cogent","She made a cogent argument for restructuring the team that was difficult to counter.","그녀는 반박하기 어려운 팀 재편에 대한 명쾌한 주장을 했어."
"Intermediate","cogent","A cogent business case, backed by solid data, will always attract investment.","탄탄한 데이터로 뒷받침된 명쾌한 사업 계획은 항상 투자를 끌어들일 거야."
"Intermediate","cogent","His analysis was cogent and precise, leaving no room for doubt about his recommendation.","그의 분석은 명쾌하고 정확해서 그의 권고에 대한 의심의 여지가 없었어."
"Intermediate","coherent","The strategy must be coherent — every initiative should align with the core objective.","전략은 일관성 있어야 해, 모든 계획이 핵심 목표와 일치해야 해."
"Intermediate","coherent","She presented a coherent vision that made it easy for the team to understand the direction.","그녀는 팀이 방향을 쉽게 이해할 수 있게 하는 일관된 비전을 제시했어."
"Intermediate","coherent","For a report to be persuasive, it must be coherent, well-structured and clearly argued.","보고서가 설득력 있으려면 일관성 있고 잘 구조화되며 명확하게 논증돼야 해."
"Intermediate","commensurate","Her compensation should be commensurate with her level of experience and contribution.","그녀의 보상은 그녀의 경험 수준과 기여에 상응해야 해."
"Intermediate","commensurate","The risk taken should always be commensurate with the potential reward.","감수하는 위험은 항상 잠재적 보상에 상응해야 해."
"Intermediate","commensurate","We offer salaries commensurate with industry standards and individual performance.","우리는 업계 표준과 개인 성과에 상응하는 급여를 제공해."
"Intermediate","complicity","Silence in the face of wrongdoing can amount to a form of complicity.","잘못된 행동 앞에서의 침묵은 일종의 공모가 될 수 있어."
"Intermediate","complicity","Several executives were accused of complicity in concealing the financial irregularities.","여러 임원이 재무 불규칙성을 은폐하는 데 공모한 혐의를 받았어."
"Intermediate","complicity","Organisations must guard against inadvertent complicity in unethical supply chains.","조직들은 비윤리적인 공급망에 의도치 않게 가담하지 않도록 주의해야 해."
"Intermediate","conciliatory","She adopted a conciliatory tone that helped de-escalate the tensions in the room.","그녀는 방 안의 긴장을 완화하는 데 도움이 된 화해적인 어조를 취했어."
"Intermediate","conciliatory","A conciliatory approach is often more productive than holding firm to every position.","화해적인 접근은 모든 입장을 고수하는 것보다 종종 더 생산적이야."
"Intermediate","conciliatory","His conciliatory gesture broke the deadlock and opened the door to a final agreement.","그의 화해적인 제스처가 교착 상태를 깨고 최종 합의로 가는 문을 열었어."
"Intermediate","concise","In a world of information overload, concise communication is more valuable than ever.","정보 과잉의 세상에서 간결한 소통은 그 어느 때보다 더 가치 있어."
"Intermediate","concise","Her executive summary was concise yet comprehensive — exactly what the board needed.","그녀의 요약 보고서는 간결하면서도 포괄적이었어, 이사회가 필요한 바로 그것이었거든."
"Intermediate","concise","Be concise in your emails — people are more likely to read and respond to short messages.","이메일은 간결하게 써, 사람들은 짧은 메시지를 읽고 응답할 가능성이 더 높거든."
"Intermediate","condone","The organisation will not condone any form of harassment or discriminatory behaviour.","조직은 어떤 형태의 괴롭힘이나 차별적 행동도 용납하지 않을 거야."
"Intermediate","condone","Failing to act on misconduct is tantamount to condoning it.","비위 행동에 조치를 취하지 않는 건 그것을 묵인하는 것과 다름없어."
"Intermediate","condone","She made it clear she would never condone cutting corners on safety to meet a deadline.","그녀는 마감 기한을 맞추기 위해 안전을 소홀히 하는 걸 절대 용납하지 않겠다는 걸 분명히 했어."
"Intermediate","confluence","The startup emerged at a confluence of technological innovation and shifting consumer needs.","그 스타트업은 기술 혁신과 변화하는 소비자 요구의 합류 지점에서 등장했어."
"Intermediate","confluence","Her work sits at the confluence of data science and behavioural psychology.","그녀의 작업은 데이터 과학과 행동 심리학의 합류 지점에 있어."
"Intermediate","confluence","A confluence of factors — timing, team and market conditions — drove the company's success.","타이밍, 팀, 시장 조건이라는 여러 요소의 합류가 회사의 성공을 이끌었어."
"Intermediate","congruent","Leadership behaviour must be congruent with the values the organisation publicly espouses.","리더십 행동은 조직이 공개적으로 표방하는 가치와 일치해야 해."
"Intermediate","congruent","Her personal brand is congruent with how she actually shows up every day at work.","그녀의 개인 브랜드는 그녀가 매일 직장에서 실제로 모습을 드러내는 방식과 일치해."
"Intermediate","congruent","For trust to develop, words and actions must be congruent and consistent over time.","신뢰가 형성되려면 말과 행동이 시간이 지남에 따라 일치하고 일관적이어야 해."
"Intermediate","conscientious","She is one of the most conscientious employees I've ever managed — never a detail missed.","그녀는 내가 관리한 가장 성실한 직원 중 한 명이야, 놓친 세부 사항이 없어."
"Intermediate","conscientious","Being conscientious about quality at every stage reduces the need for costly rework.","모든 단계에서 품질에 대해 성실한 것이 비용이 많이 드는 재작업의 필요를 줄여."
"Intermediate","conscientious","Conscientious leaders create cultures where standards are maintained without micromanagement.","성실한 리더들은 세세한 관리 없이도 기준이 유지되는 문화를 만들어."
"Intermediate","contentious","The performance bonus structure has become a contentious issue among the team.","성과 보너스 구조가 팀 내에서 논란이 많은 문제가 됐어."
"Intermediate","contentious","Handle contentious topics with care — approach them with data, not emotion.","논란이 많은 주제는 조심스럽게 다뤄, 감정이 아닌 데이터로 접근해."
"Intermediate","contentious","The contentious merger divided stakeholders and attracted intense media scrutiny.","그 논란이 많은 합병은 이해관계자들을 나눴고 강렬한 미디어 검토를 끌어들였어."
"Intermediate","continuum","Leadership effectiveness exists on a continuum — there's always room for growth.","리더십 효과는 연속선상에 존재해, 항상 성장의 여지가 있어."
"Intermediate","continuum","Employee engagement sits on a continuum from fully disengaged to fully committed.","직원 참여는 완전히 이탈된 것부터 완전히 헌신적인 것까지 연속선상에 있어."
"Intermediate","continuum","Think of change not as an event but as a continuum that requires ongoing attention.","변화를 사건이 아닌 지속적인 주의가 필요한 연속선으로 생각해봐."
"Intermediate","contrive","The solution seemed contrived — too perfect to have emerged naturally from the data.","그 해결책은 인위적으로 보였어, 데이터에서 자연스럽게 나왔기에는 너무 완벽했거든."
"Intermediate","contrive","She contrived a way to meet the deadline despite the last-minute resource changes.","그녀는 막판 자원 변경에도 불구하고 마감 기한을 맞추는 방법을 고안했어."
"Intermediate","contrive","Authentic storytelling will always outperform contrived corporate narratives.","진정성 있는 스토리텔링은 항상 인위적인 기업 서사를 능가할 거야."
"Intermediate","convey","The best communicators convey complex ideas with simplicity and confidence.","최고의 소통가들은 복잡한 아이디어를 단순함과 자신감으로 전달해."
"Intermediate","convey","What you don't say can convey just as much — or more — as what you do say.","말하지 않는 것이 말하는 것만큼이나, 또는 더 많이 전달할 수 있어."
"Intermediate","convey","She used a powerful metaphor to convey the urgency of the situation to the board.","그녀는 이사회에 상황의 긴박성을 전달하기 위해 강력한 은유를 사용했어."
"Intermediate","correlate","High employee engagement consistently correlates with stronger business performance.","높은 직원 참여는 일관되게 더 강한 사업 성과와 상관관계가 있어."
"Intermediate","correlate","The researchers found that sleep quality correlates strongly with productivity levels.","연구자들은 수면 질이 생산성 수준과 강한 상관관계가 있다는 것을 발견했어."
"Intermediate","correlate","Be careful not to assume causation just because two variables correlate.","두 변수가 상관관계가 있다고 해서 인과관계를 가정하지 않도록 주의해."
"Intermediate","corroborate","Multiple independent sources corroborated the original findings, strengthening the case.","여러 독립적인 출처가 원래 결과를 확인해줬고 사례를 강화했어."
"Intermediate","corroborate","Do you have evidence to corroborate what the report claims?","보고서가 주장하는 것을 확인해줄 증거가 있어?"
"Intermediate","corroborate","The audit corroborated every figure in the financial statements — no discrepancies found.","감사는 재무제표의 모든 수치를 확인했어, 불일치는 발견되지 않았어."
"Intermediate","counteract","The new incentive scheme was introduced to counteract the rising attrition rate.","증가하는 이직률에 대응하기 위해 새로운 인센티브 제도가 도입됐어."
"Intermediate","counteract","Regular exercise can counteract many of the negative effects of a sedentary lifestyle.","규칙적인 운동이 앉아서만 생활하는 라이프스타일의 많은 부정적인 영향에 대응할 수 있어."
"Intermediate","counteract","She introduced more structured communication to counteract the growing information silos.","그녀는 점점 커지는 정보 사일로에 대응하기 위해 더 구조화된 소통을 도입했어."
"Intermediate","covert","The organisation ran a covert study to identify bottlenecks before announcing the restructure.","조직은 구조 개편을 발표하기 전에 병목 현상을 파악하기 위해 비밀 연구를 실시했어."
"Intermediate","covert","Covert resistance to change — eye-rolls and quiet non-compliance — is harder to address than open opposition.","변화에 대한 은밀한 저항, 즉 눈을 굴리거나 조용히 따르지 않는 것은 공개적인 반대보다 다루기 어려워."
"Intermediate","covert","She suspected covert collaboration between the two vendors, which might violate fair-competition rules.","그녀는 두 벤더 간의 은밀한 협력이 있다고 의심했는데, 그것은 공정 경쟁 규칙을 위반할 수 있어."
"Intermediate","curtail","Budget constraints forced us to curtail several expansion plans for this quarter.","예산 제약으로 인해 이번 분기의 여러 확장 계획을 축소할 수밖에 없었어."
"Intermediate","curtail","The new policy will curtail unnecessary meetings and free up time for deep work.","새 정책은 불필요한 회의를 줄이고 심층 작업을 위한 시간을 확보할 거야."
"Intermediate","curtail","Curtailing expenses now will give the company more flexibility during a potential downturn.","지금 비용을 줄이면 잠재적인 경기 침체 시에 회사가 더 많은 유연성을 가질 수 있어."
"Intermediate","daunting","The scale of the project was daunting, but the team broke it into manageable milestones.","프로젝트의 규모가 버거웠지만 팀은 그것을 관리 가능한 마일스톤으로 나눴어."
"Intermediate","daunting","Starting a new role can feel daunting — focus on listening and learning in the first 90 days.","새로운 역할을 시작하는 것은 버겁게 느껴질 수 있어, 처음 90일은 듣고 배우는 데 집중해봐."
"Intermediate","daunting","Even the most daunting challenges become approachable when you build the right support system.","아무리 버거운 도전도 적절한 지원 시스템을 구축하면 접근하기 쉬워져."
"Intermediate","debilitating","Chronic stress can have a debilitating effect on both productivity and long-term health.","만성 스트레스는 생산성과 장기적인 건강 모두에 심각하게 약화시키는 영향을 미칠 수 있어."
"Intermediate","debilitating","Perfectionism becomes debilitating when it prevents you from shipping anything at all.","완벽주의는 아무것도 출시하지 못하게 할 때 심각하게 약화시키는 요소가 돼."
"Intermediate","debilitating","The team overcame a debilitating period of uncertainty by focusing on what they could control.","팀은 통제할 수 있는 것에 집중함으로써 심각하게 약화시키는 불확실성의 시기를 극복했어."
"Intermediate","deference","In deference to the concerns raised, management agreed to postpone the rollout.","제기된 우려에 경의를 표하여 경영진은 출시를 연기하기로 동의했어."
"Intermediate","deference","Excessive deference to authority can stifle innovation and suppress important dissenting voices.","권위에 대한 지나친 복종은 혁신을 억누르고 중요한 반대 목소리를 억압할 수 있어."
"Intermediate","deference","She showed deference to the senior engineer's expertise while still voicing her own perspective.","그녀는 선임 엔지니어의 전문성에 경의를 표하면서도 자신의 관점을 표현했어."
"Intermediate","delineate","The contract clearly delineates each party's responsibilities and deliverables.","계약서는 각 당사자의 책임과 결과물을 명확하게 규정해."
"Intermediate","delineate","Before starting, delineate the project scope to avoid misunderstandings down the line.","시작하기 전에 프로젝트 범위를 명확히 규정해서 나중에 오해가 생기지 않도록 해."
"Intermediate","delineate","The report delineates the key differences between the two strategic options available.","보고서는 이용 가능한 두 전략적 옵션 사이의 주요 차이점을 명확히 규정해."
"Intermediate","denounce","Several industry leaders publicly denounced the unethical marketing practices exposed in the report.","여러 업계 리더들이 보고서에서 폭로된 비윤리적인 마케팅 관행을 공개적으로 비난했어."
"Intermediate","denounce","It takes courage to denounce wrongdoing, especially when it involves powerful stakeholders.","특히 강력한 이해관계자가 관련될 때 잘못된 행동을 비난하는 것은 용기가 필요해."
"Intermediate","denounce","The whistleblower denounced the company's data-privacy violations to the regulatory body.","내부 고발자는 회사의 데이터 개인 정보 침해를 규제 기관에 신고했어."
"Intermediate","deplete","Overworking your team will quickly deplete morale and drive away your best performers.","팀을 과도하게 일시키면 사기가 빠르게 고갈되고 최고 성과자들이 떠날 거야."
"Intermediate","deplete","Long-term cost-cutting can deplete the innovation capacity needed for future growth.","장기적인 비용 절감은 미래 성장에 필요한 혁신 역량을 고갈시킬 수 있어."
"Intermediate","deplete","Running without adequate rest depletes cognitive resources and leads to poor decision-making.","충분한 휴식 없이 달리면 인지 자원이 고갈되고 잘못된 의사 결정으로 이어져."
"Intermediate","derogatory","Any derogatory language in the workplace will not be tolerated and may lead to disciplinary action.","직장 내 어떠한 경멸적인 언어도 용납되지 않으며 징계 조치로 이어질 수 있어."
"Intermediate","derogatory","She firmly addressed the derogatory comment made in the meeting, setting a clear cultural standard.","그녀는 회의에서 나온 경멸적인 발언을 단호하게 다루며 명확한 문화적 기준을 세웠어."
"Intermediate","derogatory","Avoid derogatory generalisations about any group — they erode trust and damage team cohesion.","어떤 집단에 대한 경멸적인 일반화는 피해, 그것은 신뢰를 침식하고 팀 결속력을 손상시켜."
"Intermediate","devoid","A strategy devoid of a clear value proposition is unlikely to win in a competitive market.","명확한 가치 제안이 없는 전략은 경쟁적인 시장에서 이기기 어려울 거야."
"Intermediate","devoid","His feedback was devoid of any actionable suggestions, leaving the team unsure how to improve.","그의 피드백은 실행 가능한 제안이 전혀 없어서 팀이 어떻게 개선해야 할지 모르게 했어."
"Intermediate","devoid","An office devoid of psychological safety will never generate the bold ideas the business needs.","심리적 안전이 없는 사무실은 사업에 필요한 대담한 아이디어를 결코 만들어내지 못할 거야."
"Intermediate","dexterity","Navigating organisational politics requires both intellectual dexterity and emotional intelligence.","조직 정치를 헤쳐나가려면 지적 능숙함과 감성 지능 모두가 필요해."
"Intermediate","dexterity","She demonstrated remarkable dexterity in managing multiple high-stakes projects simultaneously.","그녀는 여러 고위험 프로젝트를 동시에 관리하는 데 놀라운 능숙함을 보여줬어."
"Intermediate","dexterity","Digital dexterity — the ability to adapt quickly to new tools — is now a core workplace skill.","디지털 능숙함, 즉 새로운 도구에 빠르게 적응하는 능력이 이제 핵심 직장 능력이야."
"Intermediate","dichotomy","The false dichotomy between profit and purpose is increasingly being challenged by modern leaders.","이익과 목적 사이의 잘못된 이분법은 현대 리더들에 의해 점점 더 도전받고 있어."
"Intermediate","dichotomy","There is often a false dichotomy between stability and innovation — you can pursue both.","안정성과 혁신 사이에 잘못된 이분법이 있는 경우가 많아, 둘 다 추구할 수 있어."
"Intermediate","dichotomy","The speaker exposed the dichotomy between what the company claimed publicly and what it practised internally.","연설자는 회사가 공개적으로 주장한 것과 내부적으로 실천한 것 사이의 이분법을 폭로했어."
"Intermediate","diffuse","A skilled mediator can diffuse tension before it escalates into a full conflict.","능숙한 중재자는 긴장이 전면적인 갈등으로 확대되기 전에 해소할 수 있어."
"Intermediate","diffuse","The manager used humour to diffuse the awkwardness during the difficult conversation.","관리자는 어려운 대화 중 어색함을 해소하기 위해 유머를 활용했어."
"Intermediate","diffuse","Social media can rapidly diffuse both accurate information and harmful misinformation.","소셜 미디어는 정확한 정보와 해로운 허위 정보 모두를 빠르게 퍼뜨릴 수 있어."
"Intermediate","diligent","A diligent approach to documentation prevents costly misunderstandings during handovers.","문서화에 대한 부지런한 접근법은 인수인계 중 비용이 많이 드는 오해를 예방해."
"Intermediate","diligent","She was diligent in following up on every action item from the meeting.","그녀는 회의의 모든 실행 항목을 부지런히 후속 조치했어."
"Intermediate","diligent","Diligent preparation is the foundation of confident, high-quality presentations.","부지런한 준비가 자신감 있고 고품질의 발표의 토대야."
"Intermediate","discerning","A discerning leader can tell the difference between a real problem and a symptom of a deeper issue.","안목 있는 리더는 실제 문제와 더 깊은 문제의 증상 사이의 차이를 구분할 수 있어."
"Intermediate","discerning","Today's consumers are increasingly discerning about the brands they choose to support.","오늘날의 소비자들은 지지하기로 선택한 브랜드에 대해 점점 더 안목이 높아지고 있어."
"Intermediate","discerning","She brought a discerning eye to the data, quickly identifying the one anomaly that mattered.","그녀는 데이터에 안목 있는 눈을 가져와 중요한 하나의 이상값을 빠르게 파악했어."
"Intermediate","discourse","Open and respectful discourse is essential to healthy organisational decision-making.","개방적이고 존중하는 담론은 건강한 조직적 의사 결정에 필수적이야."
"Intermediate","discourse","The conference sparked a rich discourse on the ethical implications of AI in the workplace.","컨퍼런스는 직장에서 AI의 윤리적 함의에 관한 풍부한 담론을 촉발했어."
"Intermediate","discourse","Shifting the public discourse from blame to solutions is one of the hardest leadership challenges.","공개적 담론을 비난에서 해결책으로 전환하는 것은 가장 어려운 리더십 과제 중 하나야."
"Intermediate","dispassionate","A dispassionate analysis of the data often reveals truths that emotion-driven thinking obscures.","데이터에 대한 냉정한 분석은 감정 주도적 사고가 가리는 진실을 드러내는 경우가 많아."
"Intermediate","dispassionate","In difficult negotiations, a dispassionate tone helps keep discussions productive and focused.","어려운 협상에서 냉정한 어조는 토론을 생산적이고 집중된 상태로 유지하는 데 도움이 돼."
"Intermediate","dispassionate","She offered a dispassionate review of the project, which was far more useful than cheerleading.","그녀는 프로젝트에 대한 냉정한 검토를 제공했는데, 그것이 응원보다 훨씬 더 유용했어."
"Intermediate","disseminate","Use multiple channels to disseminate key information and ensure it reaches everyone.","핵심 정보를 보급하고 모든 사람에게 전달되도록 여러 채널을 활용해."
"Intermediate","disseminate","The research team published a plain-language summary to disseminate findings to a wider audience.","연구팀은 연구 결과를 더 넓은 청중에게 보급하기 위해 평이한 언어로 된 요약을 발표했어."
"Intermediate","disseminate","Leaders must be intentional about how they disseminate strategic updates across the organisation.","리더들은 조직 전체에 전략적 업데이트를 보급하는 방법에 대해 의도적이어야 해."
"Intermediate","distill","The best strategists can distill complex situations into a handful of critical priorities.","최고의 전략가들은 복잡한 상황을 몇 가지 중요한 우선순위로 압축할 수 있어."
"Intermediate","distill","Her talent was to distill hours of discussion into a crisp, actionable summary.","그녀의 재능은 몇 시간의 토론을 간결하고 실행 가능한 요약으로 압축하는 거였어."
"Intermediate","distill","Good writing distills ideas to their essence, removing anything that doesn't earn its place.","좋은 글쓰기는 아이디어를 그 본질로 압축해서 자리를 차지할 만한 가치가 없는 것은 무엇이든 제거해."
"Intermediate","divergent","Divergent thinking is the starting point for innovation — encourage it before evaluating ideas.","발산적 사고가 혁신의 출발점이야, 아이디어를 평가하기 전에 그것을 장려해."
"Intermediate","divergent","The two teams had divergent views on the root cause, so a joint review session was arranged.","두 팀은 근본 원인에 대한 발산적인 견해를 가지고 있어서 공동 검토 세션이 마련됐어."
"Intermediate","divergent","Divergent feedback from customers signals that the product may need to be segmented more carefully.","고객으로부터의 발산적인 피드백은 제품이 더 신중하게 세분화될 필요가 있다는 신호야."
"Intermediate","dogmatic","A dogmatic adherence to one methodology can blind a team to better approaches.","한 방법론에 대한 독단적인 고수는 팀이 더 나은 접근법을 보지 못하게 할 수 있어."
"Intermediate","dogmatic","Effective leaders hold strong views but avoid being dogmatic — they update their thinking with evidence.","효과적인 리더들은 강한 견해를 가지고 있지만 독단적이지 않아, 증거로 사고를 업데이트하거든."
"Intermediate","dogmatic","The organisation's dogmatic culture made it slow to adapt when the market shifted dramatically.","조직의 독단적인 문화는 시장이 급격히 변화했을 때 적응을 느리게 만들었어."
"Intermediate","dubious","She was dubious about the projected returns and asked for a more detailed breakdown.","그녀는 예상 수익에 의구심을 품고 더 상세한 내역을 요청했어."
"Intermediate","dubious","The claim sounded dubious, so the team decided to verify it independently before proceeding.","그 주장은 의심스럽게 들렸어, 그래서 팀은 진행하기 전에 독립적으로 확인하기로 했어."
"Intermediate","dubious","Any strategy built on dubious assumptions is likely to collapse when tested in the real world.","의심스러운 가정 위에 구축된 전략은 실제 세계에서 테스트될 때 무너질 가능성이 높아."
"Intermediate","earnest","His earnest commitment to the team's mission inspired those around him to give their best.","팀의 사명에 대한 그의 진지한 헌신은 주변 사람들이 최선을 다하도록 영감을 줬어."
"Intermediate","earnest","An earnest apology, followed by concrete changed behaviour, is the fastest way to rebuild trust.","구체적인 행동 변화가 뒤따르는 진심 어린 사과가 신뢰를 재구축하는 가장 빠른 방법이야."
"Intermediate","earnest","She made an earnest effort to understand the client's concerns before proposing any solution.","그녀는 어떤 해결책을 제안하기 전에 고객의 우려를 이해하기 위해 진심 어린 노력을 기울였어."
"Intermediate","egalitarian","An egalitarian culture values contribution over seniority and empowers people at every level.","평등주의적 문화는 연공서열보다 기여를 중시하고 모든 수준의 사람들에게 권한을 부여해."
"Intermediate","egalitarian","The flat structure was designed to create a more egalitarian environment where ideas could flow freely.","수평적 구조는 아이디어가 자유롭게 흐를 수 있는 더 평등주의적인 환경을 만들기 위해 설계됐어."
"Intermediate","egalitarian","An egalitarian approach to meetings means every voice is actively sought, not just the loudest ones.","회의에 대한 평등주의적 접근법은 가장 큰 목소리뿐 아니라 모든 목소리를 적극적으로 찾는 것을 의미해."
"Intermediate","elusive","Work-life balance can feel elusive when you are in a demanding leadership role.","요구가 많은 리더십 역할에 있을 때 일과 삶의 균형은 달성하기 어렵게 느껴질 수 있어."
"Intermediate","elusive","True alignment across large organisations is elusive but worth pursuing relentlessly.","대규모 조직 전체의 진정한 정렬은 달성하기 어렵지만 끊임없이 추구할 가치가 있어."
"Intermediate","elusive","The root cause of the recurring issue remained elusive until the team analysed three months of data together.","반복되는 문제의 근본 원인은 팀이 3개월치 데이터를 함께 분석할 때까지 파악하기 어려웠어."
"Intermediate","eminent","The company brought in an eminent industry expert to advise on the strategic roadmap.","회사는 전략적 로드맵에 대한 조언을 위해 저명한 업계 전문가를 영입했어."
"Intermediate","eminent","She is an eminent figure in the field of organisational psychology, with over 30 years of research.","그녀는 30년 이상의 연구를 가진 조직 심리학 분야의 저명한 인물이야."
"Intermediate","eminent","Learning from eminent practitioners shortens the time it takes to develop mastery in any domain.","저명한 실무자들로부터 배우는 것은 어떤 분야에서든 숙달에 도달하는 데 걸리는 시간을 단축해."
"Intermediate","empathy","Empathy is the foundation of effective leadership — understand your people before you try to lead them.","공감은 효과적인 리더십의 토대야, 사람들을 이끌려고 하기 전에 그들을 이해해."
"Intermediate","empathy","Showing genuine empathy during difficult conversations builds trust and psychological safety.","어려운 대화 중 진정한 공감을 보여주는 것이 신뢰와 심리적 안전을 구축해."
"Intermediate","empathy","Customer empathy — truly understanding pain points — is what separates great products from mediocre ones.","고객 공감, 즉 고통 포인트를 진정으로 이해하는 것이 훌륭한 제품과 평범한 제품을 구분해."
"Intermediate","encompass","The new strategy encompasses everything from talent development to market expansion.","새로운 전략은 인재 개발부터 시장 확장까지 모든 것을 포괄해."
"Intermediate","encompass","A holistic view of performance must encompass wellbeing, not just output metrics.","성과에 대한 전체적인 관점은 산출 지표뿐만 아니라 웰빙을 포괄해야 해."
"Intermediate","encompass","The audit encompassed all departments, leaving no process unexamined.","감사는 모든 부서를 포괄했으며 검토되지 않은 프로세스가 없었어."
"Intermediate","endure","Companies that endure over decades are those that consistently adapt without losing their core identity.","수십 년에 걸쳐 지속되는 기업들은 핵심 정체성을 잃지 않으면서 일관되게 적응하는 기업들이야."
"Intermediate","endure","The ability to endure short-term discomfort for long-term gain is a hallmark of strategic thinking.","장기적인 이익을 위해 단기적인 불편을 견뎌내는 능력이 전략적 사고의 특징이야."
"Intermediate","endure","Great brands endure because they stand for something beyond the products they sell.","훌륭한 브랜드들이 지속되는 이유는 그들이 판매하는 제품을 넘어 무언가를 대표하기 때문이야."
"Intermediate","engender","Transparent communication engenders trust and reduces anxiety during periods of change.","투명한 소통은 신뢰를 낳고 변화의 시기에 불안을 줄여."
"Intermediate","engender","Inconsistent enforcement of policies engenders a sense of unfairness that undermines morale.","정책의 일관성 없는 집행은 사기를 약화시키는 불공정함의 감각을 낳아."
"Intermediate","engender","A culture of recognition engenders loyalty and reduces the desire to seek opportunities elsewhere.","인정의 문화는 충성심을 낳고 다른 곳에서 기회를 찾으려는 욕구를 줄여."
"Intermediate","entail","Leadership entails not just directing work but developing the people who do it.","리더십은 업무를 지시하는 것뿐만 아니라 그 업무를 하는 사람들을 발전시키는 것도 수반해."
"Intermediate","entail","Any significant change entails a transition period — plan for it, don't be surprised by it.","어떤 중요한 변화도 전환 기간을 수반해, 그것을 계획해, 놀라지 말고."
"Intermediate","entail","Make sure everyone understands what the new role entails before the hiring process begins.","채용 과정이 시작되기 전에 모든 사람이 새 역할이 무엇을 수반하는지 이해하도록 해."
"Intermediate","equivocal","The results were equivocal — positive signals were offset by several concerning data points.","결과는 모호했어, 긍정적인 신호들이 여러 우려스러운 데이터 포인트로 상쇄됐거든."
"Intermediate","equivocal","Avoid equivocal language in strategic communications — clarity of intent is a leadership responsibility.","전략적 소통에서 모호한 언어는 피해, 의도의 명확성은 리더십의 책임이야."
"Intermediate","equivocal","Her equivocal response to the question left the board uncertain about the company's actual direction.","그 질문에 대한 그녀의 모호한 대답은 이사회가 회사의 실제 방향에 대해 불확실하게 만들었어."
"Intermediate","erode","Broken promises, even small ones, gradually erode the trust you have built over years.","작은 것이라도 지켜지지 않은 약속들이 수년에 걸쳐 쌓아온 신뢰를 서서히 침식해."
"Intermediate","erode","Regulatory uncertainty can erode investor confidence and slow long-term capital deployment.","규제 불확실성은 투자자 신뢰를 침식하고 장기 자본 배치를 늦출 수 있어."
"Intermediate","erode","Without continuous investment in culture, shared values erode as the organisation scales.","문화에 대한 지속적인 투자 없이는 조직이 성장함에 따라 공유 가치들이 침식돼."
"Intermediate","esteem","She is held in high esteem by peers and clients alike for her integrity and expertise.","그녀는 성실성과 전문성으로 동료와 고객 모두에게 높이 존경받고 있어."
"Intermediate","esteem","Recognising contributions publicly raises esteem and signals what behaviours are valued.","기여를 공개적으로 인정하면 존경심이 높아지고 어떤 행동이 가치 있는지를 알려줘."
"Intermediate","esteem","Self-esteem and professional confidence are closely linked — invest in both for sustained performance.","자존감과 직업적 자신감은 밀접하게 연결되어 있어, 지속적인 성과를 위해 둘 다에 투자해."
"Intermediate","ethics","Strong business ethics are not just morally right — they also protect the organisation's long-term reputation.","강한 사업 윤리는 도덕적으로 옳을 뿐만 아니라 조직의 장기적인 명성도 보호해."
"Intermediate","ethics","When ethics and profitability conflict, the most enduring organisations choose ethics every time.","윤리와 수익성이 충돌할 때 가장 오래가는 조직들은 매번 윤리를 선택해."
"Intermediate","ethics","Embed ethics into everyday decisions, not just codes of conduct that gather dust on shelves.","윤리를 선반에 먼지 쌓이는 행동 강령이 아닌 일상적인 결정에 내재화시켜."
"Intermediate","evoke","Great brand storytelling evokes emotion and creates a lasting connection with the audience.","훌륭한 브랜드 스토리텔링은 감정을 불러일으키고 청중과 지속적인 연결을 만들어."
"Intermediate","evoke","The presentation was designed to evoke curiosity and challenge the audience's assumptions.","그 발표는 호기심을 불러일으키고 청중의 가정에 도전하도록 설계됐어."
"Intermediate","evoke","Numbers alone rarely evoke action — pair data with a compelling human story to drive change.","숫자만으로는 행동을 거의 불러일으키지 못해, 데이터를 설득력 있는 인간 이야기와 짝지어 변화를 이끌어봐."
"Intermediate","exert","Influential leaders exert authority through trust and credibility, not positional power.","영향력 있는 리더들은 직위 권력이 아닌 신뢰와 신뢰성을 통해 권위를 발휘해."
"Intermediate","exert","External market pressures are exerting significant force on our pricing strategy.","외부 시장 압력이 우리의 가격 전략에 상당한 영향을 발휘하고 있어."
"Intermediate","exert","She exerted considerable effort to build bridges between the two rival factions in the organisation.","그녀는 조직 내 두 경쟁 파벌 사이에 교량을 구축하기 위해 상당한 노력을 발휘했어."
"Intermediate","expedite","To expedite the approval process, submit all required documents in a single package.","승인 과정을 신속히 처리하려면 필요한 모든 서류를 하나의 패키지로 제출해."
"Intermediate","expedite","Automating routine tasks can significantly expedite workflows and free capacity for higher-value work.","루틴 작업을 자동화하면 워크플로우를 크게 신속히 처리하고 고부가가치 작업을 위한 역량을 확보할 수 있어."
"Intermediate","expedite","The crisis team was assembled to expedite the response and prevent further reputational damage.","위기 팀이 대응을 신속히 처리하고 추가적인 명성 손상을 예방하기 위해 구성됐어."
"Intermediate","extol","Leaders who extol the virtues of collaboration must also model it in their own behaviour.","협력의 덕목을 극찬하는 리더들은 자신의 행동에서도 그것을 모범으로 보여야 해."
"Intermediate","extol","The keynote speaker extolled the power of failure as the most underrated learning tool in business.","기조 연설자는 실패의 힘을 사업에서 가장 저평가된 학습 도구로 극찬했어."
"Intermediate","extol","Rather than simply extolling past achievements, the report focused on what still needs to be done.","과거 성과를 단순히 극찬하는 것보다 보고서는 아직 해야 할 것에 초점을 맞췄어."
"Intermediate","fabrication","Spreading a fabrication about a competitor is not just unethical — it is legally dangerous.","경쟁자에 대한 허위 사실을 퍼뜨리는 것은 비윤리적일 뿐만 아니라 법적으로도 위험해."
"Intermediate","fabrication","The investigation revealed that the financial reports contained deliberate fabrications.","조사는 재무 보고서에 의도적인 허위 사실이 포함되어 있음을 밝혀냈어."
"Intermediate","fabrication","In a data-driven culture, fabrication of results is the fastest way to destroy your credibility permanently.","데이터 중심 문화에서 결과의 조작은 신뢰성을 영구적으로 파괴하는 가장 빠른 방법이야."
"Intermediate","fallacy","The sunk-cost fallacy leads teams to continue investing in failing projects out of emotional attachment.","매몰 비용의 오류는 팀들이 감정적인 집착 때문에 실패하는 프로젝트에 계속 투자하게 해."
"Intermediate","fallacy","Recognising logical fallacies in arguments helps you build more rigorous and persuasive cases.","논거에서 논리적 오류를 인식하는 것이 더 엄격하고 설득력 있는 주장을 구축하는 데 도움이 돼."
"Intermediate","fallacy","The idea that busyness equals productivity is a pervasive fallacy in many corporate cultures.","바쁨이 생산성과 같다는 생각은 많은 기업 문화에 만연한 오류야."
"Intermediate","fatigue","Change fatigue sets in when organisations launch too many initiatives without allowing time to consolidate.","조직이 통합할 시간을 허용하지 않고 너무 많은 이니셔티브를 시작할 때 변화 피로가 생겨."
"Intermediate","fatigue","Meeting fatigue is a real productivity drain — audit your calendar and eliminate what isn't essential.","회의 피로는 실제 생산성 손실이야, 일정을 감사하고 필수적이지 않은 것은 없애봐."
"Intermediate","fatigue","Decision fatigue accumulates across a day, so tackle your highest-stakes choices in the morning.","결정 피로는 하루에 걸쳐 축적되기 때문에 가장 중요한 선택들은 아침에 해결해."
"Intermediate","fidelity","High fidelity between strategy and execution is what separates successful transformations from failed ones.","전략과 실행 사이의 높은 충실도가 성공적인 변혁과 실패한 변혁을 구분해."
"Intermediate","fidelity","When presenting research, maintain fidelity to the data — don't let the narrative override the facts.","연구를 발표할 때 데이터에 충실해, 서사가 사실을 압도하지 않도록 해."
"Intermediate","fidelity","Brand fidelity — customers' loyalty to a brand through thick and thin — is built through consistent delivery.","브랜드 충실도, 즉 어떤 상황에서도 브랜드에 대한 고객의 충성심은 일관된 제공을 통해 구축돼."
"Intermediate","finite","Attention is a finite resource — be deliberate about where you direct it each day.","주의는 유한한 자원이야, 매일 어디에 집중할지에 대해 의도적이어봐."
"Intermediate","finite","Time and talent are finite, so prioritisation is not optional — it is a strategic necessity.","시간과 인재는 유한하기 때문에 우선순위 결정은 선택이 아닌 전략적 필수야."
"Intermediate","finite","A finite runway forces a startup to make sharper decisions about what truly matters most.","유한한 런웨이는 스타트업이 진정으로 가장 중요한 것에 대해 더 날카로운 결정을 내리게 해."
"Intermediate","flawed","Even a flawed plan executed decisively often outperforms a perfect plan executed timidly.","결함이 있는 계획이라도 단호하게 실행되면 완벽한 계획이 소극적으로 실행되는 것보다 성과가 높은 경우가 많아."
"Intermediate","flawed","Acknowledge when your initial thinking was flawed — it builds credibility rather than undermining it.","초기 사고가 결함이 있었을 때 인정해봐, 그것이 신뢰성을 약화시키는 것이 아니라 구축해."
"Intermediate","flawed","A flawed incentive structure will produce flawed behaviours, no matter how talented the team is.","결함 있는 인센티브 구조는 팀이 아무리 재능이 있어도 결함 있는 행동을 만들어낼 거야."
"Intermediate","forestall","Proactive communication can forestall the rumours and anxiety that accompany organisational change.","선제적인 소통은 조직 변화를 동반하는 소문과 불안을 미리 방지할 수 있어."
"Intermediate","forestall","The legal team reviewed the contract to forestall any potential disputes down the line.","법무팀은 나중에 잠재적인 분쟁을 미리 방지하기 위해 계약서를 검토했어."
"Intermediate","forestall","Early stakeholder engagement is the best way to forestall last-minute resistance to a project.","초기 이해관계자 참여가 프로젝트에 대한 막판 저항을 미리 방지하는 가장 좋은 방법이야."
"Intermediate","forthright","A forthright leader shares difficult truths early rather than letting problems fester unaddressed.","솔직한 리더는 문제가 해결되지 않고 곪아가도록 두지 않고 일찍 어려운 진실을 공유해."
"Intermediate","forthright","Being forthright about risks doesn't undermine confidence — it demonstrates thorough preparation.","위험에 대해 솔직한 것은 자신감을 약화시키지 않아, 오히려 철저한 준비를 보여줘."
"Intermediate","forthright","She was forthright in her assessment: the project was behind schedule and needed immediate action.","그녀는 평가에서 솔직했어, 프로젝트가 일정보다 뒤처져 있고 즉각적인 조치가 필요하다고."
"Intermediate","frugal","Being frugal with resources during growth phases protects the business when downturns arrive.","성장 단계에서 자원에 대해 검소한 것이 경기 침체가 왔을 때 사업을 보호해."
"Intermediate","frugal","Frugal innovation — solving big problems with limited resources — often produces the most elegant solutions.","검소한 혁신, 즉 제한된 자원으로 큰 문제를 해결하는 것이 종종 가장 우아한 해결책을 만들어."
"Intermediate","frugal","A frugal mindset in leadership sets a tone of discipline that ripples through the entire organisation.","리더십의 검소한 마음가짐은 전체 조직에 파급되는 규율의 분위기를 만들어."
"Intermediate","futile","Attempting to control every outcome is futile — focus instead on building resilient systems.","모든 결과를 통제하려는 시도는 소용없어, 대신 회복력 있는 시스템 구축에 집중해."
"Intermediate","futile","Resistance to well-evidenced change is futile in the long run — adaptation is the only sustainable path.","근거가 충분한 변화에 대한 저항은 장기적으로 소용없어, 적응이 유일하게 지속 가능한 경로야."
"Intermediate","futile","It felt futile to keep raising the same concern at every meeting without any visible response.","어떤 눈에 보이는 반응도 없이 모든 회의에서 같은 우려를 계속 제기하는 것은 소용없다고 느껴졌어."
"Intermediate","galvanize","A compelling vision can galvanize a team and sustain their energy through the hardest stretches.","설득력 있는 비전은 팀을 고무시키고 가장 힘든 시기를 통해 에너지를 유지시킬 수 있어."
"Intermediate","galvanize","The crisis galvanized the organisation into action and produced the fastest product launch in its history.","그 위기는 조직을 행동으로 고무시켜 역사상 가장 빠른 제품 출시를 만들어냈어."
"Intermediate","galvanize","Great leaders galvanize people not through fear but by connecting individual effort to shared purpose.","위대한 리더들은 두려움이 아닌 개인의 노력을 공유 목적과 연결함으로써 사람들을 고무시켜."
"Intermediate","governance","Strong governance structures ensure that decisions are made transparently and accountably.","강력한 거버넌스 구조는 결정이 투명하고 책임감 있게 이루어지도록 해."
"Intermediate","governance","Effective data governance is now as critical as financial governance for modern organisations.","효과적인 데이터 거버넌스는 이제 현대 조직에게 재무 거버넌스만큼 중요해."
"Intermediate","governance","Poor governance was identified as the root cause of the company's repeated compliance failures.","부실한 거버넌스가 회사의 반복적인 컴플라이언스 실패의 근본 원인으로 파악됐어."
"Intermediate","groundbreaking","The research team published groundbreaking findings that reshaped the industry's understanding of the problem.","연구팀은 업계의 문제 이해를 재형성한 획기적인 연구 결과를 발표했어."
"Intermediate","groundbreaking","What feels groundbreaking today often becomes standard practice within a decade.","오늘 획기적으로 느껴지는 것이 10년 내에 표준 관행이 되는 경우가 많아."
"Intermediate","groundbreaking","The company's groundbreaking approach to remote work attracted talent from around the world.","원격 근무에 대한 회사의 획기적인 접근법이 전 세계의 인재를 끌어들였어."
"Intermediate","hallmark","Intellectual curiosity is the hallmark of leaders who continue to grow throughout their careers.","지적 호기심이 경력 전반에 걸쳐 계속 성장하는 리더들의 특징이야."
"Intermediate","hallmark","Consistency is a hallmark of trust — people must be able to predict how you will behave under pressure.","일관성이 신뢰의 특징이야, 사람들은 압박 아래에서 당신이 어떻게 행동할지 예측할 수 있어야 해."
"Intermediate","hallmark","Attention to detail has always been a hallmark of their product design philosophy.","세부 사항에 대한 주의는 항상 그들의 제품 디자인 철학의 특징이었어."
"Intermediate","harbinger","Declining employee engagement scores can be a harbinger of increased turnover if left unaddressed.","감소하는 직원 참여 점수는 해결되지 않으면 증가하는 이직의 전조가 될 수 있어."
"Intermediate","harbinger","Early adopters of a technology are often a harbinger of where mainstream demand is heading.","기술의 얼리 어답터들은 종종 주류 수요가 향하는 곳의 전조야."
"Intermediate","harbinger","A drop in customer satisfaction ratings is a harbinger of revenue problems six to nine months away.","고객 만족도 점수의 하락은 6~9개월 후 매출 문제의 전조야."
"Intermediate","harmonize","The merger team worked to harmonize the two companies' very different operational processes.","합병 팀은 두 회사의 매우 다른 운영 프로세스를 조화시키기 위해 노력했어."
"Intermediate","harmonize","Good leadership harmonizes individual ambitions with collective organisational goals.","좋은 리더십은 개인의 야망을 조직의 집단적 목표와 조화시켜."
"Intermediate","harmonize","The new policy was designed to harmonize working practices across all 12 regional offices.","새 정책은 12개의 모든 지역 사무소에서 업무 관행을 조화시키기 위해 설계됐어."
"Intermediate","hegemony","The company's market hegemony made it slow to respond when nimble competitors emerged.","회사의 시장 패권은 민첩한 경쟁자들이 나타났을 때 대응을 느리게 했어."
"Intermediate","hegemony","Sustainable competitive advantage is preferable to short-term hegemony built on unsustainable practices.","지속 가능한 경쟁 우위가 지속 불가능한 관행으로 구축된 단기 패권보다 바람직해."
"Intermediate","hegemony","Technology shifts have repeatedly disrupted the hegemony of once-dominant industry players.","기술 전환은 한때 지배적인 업계 플레이어들의 패권을 반복적으로 파괴해왔어."
"Intermediate","heterogeneous","A heterogeneous team brings diverse perspectives that lead to more robust and creative solutions.","이질적인 팀은 더 강건하고 창의적인 해결책으로 이어지는 다양한 관점을 가져와."
"Intermediate","heterogeneous","Managing a heterogeneous workforce requires flexibility and a deep respect for individual differences.","이질적인 인력을 관리하려면 유연성과 개인 차이에 대한 깊은 존중이 필요해."
"Intermediate","heterogeneous","The customer base is highly heterogeneous — a one-size-fits-all approach is unlikely to succeed.","고객 기반이 매우 이질적이어서 단일 접근법은 성공하기 어려울 거야."
"Intermediate","hubris","Corporate hubris — the belief that past success guarantees future dominance — has felled many giants.","기업 오만, 즉 과거의 성공이 미래의 지배를 보장한다는 믿음이 많은 거물들을 쓰러뜨렸어."
"Intermediate","hubris","Guard against hubris by actively seeking out dissenting views and stress-testing your assumptions.","반대 견해를 적극적으로 찾고 가정을 스트레스 테스트함으로써 오만을 경계해."
"Intermediate","hubris","His hubris blinded him to the warning signs that the strategy was failing until it was too late.","그의 오만함이 전략이 실패하고 있다는 경고 신호를 너무 늦을 때까지 보지 못하게 했어."
"Intermediate","idiosyncratic","Her idiosyncratic leadership style was unconventional but consistently produced exceptional results.","그녀의 특이한 리더십 스타일은 전통적이지 않았지만 일관되게 탁월한 결과를 만들어냈어."
"Intermediate","idiosyncratic","Each market has idiosyncratic characteristics that require a locally adapted strategy.","각 시장은 현지에 맞게 조정된 전략이 필요한 특이한 특성들이 있어."
"Intermediate","idiosyncratic","Idiosyncratic risk can be mitigated through diversification, while systemic risk cannot.","특이한 위험은 분산투자를 통해 완화될 수 있지만 체계적 위험은 그렇지 않아."
"Intermediate","immutable","Some core values should be immutable — they define who you are, regardless of external pressures.","일부 핵심 가치들은 불변이어야 해, 그것들은 외부 압력에 관계없이 당신이 누구인지를 정의해."
"Intermediate","immutable","In a fast-changing environment, distinguish between what is immutable and what must evolve.","빠르게 변하는 환경에서 불변인 것과 진화해야 하는 것을 구별해."
"Intermediate","immutable","The team learned that no competitive advantage is truly immutable — continuous reinvention is required.","팀은 어떤 경쟁 우위도 진정으로 불변이 아니라는 것을 배웠어, 지속적인 재창조가 필요해."
"Intermediate","impede","Excessive bureaucracy can impede the speed of decision-making in ways that damage competitiveness.","과도한 관료주의는 경쟁력을 손상시키는 방식으로 의사 결정 속도를 방해할 수 있어."
"Intermediate","impede","Unclear role boundaries impede collaboration and create unnecessary friction between teams.","불명확한 역할 경계는 협력을 방해하고 팀 간에 불필요한 마찰을 만들어."
"Intermediate","impede","Do not let fear of failure impede the experimentation that leads to breakthrough innovation.","실패에 대한 두려움이 혁신적인 혁신으로 이어지는 실험을 방해하지 않도록 해."
"Intermediate","impetus","The competitive threat provided the impetus for an overdue digital transformation programme.","경쟁 위협이 오래 지연된 디지털 전환 프로그램을 위한 자극이 됐어."
"Intermediate","impetus","Customer feedback was the impetus that finally convinced leadership to redesign the onboarding flow.","고객 피드백이 리더십이 온보딩 플로우를 재설계하도록 마침내 설득한 자극이었어."
"Intermediate","impetus","Use the energy of a new role as the impetus to establish habits that will sustain your long-term success.","새로운 역할의 에너지를 장기적인 성공을 유지할 습관을 확립하기 위한 자극으로 활용해."
"Intermediate","inadvertent","An inadvertent miscommunication at the leadership level created weeks of confusion across the organisation.","리더십 수준에서의 부주의한 오해가 조직 전체에 몇 주간의 혼란을 만들었어."
"Intermediate","inadvertent","Be mindful that inadvertent bias in recruitment can shape a team's culture for years.","채용에서의 부주의한 편견이 팀의 문화를 수년간 형성할 수 있다는 점을 유의해."
"Intermediate","inadvertent","The policy change had inadvertent consequences for frontline staff that leadership had not anticipated.","정책 변화는 리더십이 예상하지 못한 일선 직원들에 대한 부주의한 결과를 낳았어."
"Intermediate","indifference","Leadership indifference to employee wellbeing is one of the fastest ways to erode organisational trust.","직원 웰빙에 대한 리더십의 무관심은 조직적 신뢰를 침식하는 가장 빠른 방법 중 하나야."
"Intermediate","indifference","Customer indifference is more damaging than customer complaints — at least complaints show engagement.","고객 무관심은 고객 불만보다 더 해로워, 적어도 불만은 참여를 보여주거든."
"Intermediate","indifference","Her indifference to the team's concerns signalled a lack of empathy that cost her their loyalty.","팀의 우려에 대한 그녀의 무관심은 공감 부족을 나타냈고 그것이 그들의 충성심을 잃게 했어."
"Intermediate","inertia","Organisational inertia — the tendency to keep doing things as they have always been done — kills innovation.","조직 관성, 즉 항상 해왔던 대로 계속하려는 경향이 혁신을 죽여."
"Intermediate","inertia","Overcoming inertia requires a compelling reason to change and visible support from the top.","관성을 극복하려면 변화해야 할 설득력 있는 이유와 최고 위층으로부터의 가시적인 지지가 필요해."
"Intermediate","inertia","The startup's agility was its biggest advantage over incumbents paralysed by inertia.","스타트업의 민첩성이 관성에 마비된 기존 업체들에 대한 가장 큰 이점이었어."
"Intermediate","inflict","Poor leadership can inflict lasting damage on team morale that takes years to repair.","나쁜 리더십은 수년이 걸려 회복하는 팀 사기에 지속적인 피해를 줄 수 있어."
"Intermediate","inflict","Avoid inflicting unnecessary change on teams that are already delivering strong results.","이미 강한 결과를 내고 있는 팀에 불필요한 변화를 부과하는 것은 피해."
"Intermediate","inflict","Rushed decisions inflict costs that compound over time and are hard to reverse.","서두른 결정은 시간이 지남에 따라 복리로 늘어나고 되돌리기 어려운 비용을 부과해."
"Intermediate","inhibit","Fear of judgment can inhibit people from sharing their most creative and unconventional ideas.","판단에 대한 두려움이 사람들이 가장 창의적이고 색다른 아이디어를 공유하는 것을 억제할 수 있어."
"Intermediate","inhibit","Siloed structures inhibit the cross-functional collaboration that complex problems require.","사일로 구조는 복잡한 문제가 필요로 하는 부서 간 협력을 억제해."
"Intermediate","inhibit","An overly rigid approval process inhibits speed and discourages initiative at all levels.","지나치게 엄격한 승인 프로세스는 속도를 억제하고 모든 수준에서 이니셔티브를 저해해."
"Intermediate","innate","While some people have an innate talent for communication, it is a skill everyone can develop.","일부 사람들은 소통에 대한 타고난 재능이 있지만 그것은 모든 사람이 개발할 수 있는 기술이야."
"Intermediate","innate","Great coaches believe that the desire to grow and improve is innate in most people.","훌륭한 코치들은 성장하고 개선하려는 욕구가 대부분의 사람들에게 타고난 것이라고 믿어."
"Intermediate","innate","Her innate curiosity about people made her an outstanding interviewer and talent identifier.","사람들에 대한 그녀의 타고난 호기심이 그녀를 뛰어난 인터뷰어이자 인재 발굴자로 만들었어."
"Intermediate","instigate","She chose to instigate a difficult conversation about team dynamics rather than let tensions build.","그녀는 긴장이 쌓이도록 두지 않고 팀 역학에 관한 어려운 대화를 시작하기로 했어."
"Intermediate","instigate","Leaders must be willing to instigate change even when it is unpopular in the short term.","리더들은 단기적으로 인기가 없더라도 변화를 시작할 의지가 있어야 해."
"Intermediate","instigate","The whistleblower instigated an internal review that ultimately saved the company from a major scandal.","내부 고발자가 결국 회사를 큰 스캔들로부터 구해낸 내부 검토를 시작했어."
"Intermediate","intangible","Culture and reputation are intangible assets, but they drive tangible competitive advantage.","문화와 명성은 무형 자산이지만 유형의 경쟁 우위를 이끌어."
"Intermediate","intangible","The intangible benefits of psychological safety — creativity, candour, innovation — are difficult to quantify but undeniable.","심리적 안전의 무형적 이점인 창의성, 솔직함, 혁신은 정량화하기 어렵지만 부정할 수 없어."
"Intermediate","intangible","Sometimes the most important outcomes of a project are intangible: confidence, trust, and shared learning.","때로는 프로젝트의 가장 중요한 결과가 무형적이야, 자신감, 신뢰, 공유 학습이지."
"Intermediate","interdependence","The interdependence of global supply chains became starkly clear during recent disruptions.","글로벌 공급망의 상호의존성이 최근의 혼란 동안 뚜렷하게 분명해졌어."
"Intermediate","interdependence","Understanding the interdependence of different teams prevents decisions that optimise one area at the expense of another.","다른 팀들의 상호의존성을 이해하면 한 영역을 다른 영역의 희생으로 최적화하는 결정을 방지해."
"Intermediate","interdependence","The interdependence of wellbeing and performance means you cannot sustainably sacrifice one for the other.","웰빙과 성과의 상호의존성은 하나를 다른 것을 위해 지속 가능하게 희생할 수 없다는 것을 의미해."
"Intermediate","intermittent","Intermittent recognition is less effective than consistent appreciation for building sustained motivation.","지속적인 동기 부여를 구축하는 데 있어 간헐적인 인정은 일관된 감사보다 덜 효과적이야."
"Intermediate","intermittent","The team experienced intermittent system outages that pointed to an underlying infrastructure problem.","팀은 기반 인프라 문제를 지적하는 간헐적인 시스템 중단을 경험했어."
"Intermediate","intermittent","Intermittent feedback leaves employees uncertain about their performance — make it regular and specific.","간헐적인 피드백은 직원들이 성과에 대해 불확실하게 해, 정기적이고 구체적으로 만들어봐."
"Intermediate","intransigent","An intransigent negotiating position often leads to worse outcomes than principled flexibility would.","완강한 협상 입장은 원칙적인 유연성보다 종종 더 나쁜 결과로 이어져."
"Intermediate","intransigent","When a stakeholder becomes intransigent, explore the underlying interest rather than debating positions.","이해관계자가 완강해지면 입장을 논쟁하는 것보다 기저의 관심사를 탐색해봐."
"Intermediate","intransigent","His intransigent refusal to consider alternatives slowed the project by months.","대안을 고려하기를 완강히 거부한 그의 태도가 프로젝트를 몇 달 늦췄어."
"Intermediate","invalidate","New evidence can invalidate a previously held assumption — update your models when data changes.","새로운 증거는 이전에 가졌던 가정을 무효화할 수 있어, 데이터가 변하면 모델을 업데이트해."
"Intermediate","invalidate","Do not invalidate someone's concerns — even if you disagree, acknowledging them builds trust.","누군가의 우려를 무효화하지 마, 동의하지 않더라도 인정하는 것이 신뢰를 구축해."
"Intermediate","invalidate","A single major breach can invalidate years of carefully cultivated customer trust.","하나의 주요 침해가 수년간 신중하게 배양된 고객 신뢰를 무효화할 수 있어."
"Intermediate","irrefutable","Present irrefutable evidence when proposing significant change — assumptions are not enough.","중요한 변화를 제안할 때 반박할 수 없는 증거를 제시해, 가정만으로는 충분하지 않아."
"Intermediate","irrefutable","The data made an irrefutable case for restructuring the customer service team immediately.","데이터는 고객 서비스 팀을 즉시 재구성해야 한다는 반박할 수 없는 사례를 만들었어."
"Intermediate","irrefutable","Her irrefutable track record of delivery gave her the credibility to push through the most ambitious changes.","성과에 대한 그녀의 반박할 수 없는 실적이 가장 야심 찬 변화들을 밀어붙일 신뢰성을 줬어."
"Intermediate","juxtapose","Juxtaposing the current state with the desired future state makes the need for change viscerally clear.","현재 상태와 원하는 미래 상태를 병치시키면 변화의 필요성이 직관적으로 명확해져."
"Intermediate","juxtapose","The presentation juxtaposed competitor performance with our own to highlight the gap we needed to close.","발표는 우리가 좁혀야 할 격차를 강조하기 위해 경쟁사 성과와 우리 자신의 성과를 병치시켰어."
"Intermediate","juxtapose","Juxtaposing two opposing approaches helped the team appreciate the trade-offs more clearly.","두 가지 상반된 접근법을 병치시키는 것이 팀이 절충점을 더 명확하게 인식하는 데 도움이 됐어."
"Intermediate","lament","Rather than lament the resources you lack, focus on what is possible with what you have.","부족한 자원을 한탄하기보다 가진 것으로 가능한 것에 집중해봐."
"Intermediate","lament","Many leaders lament the pace of change but fail to invest in the capabilities needed to keep up.","많은 리더들이 변화의 속도를 한탄하지만 따라잡는 데 필요한 역량에 투자하지 않아."
"Intermediate","lament","It is far more productive to learn from a failure than to lament it.","실패로부터 배우는 것이 그것을 한탄하는 것보다 훨씬 더 생산적이야."
"Intermediate","latent","Great managers have a talent for recognising the latent potential in people others have overlooked.","훌륭한 관리자들은 다른 사람들이 간과한 사람들의 잠재적인 가능성을 인식하는 재능이 있어."
"Intermediate","latent","Customer research often surfaces latent needs — things people want but haven't yet articulated.","고객 조사는 종종 잠재적인 필요, 즉 사람들이 원하지만 아직 표현하지 않은 것들을 드러내."
"Intermediate","latent","Address latent conflicts in a team before they surface as crises during high-pressure moments.","팀의 잠재적인 갈등이 고압적인 순간에 위기로 표면화되기 전에 해결해."
"Intermediate","lethargic","A lethargic culture — slow to decide, slow to act — is a liability in fast-moving markets.","결정이 느리고 행동이 느린 무기력한 문화는 빠르게 움직이는 시장에서 부채야."
"Intermediate","lethargic","The team had grown lethargic after a period of unchallenged market dominance.","팀은 도전받지 않는 시장 지배의 기간 이후 무기력해졌어."
"Intermediate","lethargic","A lethargic response to customer complaints quickly escalates small issues into major reputational damage.","고객 불만에 대한 무기력한 대응은 작은 문제를 주요 명성 피해로 빠르게 확대해."
"Intermediate","lucid","A lucid explanation of the strategy at every level of the organisation dramatically improves execution.","조직의 모든 수준에서 전략에 대한 명료한 설명이 실행을 극적으로 개선해."
"Intermediate","lucid","His lucid writing style made even the most complex technical content accessible to a general audience.","그의 명료한 글쓰기 스타일은 가장 복잡한 기술적 내용조차 일반 청중이 접근할 수 있게 했어."
"Intermediate","lucid","Be lucid about what success looks like before a project starts, not only after it ends.","프로젝트가 끝난 후에만이 아니라 시작하기 전에 성공이 어떻게 보이는지에 대해 명료해봐."
"Intermediate","malevolent","Most resistance to change is not malevolent — it stems from fear, not bad intent.","대부분의 변화 저항은 악의적이지 않아, 나쁜 의도가 아닌 두려움에서 비롯돼."
"Intermediate","malevolent","Assuming malevolent motives in a colleague damages trust and closes the door to constructive dialogue.","동료에게 악의적인 동기가 있다고 가정하면 신뢰를 손상시키고 건설적인 대화의 문을 닫아."
"Intermediate","malevolent","The investigation found no malevolent intent — the errors were the result of poor system design.","조사는 악의적인 의도가 없다는 것을 발견했어, 오류는 나쁜 시스템 설계의 결과였어."
"Intermediate","malleable","A growth mindset treats intelligence as malleable — abilities are built through effort and experience.","성장 마인드셋은 지능을 가소적인 것으로 다뤄, 능력은 노력과 경험을 통해 만들어지거든."
"Intermediate","malleable","Early-stage strategy should be malleable — commit to direction but stay flexible on approach.","초기 단계 전략은 가소적이어야 해, 방향에 헌신하되 접근법에 유연하게 유지해."
"Intermediate","malleable","New hires are often more malleable in terms of habits and culture — onboard them thoughtfully.","신입 직원들은 종종 습관과 문화 면에서 더 가소적이야, 그들을 신중하게 온보딩해."
"Intermediate","meager","The team delivered impressive results despite meager resources — a testament to their creativity.","팀은 부족한 자원에도 불구하고 인상적인 결과를 냈어, 그들의 창의성을 증명하는 거야."
"Intermediate","meager","Meager investment in development signals to employees that their growth is not a priority.","개발에 대한 빈약한 투자는 직원들에게 그들의 성장이 우선순위가 아니라는 신호를 보내."
"Intermediate","meager","When resources are meager, clarity of focus becomes even more important — do fewer things better.","자원이 빈약할 때 집중의 명확성이 훨씬 더 중요해져, 더 적은 것을 더 잘해봐."
"Intermediate","methodical","A methodical approach to problem-solving reduces errors and produces more reliable outcomes.","문제 해결에 대한 체계적인 접근법은 오류를 줄이고 더 신뢰할 수 있는 결과를 만들어."
"Intermediate","methodical","She was methodical in her preparation — leaving nothing to chance before the board presentation.","그녀는 준비에 있어 체계적이었어, 이사회 발표 전에 어떤 것도 우연에 맡기지 않았어."
"Intermediate","methodical","Being methodical does not mean being slow — it means being thorough where it matters most.","체계적이라는 것이 느리다는 것을 의미하는 게 아니야, 가장 중요한 곳에서 철저하다는 것을 의미해."
"Intermediate","militant","Militant advocacy for a single solution can shut down the creative exploration of better alternatives.","단일 해결책에 대한 전투적인 옹호는 더 나은 대안의 창의적 탐색을 차단할 수 있어."
"Intermediate","militant","A militant tone in negotiations often hardens resistance rather than persuading the other side.","협상에서의 전투적인 어조는 상대방을 설득하기보다 종종 저항을 굳게 만들어."
"Intermediate","militant","While passion for quality is valuable, a militant pursuit of perfection can paralyse progress.","품질에 대한 열정은 가치 있지만 완벽에 대한 전투적인 추구는 진전을 마비시킬 수 있어."
"Intermediate","monotonous","Automating monotonous tasks frees people for higher-value, more meaningful work.","단조로운 작업을 자동화하면 사람들이 고부가가치의 더 의미 있는 일을 할 수 있게 돼."
"Intermediate","monotonous","A monotonous meeting agenda kills energy — vary formats and invite active participation.","단조로운 회의 의제는 에너지를 죽여, 형식을 다양화하고 적극적인 참여를 초대해봐."
"Intermediate","monotonous","Even passionate professionals find certain tasks monotonous — acknowledging this builds credibility.","열정적인 전문가들도 특정 작업을 단조롭다고 느껴, 이것을 인정하는 것이 신뢰성을 구축해."
"Intermediate","multitude","A multitude of small improvements can collectively outweigh a single large breakthrough.","다수의 작은 개선이 집합적으로 하나의 큰 획기적인 돌파구를 능가할 수 있어."
"Intermediate","multitude","The decision affects a multitude of stakeholders — map them all before you act.","그 결정은 다수의 이해관계자들에게 영향을 미쳐, 행동하기 전에 모두를 파악해봐."
"Intermediate","multitude","Strong brand awareness opens a multitude of commercial opportunities that would otherwise be inaccessible.","강한 브랜드 인지도는 그렇지 않으면 접근할 수 없는 다수의 상업적 기회를 열어."
"Intermediate","negate","One poor customer interaction can negate the positive impression created by months of good service.","하나의 나쁜 고객 상호작용이 몇 달의 좋은 서비스로 만들어진 긍정적인 인상을 무효화할 수 있어."
"Intermediate","negate","Unclear accountability can negate even the most carefully designed incentive structure.","불명확한 책임이 아무리 신중하게 설계된 인센티브 구조도 무효화할 수 있어."
"Intermediate","negate","Diversify your risk portfolio so that one bad outcome does not negate an entire year of gains.","하나의 나쁜 결과가 1년 전체의 수익을 무효화하지 않도록 위험 포트폴리오를 다양화해."
"Intermediate","negligence","Negligence in data security is no longer a minor oversight — it carries severe legal and reputational consequences.","데이터 보안에서의 태만은 더 이상 사소한 실수가 아니야, 심각한 법적 및 명성적 결과를 수반해."
"Intermediate","negligence","Proactive risk management is the antidote to negligence — identify and address threats before they become crises.","선제적인 위험 관리가 태만의 해독제야, 위협이 위기가 되기 전에 파악하고 해결해."
"Intermediate","negligence","Negligence in onboarding new hires increases early attrition and wastes significant recruitment investment.","신입 직원 온보딩에서의 태만은 초기 이직을 증가시키고 상당한 채용 투자를 낭비해."
"Intermediate","neutralize","Strong communication can neutralize the uncertainty that accompanies major organisational changes.","강력한 소통은 주요 조직 변화를 동반하는 불확실성을 중화할 수 있어."
"Intermediate","neutralize","The company invested in scenario planning to neutralize the impact of foreseeable external risks.","회사는 예측 가능한 외부 위험의 영향을 중화하기 위해 시나리오 계획에 투자했어."
"Intermediate","neutralize","Address criticism with data and humility to neutralize it rather than inflame it further.","비판을 더 불러일으키기보다 중화하기 위해 데이터와 겸손으로 대응해."
"Intermediate","obsolescence","Planned obsolescence may boost short-term sales but damages long-term brand trust.","계획적 진부화는 단기 판매를 증대시킬 수 있지만 장기적인 브랜드 신뢰를 손상시켜."
"Intermediate","obsolescence","Continuous learning is the best defence against skill obsolescence in a rapidly evolving job market.","지속적인 학습이 빠르게 진화하는 일자리 시장에서 기술 진부화에 대한 최선의 방어야."
"Intermediate","obsolescence","Organisations that ignore technological change face the risk of strategic obsolescence within a decade.","기술 변화를 무시하는 조직들은 10년 내에 전략적 진부화의 위험에 직면해."
"Intermediate","omnipresent","In the digital age, customer expectations of omnipresent service — any time, any channel — are rising fast.","디지털 시대에 어떤 시간이든 어떤 채널이든 어디에나 있는 서비스에 대한 고객 기대가 빠르게 높아지고 있어."
"Intermediate","omnipresent","Data is becoming omnipresent in decision-making — leaders who ignore it cede advantage to those who don't.","데이터가 의사 결정에서 어디에나 존재하게 되고 있어, 그것을 무시하는 리더들은 그렇지 않은 사람들에게 이점을 양보해."
"Intermediate","omnipresent","The brand's omnipresent advertising campaign made it the first name customers recalled in the category.","브랜드의 어디에나 있는 광고 캠페인이 그것을 고객들이 해당 카테고리에서 가장 먼저 떠올리는 이름으로 만들었어."
"Intermediate","opaque","Opaque decision-making processes erode trust and fuel speculation about hidden agendas.","불투명한 의사 결정 과정은 신뢰를 침식하고 숨겨진 의제에 대한 추측을 불러일으켜."
"Intermediate","opaque","Simplify opaque policies — if employees can't understand the rules, they can't follow them consistently.","불투명한 정책을 단순화해, 직원들이 규칙을 이해할 수 없으면 일관되게 따를 수 없어."
"Intermediate","opaque","The pricing model was so opaque that customers lost confidence and began exploring competitors.","가격 모델이 너무 불투명해서 고객들이 자신감을 잃고 경쟁자들을 탐색하기 시작했어."
"Intermediate","orchestrate","The COO's job is to orchestrate the operational machinery that delivers the CEO's strategic vision.","COO의 역할은 CEO의 전략적 비전을 실현하는 운영 기계를 조율하는 거야."
"Intermediate","orchestrate","She orchestrated a cross-functional sprint that solved in two weeks a problem that had stalled for months.","그녀는 몇 달 동안 정체됐던 문제를 2주 만에 해결한 부서 간 스프린트를 조율했어."
"Intermediate","orchestrate","Successful change management requires someone with the skills to orchestrate dozens of interdependent workstreams.","성공적인 변화 관리는 수십 개의 상호의존적인 업무 흐름을 조율하는 기술을 가진 사람이 필요해."
"Intermediate","oscillate","Organisations that oscillate between centralisation and decentralisation often gain the benefits of neither.","중앙집권화와 분권화 사이를 오가는 조직들은 종종 둘 다의 이익을 얻지 못해."
"Intermediate","oscillate","Market sentiment can oscillate rapidly — build strategies that perform well across different scenarios.","시장 심리는 빠르게 오갈 수 있어, 다양한 시나리오에서 잘 작동하는 전략을 구축해."
"Intermediate","oscillate","His leadership style seemed to oscillate between micromanagement and disengagement, unsettling the team.","그의 리더십 스타일은 세세한 관리와 무관여 사이를 오가는 것처럼 보여 팀을 불안정하게 했어."
"Intermediate","overt","Overt recognition of good work reinforces the behaviours and values you want to cultivate.","좋은 업무에 대한 공개적인 인정이 당신이 함양하고자 하는 행동과 가치를 강화해."
"Intermediate","overt","Make the criteria for success overt and transparent — hidden rules create unfair disadvantages.","성공의 기준을 공개적이고 투명하게 만들어, 숨겨진 규칙은 불공평한 불이익을 만들어."
"Intermediate","overt","Overt commitment from senior leadership is the single most important driver of successful culture change.","시니어 리더십의 공개적인 헌신이 성공적인 문화 변화의 가장 중요한 단일 동인이야."
"Intermediate","overwhelm","Too many priorities overwhelm teams and result in mediocre execution across the board.","너무 많은 우선순위가 팀을 압도하고 전반적으로 평범한 실행을 초래해."
"Intermediate","overwhelm","Break large projects into phases to prevent teams from feeling overwhelmed by the full scope.","팀이 전체 범위에 압도당하는 느낌을 방지하기 위해 대형 프로젝트를 단계로 나눠."
"Intermediate","overwhelm","Cognitive overwhelm leads to poorer decisions — create space and time for thinking before acting.","인지적 압도는 더 나쁜 결정으로 이어져, 행동하기 전에 생각할 공간과 시간을 만들어."
"Intermediate","painstaking","The painstaking research behind the report made its conclusions difficult to challenge.","보고서 뒤의 세심한 연구가 그 결론을 반박하기 어렵게 만들었어."
"Intermediate","painstaking","Painstaking attention to customer experience is what converts first-time buyers into loyal advocates.","고객 경험에 대한 세심한 주의가 첫 구매자를 충성스러운 지지자로 전환하는 거야."
"Intermediate","painstaking","Through painstaking iteration, the team transformed a rough concept into a polished, market-ready product.","세심한 반복 작업을 통해 팀은 거친 개념을 세련되고 시장 준비된 제품으로 변환했어."
"Intermediate","partisan","Avoid taking a partisan stance in internal debates — your role as a leader is to find the best path, not win the argument.","내부 토론에서 당파적인 입장을 취하는 것은 피해, 리더로서 당신의 역할은 논쟁에서 이기는 것이 아니라 최선의 길을 찾는 거야."
"Intermediate","partisan","Partisan behaviour in cross-functional meetings signals to the organisation that silos are more important than shared goals.","부서 간 회의에서의 당파적인 행동은 조직에게 사일로가 공유 목표보다 더 중요하다는 신호를 보내."
"Intermediate","partisan","A leader who is openly partisan loses the trust of those who hold different views within the team.","공개적으로 당파적인 리더는 팀 내에서 다른 견해를 가진 사람들의 신뢰를 잃어."
"Intermediate","perpetuate","Rewarding results over behaviour can perpetuate a toxic culture even as it delivers short-term numbers.","행동보다 결과를 보상하는 것은 단기적인 수치를 달성하면서도 독성 문화를 영속화할 수 있어."
"Intermediate","perpetuate","Unconscious bias in hiring can perpetuate homogeneity and limit the diversity of thought a team needs.","채용에서의 무의식적 편견은 동질성을 영속화하고 팀이 필요로 하는 사고의 다양성을 제한할 수 있어."
"Intermediate","perpetuate","Silence in the face of poor behaviour perpetuates it — speak up early, and clearly.","나쁜 행동에 직면한 침묵은 그것을 영속화해, 일찍 그리고 명확하게 발언해."
"Intermediate","pervasive","A pervasive culture of accountability drives performance far more effectively than top-down monitoring.","광범위한 책임감 문화가 하향식 모니터링보다 훨씬 더 효과적으로 성과를 이끌어."
"Intermediate","pervasive","The impact of remote work has been pervasive — reshaping everything from culture to real-estate strategy.","원격 근무의 영향은 광범위해, 문화에서 부동산 전략까지 모든 것을 재형성하고 있어."
"Intermediate","pervasive","Pervasive distrust within a team is one of the most expensive problems a leader can face.","팀 내의 광범위한 불신은 리더가 직면할 수 있는 가장 비용이 많이 드는 문제 중 하나야."
"Intermediate","pinnacle","Reaching the pinnacle of your career requires sustained effort, not just a single great performance.","경력의 정점에 이르려면 단 한 번의 훌륭한 성과가 아닌 지속적인 노력이 필요해."
"Intermediate","pinnacle","The product launch was the pinnacle of three years of relentless development work.","그 제품 출시는 3년간의 끊임없는 개발 작업의 정점이었어."
"Intermediate","pinnacle","Even at the pinnacle of success, the best leaders remain curious, humble, and open to learning.","성공의 정점에서도 최고의 리더들은 호기심 있고 겸손하며 배움에 개방적으로 유지해."
"Intermediate","pivotal","The decision to enter the Asian market proved pivotal to the company's long-term trajectory.","아시아 시장에 진입하기로 한 결정은 회사의 장기적인 궤도에 있어 중추적인 것으로 판명됐어."
"Intermediate","pivotal","She played a pivotal role in the turnaround, driving the changes that others were afraid to make.","그녀는 회복에 있어 중추적인 역할을 했어, 다른 사람들이 하기 두려워했던 변화들을 이끌면서."
"Intermediate","pivotal","The next six months will be pivotal — the choices made now will define the company for the next decade.","향후 6개월이 중추적일 거야, 지금 이루어지는 선택들이 향후 10년 동안 회사를 정의할 거야."
"Intermediate","plethora","A plethora of initiatives without clear prioritisation leads to effort fragmentation and mediocre results.","명확한 우선순위 결정 없이 수많은 이니셔티브가 있으면 노력 분산과 평범한 결과로 이어져."
"Intermediate","plethora","The market now offers a plethora of tools for collaboration — the challenge is choosing the right ones.","시장은 이제 협업을 위한 수많은 도구를 제공해, 도전 과제는 적절한 것을 선택하는 거야."
"Intermediate","plethora","A plethora of options can be as paralyzing as having none — narrow the field before deciding.","수많은 옵션이 아무것도 없는 것만큼이나 마비적일 수 있어, 결정하기 전에 범위를 좁혀봐."
"Intermediate","polarization","Increasing polarization of opinion within teams makes inclusive decision-making more difficult but more important.","팀 내 의견의 증가하는 양극화는 포용적인 의사 결정을 더 어렵게 하지만 더 중요하게 만들어."
"Intermediate","polarization","The leader worked to reduce polarization by creating forums where opposing views could be heard respectfully.","리더는 반대 견해가 존중적으로 들릴 수 있는 포럼을 만들어 양극화를 줄이기 위해 노력했어."
"Intermediate","polarization","Polarization of the customer base signalled that a single product strategy would no longer work.","고객 기반의 양극화는 단일 제품 전략이 더 이상 통하지 않을 것이라는 신호였어."
"Intermediate","precarious","The company's financial position was precarious — one bad quarter away from a serious cash-flow crisis.","회사의 재정 상황은 불안정했어, 심각한 현금 흐름 위기에서 한 분기 나쁜 성적이 나면 될 정도로."
"Intermediate","precarious","A precarious over-reliance on a single client makes a business extremely vulnerable to external shocks.","단일 고객에 대한 불안정한 과도한 의존은 사업을 외부 충격에 극도로 취약하게 만들어."
"Intermediate","precarious","Building on a precarious cultural foundation means that growth will only amplify the underlying problems.","불안정한 문화적 토대 위에 구축하는 것은 성장이 기저의 문제들만 증폭시킬 것임을 의미해."
"Intermediate","precipitate","Announcing the restructure without adequate preparation precipitated a wave of anxiety and attrition.","적절한 준비 없이 구조 개편을 발표한 것이 불안과 이직의 파도를 촉발했어."
"Intermediate","precipitate","Avoid precipitate decisions — take the time to gather evidence before committing to a course of action.","성급한 결정은 피해, 행동 방침을 결정하기 전에 증거를 수집할 시간을 가져."
"Intermediate","precipitate","A single regulatory change can precipitate a complete rethink of the product roadmap.","하나의 규제 변화가 제품 로드맵의 완전한 재고를 촉발할 수 있어."
"Intermediate","prodigious","She brought prodigious energy to every project she touched, inspiring those around her to raise their game.","그녀는 관여하는 모든 프로젝트에 엄청난 에너지를 가져와 주변 사람들이 수준을 높이도록 영감을 줬어."
"Intermediate","prodigious","The company's prodigious growth masked deeper structural problems that would surface later.","회사의 엄청난 성장은 나중에 표면화될 더 깊은 구조적 문제들을 가렸어."
"Intermediate","prodigious","Building a prodigious talent pipeline is one of the highest-return investments any organisation can make.","엄청난 인재 파이프라인을 구축하는 것이 어떤 조직도 할 수 있는 가장 높은 수익의 투자 중 하나야."
"Intermediate","propagate","Organisations propagate culture through the behaviours they reward, tolerate, and punish.","조직들은 보상하고 용인하며 처벌하는 행동들을 통해 문화를 전파해."
"Intermediate","propagate","Social media can propagate misinformation at a speed that outpaces any organisation's ability to respond.","소셜 미디어는 어떤 조직의 대응 능력도 앞지르는 속도로 허위 정보를 전파할 수 있어."
"Intermediate","propagate","Use internal champions to propagate new ways of working from the ground up.","새로운 업무 방식을 아래에서부터 전파하기 위해 내부 챔피언들을 활용해."
"Intermediate","propensity","A propensity for risk-taking is valuable in innovation but must be balanced with disciplined governance.","위험 감수 성향은 혁신에서 가치 있지만 규율 있는 거버넌스로 균형이 맞춰져야 해."
"Intermediate","propensity","Understanding a customer's propensity to buy allows for more targeted and effective marketing.","고객의 구매 성향을 이해하면 더 타겟화되고 효과적인 마케팅이 가능해."
"Intermediate","propensity","Her propensity to listen before speaking made her a trusted voice in every room she entered.","말하기 전에 듣는 그녀의 성향이 그녀를 그녀가 들어가는 모든 방에서 신뢰받는 목소리로 만들었어."
"Intermediate","propriety","Maintaining propriety in professional communications protects both the sender and the organisation.","전문적인 소통에서 적절함을 유지하는 것이 발신자와 조직 모두를 보호해."
"Intermediate","propriety","There were questions about the propriety of awarding the contract to a company with personal ties to leadership.","리더십과 개인적인 연결이 있는 회사에 계약을 수여하는 것의 적절성에 대한 의문들이 있었어."
"Intermediate","propriety","A culture of propriety — doing the right thing even when no one is watching — is the foundation of ethical business.","아무도 보지 않을 때도 올바른 일을 하는 적절함의 문화가 윤리적 비즈니스의 토대야."
"Intermediate","provocative","A provocative question at the start of a meeting can unlock creative thinking that a normal agenda never would.","회의 시작 시의 도발적인 질문은 일반적인 의제가 절대 열지 못할 창의적 사고를 열 수 있어."
"Intermediate","provocative","Her provocative presentation challenged every assumption the team had held for years — and that was the point.","그녀의 도발적인 발표는 팀이 수년간 가졌던 모든 가정에 도전했어, 그것이 바로 요점이었어."
"Intermediate","provocative","Be provocative in brainstorming — wild ideas often contain the seed of genuinely transformative solutions.","브레인스토밍에서 도발적이어봐, 황당한 아이디어들이 종종 진정으로 변혁적인 해결책의 씨앗을 담고 있어."
"Intermediate","prudence","Financial prudence during growth years creates the resilience needed to weather inevitable downturns.","성장 연도의 재정적 신중함이 불가피한 경기 침체를 견뎌내는 데 필요한 회복력을 만들어."
"Intermediate","prudence","Prudence does not mean risk avoidance — it means taking calculated risks with clear eyes.","신중함이 위험 회피를 의미하지 않아, 그것은 명확한 눈으로 계산된 위험을 감수하는 것을 의미해."
"Intermediate","prudence","Show prudence in how you communicate sensitive information — timing and framing matter enormously.","민감한 정보를 전달하는 방법에서 신중함을 보여, 타이밍과 프레이밍이 엄청나게 중요해."
"Intermediate","quandary","The leadership team found itself in a quandary — acting too quickly or too slowly both carried significant risks.","리더십 팀은 딜레마에 처했어, 너무 빠르거나 너무 느리게 행동하는 것 모두 상당한 위험을 수반했거든."
"Intermediate","quandary","When facing a quandary, map out the second-order consequences of each option before choosing.","딜레마에 직면할 때 선택하기 전에 각 옵션의 2차 결과를 파악해봐."
"Intermediate","quandary","The ethical quandary of prioritising shareholder returns over employee welfare is one every leader must confront.","직원 복지보다 주주 수익을 우선시하는 윤리적 딜레마는 모든 리더가 직면해야 하는 것이야."
"Intermediate","rebuke","A private, respectful rebuke is almost always more effective than a public one for changing behaviour.","사적이고 존중하는 질책이 행동 변화를 위해 공개적인 것보다 거의 항상 더 효과적이야."
"Intermediate","rebuke","The board's formal rebuke sent a clear signal that the previous strategy was no longer acceptable.","이사회의 공식적인 질책은 이전 전략이 더 이상 용납되지 않는다는 명확한 신호를 보냈어."
"Intermediate","rebuke","Deliver a rebuke with care — the goal is correction, not humiliation.","질책은 신중하게 전달해, 목표는 굴욕이 아닌 교정이야."
"Intermediate","reciprocal","Trust is a reciprocal relationship — leaders must extend it to earn it back.","신뢰는 상호적인 관계야, 리더들은 되돌려 받으려면 그것을 먼저 줘야 해."
"Intermediate","reciprocal","Build reciprocal partnerships where both sides gain clear, measurable value from the collaboration.","양측이 협업에서 명확하고 측정 가능한 가치를 얻는 상호적인 파트너십을 구축해."
"Intermediate","reciprocal","A reciprocal feedback culture — where leaders invite critique, not just deliver it — accelerates development.","리더가 비판을 전달하기만 하는 게 아니라 초대하는 상호적인 피드백 문화가 발전을 가속화해."
"Intermediate","reckless","Reckless cost-cutting that strips out capability today creates far larger costs tomorrow.","오늘 역량을 제거하는 무모한 비용 절감은 내일 훨씬 더 큰 비용을 만들어."
"Intermediate","reckless","Speed without governance can tip from agile into reckless — move fast, but not carelessly.","거버넌스 없는 속도는 민첩함에서 무모함으로 기울 수 있어, 빠르게 움직이되 부주의하게는 말고."
"Intermediate","reckless","A reckless hiring decision made in haste can cost the organisation far more than a careful, slower process.","서둘러 내려진 무모한 채용 결정은 신중하고 느린 과정보다 조직에 훨씬 더 많은 비용을 치르게 할 수 있어."
"Intermediate","rectify","Acknowledge the mistake, rectify it swiftly, and communicate what has been done to prevent recurrence.","실수를 인정하고 신속히 바로잡고, 재발을 방지하기 위해 무엇이 이루어졌는지 소통해."
"Intermediate","rectify","Early detection of issues allows leaders to rectify problems before they escalate into crises.","문제의 조기 감지는 리더들이 문제가 위기로 확대되기 전에 바로잡을 수 있게 해."
"Intermediate","rectify","It is always cheaper to rectify a process flaw at the design stage than after it has been deployed.","프로세스 결함은 배포된 후보다 설계 단계에서 바로잡는 것이 항상 더 저렴해."
"Intermediate","redress","Provide a clear mechanism for employees to seek redress when they feel a decision has been unfair.","직원들이 결정이 불공정하다고 느낄 때 구제를 구할 수 있는 명확한 메커니즘을 제공해."
"Intermediate","redress","The company moved quickly to redress the pay disparity once the analysis made it undeniable.","분석이 그것을 부정할 수 없게 만들자 회사는 급여 격차를 시정하기 위해 신속히 움직였어."
"Intermediate","redress","Systemic inequities require systemic redress — individual gestures are insufficient on their own.","체계적인 불평등은 체계적인 시정이 필요해, 개별적인 제스처만으로는 충분하지 않아."
"Intermediate","refute","Prepare data to refute the most likely objections before you walk into any critical presentation.","중요한 발표에 들어가기 전에 가장 예상되는 반대 의견을 반박할 데이터를 준비해."
"Intermediate","refute","She calmly refuted each claim in the report, citing specific evidence that the critics had overlooked.","그녀는 비평가들이 간과한 구체적인 증거를 인용하며 보고서의 각 주장을 침착하게 반박했어."
"Intermediate","refute","You cannot refute a feeling — acknowledge the emotion, then address the facts separately.","감정은 반박할 수 없어, 감정을 인정한 다음 사실을 별도로 다루어봐."
"Intermediate","reinstate","After the review, the board voted to reinstate the original policy, citing insufficient evidence for the change.","검토 후 이사회는 변화에 대한 충분한 증거가 없다고 인용하며 원래 정책을 복원하기로 투표했어."
"Intermediate","reinstate","Customer trust, once lost, is far harder to reinstate than it was to build in the first place.","일단 잃어버린 고객 신뢰는 처음에 구축하는 것보다 복원하기가 훨씬 더 어려워."
"Intermediate","reinstate","The company reinstated the annual retreat after feedback made clear how much it meant to team cohesion.","회사는 피드백이 그것이 팀 결속에 얼마나 중요한지를 명확히 한 후 연례 수련회를 복원했어."
"Intermediate","relinquish","Great leaders know when to relinquish control and trust the team to execute without micromanagement.","훌륭한 리더들은 언제 통제를 포기하고 세세한 관리 없이 실행하도록 팀을 신뢰해야 하는지 알아."
"Intermediate","relinquish","She was willing to relinquish her preferred approach once the data showed a better path.","그녀는 데이터가 더 나은 경로를 보여주자 자신이 선호하는 접근법을 기꺼이 포기했어."
"Intermediate","relinquish","Relinquish ego-driven positions in negotiations — focus on interests, not on being right.","협상에서 자아 중심적인 입장을 포기해, 옳음에 집중하지 말고 관심사에 집중해."
"Intermediate","remediate","Once a vulnerability is identified, act swiftly to remediate it before it can be exploited.","취약성이 파악되면 악용되기 전에 그것을 해결하기 위해 신속히 행동해."
"Intermediate","remediate","The team developed a plan to remediate the quality issues within 30 days without disrupting production.","팀은 생산을 방해하지 않고 30일 내에 품질 문제를 해결하기 위한 계획을 수립했어."
"Intermediate","remediate","Acknowledging a problem and committing to remediate it builds more trust than pretending the issue doesn't exist.","문제를 인정하고 해결하겠다는 다짐이 문제가 존재하지 않는 척하는 것보다 더 많은 신뢰를 구축해."
"Intermediate","remunerate","Remunerating people fairly is the baseline — above that, recognition and growth opportunities drive engagement.","사람들에게 공정하게 보수를 지급하는 것이 기준선이야, 그 이상에서는 인정과 성장 기회가 참여를 이끌어."
"Intermediate","remunerate","The organisation reviewed how it remunerated freelance contributors to ensure equity with full-time staff.","조직은 정규직 직원과의 형평성을 보장하기 위해 프리랜서 기여자들에게 보수를 지급하는 방식을 검토했어."
"Intermediate","remunerate","How you choose to remunerate top performers sends a signal about what the organisation truly values.","최고 성과자들에게 보수를 지급하는 방식이 조직이 진정으로 가치 있게 여기는 것에 대한 신호를 보내."
"Intermediate","repercussion","Every major strategic decision carries repercussions — map them before you commit to the path.","모든 주요 전략적 결정은 파급 효과를 수반해, 그 경로에 헌신하기 전에 그것들을 파악해봐."
"Intermediate","repercussion","The repercussions of the data breach extended far beyond the initial financial penalty.","데이터 침해의 파급 효과는 초기 금전적 처벌을 훨씬 넘어섰어."
"Intermediate","repercussion","Failing to communicate change clearly has repercussions that can linger for months in team morale.","변화를 명확하게 소통하지 못하면 팀 사기에 몇 달간 지속될 수 있는 파급 효과가 있어."
"Intermediate","repudiate","The organisation was swift to repudiate the misleading claims made in the leaked report.","조직은 유출된 보고서에서 제기된 오해의 소지가 있는 주장들을 신속히 부인했어."
"Intermediate","repudiate","Leaders who repudiate their own decisions under pressure lose the trust of their teams.","압박 아래 자신의 결정을 부인하는 리더들은 팀의 신뢰를 잃어."
"Intermediate","repudiate","When evidence demands it, have the courage to repudiate a strategy you once championed.","증거가 요구할 때 한때 지지했던 전략을 부인할 용기를 가져."
"Intermediate","revoke","The company had to revoke its earlier guidance once more accurate data became available.","더 정확한 데이터가 이용 가능해지자 회사는 이전 가이던스를 철회해야 했어."
"Intermediate","revoke","Access rights should be promptly revoked when an employee leaves to prevent security vulnerabilities.","보안 취약성을 방지하기 위해 직원이 떠날 때 접근 권한을 즉시 철회해야 해."
"Intermediate","revoke","Revoking a decision publicly requires as much care and clarity as the original announcement.","결정을 공개적으로 철회하는 것은 원래 발표만큼이나 많은 주의와 명확성이 필요해."
"Intermediate","rigidity","Organisational rigidity is a competitive liability — build in flexibility where the environment demands it.","조직적 경직성은 경쟁적 부채야, 환경이 요구하는 곳에 유연성을 구축해."
"Intermediate","rigidity","The rigidity of the approval process was the single biggest barrier to the team's ability to innovate.","승인 프로세스의 경직성이 팀의 혁신 능력에 대한 단일 최대 장벽이었어."
"Intermediate","rigidity","Intellectual rigidity — refusing to update beliefs in the face of new evidence — is a leadership flaw.","지적 경직성, 즉 새로운 증거에 직면해서 믿음을 업데이트하기를 거부하는 것은 리더십 결함이야."
"Intermediate","rife","The post-merger integration period was rife with miscommunication and duplication of effort.","합병 후 통합 기간은 오해와 노력 중복으로 가득했어."
"Intermediate","rife","An industry rife with outdated practices is an industry ripe for disruption by more agile entrants.","구식 관행으로 가득한 산업은 더 민첩한 신진 업체들에 의한 파괴가 무르익은 산업이야."
"Intermediate","rife","The organisation's culture was rife with unspoken rules that new hires found deeply confusing.","조직의 문화는 신입 직원들이 매우 혼란스럽다고 느끼는 암묵적인 규칙들로 가득했어."
"Intermediate","salient","The most salient finding from the research was that customers valued speed over price.","연구에서 가장 두드러진 발견은 고객들이 가격보다 속도를 더 가치 있게 여긴다는 거였어."
"Intermediate","salient","Focus your executive summary on the three most salient points — resist the urge to include everything.","경영 요약을 가장 두드러진 세 가지 포인트에 집중해, 모든 것을 포함하려는 충동을 억제해."
"Intermediate","salient","Identifying the salient variable in a complex dataset is often where the real analytical skill lies.","복잡한 데이터 세트에서 두드러진 변수를 파악하는 것이 종종 진정한 분석 기술이 있는 곳이야."
"Intermediate","sanction","The committee issued a formal sanction after the investigation confirmed repeated policy violations.","조사가 반복적인 정책 위반을 확인한 후 위원회는 공식적인 제재를 발동했어."
"Intermediate","sanction","Gaining executive sanction before launching a major initiative protects you from mid-project interference.","주요 이니셔티브를 시작하기 전에 경영진의 승인을 얻으면 프로젝트 중간의 방해로부터 보호해줘."
"Intermediate","sanction","Behaviour that goes unsanctioned is behaviour that is implicitly condoned — act on violations consistently.","제재받지 않은 행동은 암묵적으로 묵인된 행동이야, 위반에 일관되게 조치해."
"Intermediate","sentient","Treating employees as sentient individuals — not just resources — is the foundation of meaningful leadership.","직원들을 단순한 자원이 아닌 의식 있는 개인으로 대우하는 것이 의미 있는 리더십의 토대야."
"Intermediate","sentient","A sentient approach to customer experience means recognising the emotional context behind every interaction.","고객 경험에 대한 의식 있는 접근법은 모든 상호작용 뒤의 감정적 맥락을 인식하는 것을 의미해."
"Intermediate","sentient","Great user design acknowledges that every person using a product is a sentient being with unique needs and feelings.","훌륭한 사용자 디자인은 제품을 사용하는 모든 사람이 고유한 필요와 감정을 가진 의식 있는 존재임을 인정해."
"Intermediate","serendipity","Many breakthrough ideas emerge from serendipity — create conditions that make happy accidents more likely.","많은 획기적인 아이디어가 우연한 발견에서 나와, 행복한 우연을 더 가능하게 하는 조건을 만들어봐."
"Intermediate","serendipity","Serendipity favours the well-prepared — the more you know, the more you can recognise a valuable coincidence.","우연한 발견은 잘 준비된 사람을 선호해, 더 많이 알수록 가치 있는 우연의 일치를 더 잘 인식할 수 있어."
"Intermediate","serendipity","The collaboration started through serendipity — two teams working on adjacent problems happened to share the same floor.","그 협업은 우연한 발견으로 시작됐어, 인접한 문제를 작업하는 두 팀이 우연히 같은 층을 공유했거든."
"Intermediate","shrewd","A shrewd negotiator understands what the other side needs as well as what they say they want.","영리한 협상가는 상대방이 원한다고 말하는 것뿐만 아니라 그들이 필요로 하는 것도 이해해."
"Intermediate","shrewd","Her shrewd reading of the market led her to pivot the product six months before competitors saw the shift.","시장에 대한 그녀의 영리한 읽기가 경쟁자들이 변화를 보기 6개월 전에 제품을 피벗하도록 이끌었어."
"Intermediate","shrewd","A shrewd investment in talent during a downturn positions a company for outsized returns when growth resumes.","경기 침체 중에 인재에 대한 영리한 투자는 성장이 재개될 때 탁월한 수익을 위해 회사를 포지셔닝해."
"Intermediate","skepticism","Healthy skepticism in strategic planning prevents teams from falling in love with their own assumptions.","전략적 기획에서의 건전한 회의주의는 팀들이 자신들의 가정에 빠져드는 것을 방지해."
"Intermediate","skepticism","She met every new proposal with appropriate skepticism — not to block ideas, but to stress-test them.","그녀는 모든 새 제안을 적절한 회의주의로 맞이했어, 아이디어를 차단하기 위해서가 아니라 스트레스 테스트하기 위해서."
"Intermediate","skepticism","Investor skepticism can be disarmed by transparent, evidence-based communication of your strategy.","투자자 회의주의는 당신의 전략에 대한 투명하고 증거 기반의 소통으로 무력화될 수 있어."
"Intermediate","solvent","Staying solvent through a downturn requires maintaining cash reserves even when growth is strong.","경기 침체를 통해 지급 능력을 유지하려면 성장이 강할 때도 현금 준비금을 유지해야 해."
"Intermediate","solvent","The board's priority was ensuring the company remained solvent long enough to complete the turnaround.","이사회의 우선순위는 회사가 회복을 완료하기에 충분히 오래 지급 능력을 유지하는 것이었어."
"Intermediate","solvent","A solvent organisation is not just one that pays its bills — it is one that can invest in its own future.","지급 능력이 있는 조직은 단지 청구서를 지불하는 조직이 아니야, 그것은 자신의 미래에 투자할 수 있는 조직이야."
"Intermediate","stagnation","Organisational stagnation often sets in when leaders stop challenging themselves and their teams.","리더들이 자신과 팀에 도전하기를 멈출 때 종종 조직 침체가 시작돼."
"Intermediate","stagnation","Rotation programmes prevent the stagnation that comes from keeping talented people in the same role too long.","순환 프로그램은 재능 있는 사람들을 너무 오랫동안 같은 역할에 유지함으로써 오는 침체를 방지해."
"Intermediate","stagnation","Complacency is the seedbed of stagnation — build a culture that permanently questions the status quo.","자기 만족이 침체의 토양이야, 영구적으로 현상 유지에 의문을 제기하는 문화를 구축해."
"Intermediate","steadfast","Steadfast commitment to your values during difficult times defines your character as a leader.","어려운 시기에 가치에 대한 확고한 헌신이 리더로서 당신의 성품을 정의해."
"Intermediate","steadfast","She remained steadfast in her belief that culture change was possible, even when results were slow.","결과가 느릴 때도 그녀는 문화 변화가 가능하다는 믿음에 확고하게 유지했어."
"Intermediate","steadfast","A steadfast focus on customer value is the surest path to sustainable competitive advantage.","고객 가치에 대한 확고한 집중이 지속 가능한 경쟁 우위로 가는 가장 확실한 경로야."
"Intermediate","stipulate","The service agreement stipulates a 48-hour response time for all critical issues.","서비스 계약은 모든 중요한 문제에 대해 48시간 응답 시간을 규정해."
"Intermediate","stipulate","Stipulate the expected outcomes and success criteria before a project begins, not at the end.","예상 결과와 성공 기준을 프로젝트 끝이 아닌 시작 전에 명시해."
"Intermediate","stipulate","The grant conditions stipulated that all findings must be published openly within 12 months.","보조금 조건은 모든 연구 결과를 12개월 내에 공개적으로 발표해야 한다고 규정했어."
"Intermediate","subvert","Covert alliances formed to subvert a decision signal that the decision-making process itself lacks legitimacy.","결정을 무력화하기 위해 형성된 비밀 동맹은 의사 결정 과정 자체가 정당성이 부족하다는 신호야."
"Intermediate","subvert","Good governance structures prevent any individual from subverting the collective will of the board.","좋은 거버넌스 구조는 어떤 개인도 이사회의 집단적 의지를 무력화하는 것을 방지해."
"Intermediate","subvert","If you disagree with a decision, address it through proper channels — do not subvert it quietly.","결정에 동의하지 않으면 적절한 채널을 통해 다루어, 조용히 무력화하지 말고."
"Intermediate","succinct","A succinct executive summary respects the reader's time and increases the chance your message will be heard.","간결한 경영 요약은 독자의 시간을 존중하고 메시지가 전달될 가능성을 높여."
"Intermediate","succinct","Train yourself to be succinct — the ability to say more with less is a rare and valuable skill.","간결해지도록 훈련해, 더 적은 것으로 더 많이 말하는 능력은 드물고 가치 있는 기술이야."
"Intermediate","succinct","Her succinct feedback gave the team exactly what they needed to improve without overwhelming them.","그녀의 간결한 피드백은 팀을 압도하지 않고 개선하는 데 필요한 것을 정확히 제공했어."
"Intermediate","supple","A supple strategy can bend to accommodate new information without breaking its underlying logic.","유연한 전략은 기저의 논리를 깨뜨리지 않고 새로운 정보를 수용하기 위해 구부러질 수 있어."
"Intermediate","supple","The most resilient organisations are those with supple structures that can adapt without losing coherence.","가장 회복력 있는 조직은 일관성을 잃지 않고 적응할 수 있는 유연한 구조를 가진 조직들이야."
"Intermediate","supple","A supple mindset — open to revision but anchored in principles — is what sustains leadership through uncertainty.","개정에 열려 있지만 원칙에 닻을 내린 유연한 마인드셋이 불확실성을 통해 리더십을 유지하는 거야."
"Intermediate","surpass","The team's results surpassed all expectations, validating the bold strategy they had committed to.","팀의 결과가 모든 기대를 뛰어넘어, 그들이 헌신했던 대담한 전략의 유효성을 확인했어."
"Intermediate","surpass","To surpass the competition, focus less on what they are doing and more on what your customers truly need.","경쟁자를 뛰어넘으려면 그들이 무엇을 하고 있는지보다 고객이 진정으로 필요로 하는 것에 더 집중해."
"Intermediate","surpass","When you surpass a milestone, celebrate it — then immediately set your sights on the next challenge.","마일스톤을 뛰어넘으면 축하해, 그런 다음 즉시 다음 도전으로 눈을 돌려."
"Advanced","abjure","He abjured his bad habits after getting sick.","그는 아픈 후에 나쁜 습관을 버렸어."
"Advanced","abnegate","She abnegated her own needs to take care of her family.","그녀는 가족을 돌보기 위해 자신의 필요를 포기했어."
"Advanced","abscond","The thief absconded before the police arrived.","도둑은 경찰이 도착하기 전에 도주했어."
"Advanced","abstemious","He is abstemious and rarely eats junk food.","그는 절제하는 편이라 정크푸드를 거의 먹지 않아."
"Advanced","accrue","Interest accrues in your savings account every month.","이자는 매달 저축 계좌에 누적돼."
"Advanced","acerbic","His acerbic comment hurt her feelings.","그의 신랄한 말이 그녀의 감정을 상하게 했어."
"Advanced","acrimony","There was a lot of acrimony between the two neighbors.","두 이웃 사이에 많은 악감정이 있었어."
"Advanced","acumen","Her business acumen helped the company grow quickly.","그녀의 사업 통찰력이 회사가 빠르게 성장하는 데 도움이 됐어."
"Advanced","adamant","She was adamant that she did not want any help.","그녀는 어떤 도움도 원하지 않는다고 완강했어."
"Advanced","admonish","The teacher admonished the students for being noisy.","선생님은 시끄럽게 구는 학생들을 훈계했어."
"Advanced","adroit","She is adroit at handling difficult customers.","그녀는 까다로운 고객을 능숙하게 다뤄."
"Advanced","affinity","She has a natural affinity for languages.","그녀는 언어에 대한 타고난 친화력이 있어."
"Advanced","aggrieve","He felt aggrieved when his idea was rejected without explanation.","그는 아무 설명 없이 자신의 아이디어가 거부되자 억울함을 느꼈어."
"Advanced","akin","Surfing is akin to snowboarding in many ways.","서핑은 여러 면에서 스노보딩과 유사해."
"Advanced","alacrity","She accepted the job offer with alacrity.","그녀는 활기차게 취업 제안을 받아들였어."
"Advanced","alienation","Moving to a new city can cause feelings of alienation.","새 도시로 이사하면 소외감을 느낄 수 있어."
"Advanced","allegory","The story is an allegory about the dangers of greed.","그 이야기는 탐욕의 위험에 관한 알레고리야."
"Advanced","allude","She alluded to a problem without stating it directly.","그녀는 직접 말하지 않고 문제를 암시했어."
"Advanced","aloof","He seemed aloof at the party and did not talk much.","그는 파티에서 거리를 두는 것처럼 보였고 많이 말하지 않았어."
"Advanced","altercation","There was a brief altercation over the parking spot.","주차 공간 문제로 짧은 언쟁이 있었어."
"Advanced","amalgamate","The two small companies amalgamated to form a larger one.","두 작은 회사가 합병해서 더 큰 회사를 이뤘어."
"Advanced","ambiguity","There was some ambiguity in the instructions, so I asked for clarification.","설명에 약간의 모호함이 있어서 나는 명확히 해달라고 요청했어."
"Advanced","ambivalence","I feel ambivalence about moving abroad — excited but nervous.","해외로 이사하는 것에 양가감정을 느껴, 설레기도 하고 긴장되기도 해."
"Advanced","amenable","He is amenable to changing his schedule if needed.","그는 필요하다면 일정을 바꾸는 데 순응해."
"Advanced","amiable","Our new neighbor is very amiable and always smiling.","우리 새 이웃은 매우 상냥하고 항상 웃고 있어."
"Advanced","amorphous","The plan was still amorphous and needed more details.","계획은 아직 무정형이어서 더 많은 세부 사항이 필요했어."
"Advanced","anachronism","Using a fax machine today feels like an anachronism.","요즘 팩스 기계를 사용하는 건 시대착오처럼 느껴져."
"Advanced","anachronistic","Some company rules feel anachronistic in the age of remote work.","일부 회사 규칙들은 원격 근무 시대에 시대착오적으로 느껴져."
"Advanced","anarchy","The classroom became anarchy when the teacher left.","선생님이 자리를 비우자 교실은 무질서해졌어."
"Advanced","anecdote","He started his speech with a funny anecdote from his childhood.","그는 어린 시절의 재미있는 일화로 연설을 시작했어."
"Advanced","anodyne","His anodyne reply avoided the real question entirely.","그의 자극 없는 답변은 실제 질문을 완전히 피했어."
"Advanced","antagonism","There was clear antagonism between the two teams.","두 팀 사이에 명확한 반감이 있었어."
"Advanced","antagonize","Try not to antagonize him — he gets angry easily.","그를 적대시하지 않으려고 해, 그는 쉽게 화를 내거든."
"Advanced","antithesis","His lazy attitude is the antithesis of what this job requires.","그의 게으른 태도는 이 직업이 요구하는 것의 정반대야."
"Advanced","antiquity","This building dates back to antiquity.","이 건물은 고대까지 거슬러 올라가."
"Advanced","apathy","Voter apathy is a serious problem in many democracies.","유권자 무관심은 많은 민주주의 국가에서 심각한 문제야."
"Advanced","apocryphal","That story about him is probably apocryphal — no one can verify it.","그에 관한 그 이야기는 아마 출처가 불분명해, 아무도 확인할 수 없거든."
"Advanced","appease","She bought him ice cream to appease his anger.","그녀는 그의 화를 달래기 위해 아이스크림을 사줬어."
"Advanced","apposite","His comment was apposite and perfectly suited the discussion.","그의 말은 적절했고 토론에 딱 맞았어."
"Advanced","approbation","She smiled, seeking her parent's approbation for her decision.","그녀는 자신의 결정에 대한 부모님의 승인을 구하며 미소를 지었어."
"Advanced","archetype","He is the archetype of a hard-working student.","그는 열심히 공부하는 학생의 전형적인 모습이야."
"Advanced","ardor","She approached every project with great ardor.","그녀는 모든 프로젝트에 큰 열정으로 임했어."
"Advanced","arduous","Climbing the mountain was arduous but worth it.","산을 오르는 건 힘들었지만 그럴 만한 가치가 있었어."
"Advanced","archaic","That archaic law has not been enforced for decades.","그 낡은 법은 수십 년간 시행되지 않았어."
"Advanced","aridity","The aridity of the desert makes it hard to grow food.","사막의 건조함은 식량을 재배하기 어렵게 만들어."
"Advanced","arrogance","His arrogance made it hard for others to work with him.","그의 오만함은 다른 사람들이 그와 일하기 어렵게 만들었어."
"Advanced","articulation","Clear articulation is key when giving a presentation.","발표할 때 명확한 발음이 중요해."
"Advanced","ascertain","Please ascertain whether the meeting room is available.","회의실이 사용 가능한지 확인해줘."
"Advanced","ascetic","He lives an ascetic lifestyle with very few possessions.","그는 거의 소유물이 없는 금욕적인 생활을 해."
"Advanced","aspersion","She cast aspersions on his character without any proof.","그녀는 아무 증거도 없이 그의 인격을 비방했어."
"Advanced","assiduous","She is assiduous in her studies and rarely misses a day.","그녀는 공부에 성실하고 결석을 거의 하지 않아."
"Advanced","assuage","A warm cup of tea can assuage stress after a long day.","긴 하루 후 따뜻한 차 한 잔이 스트레스를 완화해줄 수 있어."
"Advanced","atone","He tried to atone for his mistake by working extra hours.","그는 추가 근무를 함으로써 자신의 실수를 속죄하려 했어."
"Advanced","atrocity","The documentary showed the atrocities of the war.","그 다큐멘터리는 전쟁의 잔혹 행위를 보여줬어."
"Advanced","atrophy","Your muscles will atrophy if you stop exercising.","운동을 그만두면 근육이 약해질 거야."
"Advanced","attenuate","Noise-canceling headphones attenuate background sounds effectively.","노이즈 캔슬링 헤드폰은 배경 소음을 효과적으로 약화시켜."
"Advanced","audacious","It was an audacious move to quit her job and start her own business.","직장을 그만두고 사업을 시작하는 것은 대담한 행동이었어."
"Advanced","audacity","I can't believe he had the audacity to show up late and make excuses.","그가 늦게 나타나서 변명을 늘어놓을 만큼 뻔뻔하다니 믿기지 않아."
"Advanced","augment","She took a part-time job to augment her income.","그녀는 수입을 늘리기 위해 아르바이트를 했어."
"Advanced","austere","The apartment had an austere design with plain white walls.","그 아파트는 평범한 흰 벽으로 된 소박한 디자인이었어."
"Advanced","austerity","The family lived in austerity during the economic crisis.","그 가족은 경제 위기 동안 긴축 생활을 했어."
"Advanced","authoritarian","His authoritarian parenting style left no room for his children's opinions.","그의 권위주의적인 양육 방식은 자녀들의 의견이 들어갈 여지가 없었어."
"Advanced","avarice","His avarice led him to make dishonest decisions.","그의 탐욕이 그를 부정직한 결정을 내리게 했어."
"Advanced","avert","Quick action averted what could have been a serious accident.","신속한 행동이 심각한 사고가 될 수도 있었던 것을 막았어."
"Advanced","avid","She is an avid reader and finishes a book every week.","그녀는 열정적인 독서가로 매주 한 권씩 책을 읽어."
"Advanced","axiom","It is an axiom that honesty is the best policy.","정직이 최선이라는 것은 자명한 진리야."
"Advanced","axiomatic","It is axiomatic that practice makes perfect.","연습이 완벽을 만든다는 것은 자명해."
"Advanced","baroque","The interior decoration was baroque with lots of gold and ornament.","실내 장식은 금과 장식이 많은 화려한 바로크 양식이었어."
"Advanced","belittle","Don't belittle others just to make yourself feel better.","자신을 돋보이게 하려고 다른 사람들을 깎아내리지 마."
"Advanced","belligerent","He became belligerent after a few drinks.","그는 술을 몇 잔 마시고 나서 공격적이 됐어."
"Advanced","benevolence","Her benevolence was shown by her many donations to charity.","그녀의 자비심은 자선 단체에 많은 기부를 통해 드러났어."
"Advanced","benign","The doctor said the lump was benign, so there was nothing to worry about.","의사는 혹이 양성이라 걱정할 것 없다고 했어."
"Advanced","bereft","She felt bereft after her best friend moved away.","친한 친구가 이사를 가자 그녀는 상실감을 느꼈어."
"Advanced","bewilderment","She stared in bewilderment at the long instruction manual.","그녀는 긴 사용 설명서를 어리둥절하게 바라봤어."
"Advanced","bigotry","Bigotry of any kind has no place in our community.","어떤 종류의 편협함도 우리 커뮤니티에는 설 자리가 없어."
"Advanced","blatant","It was a blatant lie and everyone could see it.","그건 노골적인 거짓말이었고 모두가 알 수 있었어."
"Advanced","blithe","He had a blithe attitude toward his responsibilities.","그는 자신의 책임에 대해 태평스러운 태도를 가졌어."
"Advanced","bombastic","His bombastic speech impressed no one in the room.","그의 과장된 연설은 방 안에 있는 누구도 감동시키지 못했어."
"Advanced","brazen","She made a brazen request for a raise after only one month of work.","그녀는 일한 지 한 달밖에 안 됐는데 뻔뻔하게 인상을 요청했어."
"Advanced","brevity","The best emails are valued for their brevity.","가장 좋은 이메일은 간결함으로 가치를 인정받아."
"Advanced","brooding","He sat alone in a brooding silence after the argument.","그는 말다툼 후에 우울한 침묵 속에 혼자 앉아 있었어."
"Advanced","burgeon","The city's coffee shop culture has burgeoned in recent years.","그 도시의 커피숍 문화가 최근 몇 년간 급성장했어."
"Advanced","buttress","More evidence would buttress her argument.","더 많은 증거가 그녀의 주장을 뒷받침할 거야."
"Advanced","byzantine","The tax system is so byzantine that most people need an accountant.","세금 제도가 너무 복잡해서 대부분의 사람들이 회계사가 필요해."
"Advanced","cacophony","The construction outside created a cacophony that made it hard to concentrate.","밖의 공사가 집중하기 어려운 불협화음을 만들었어."
"Advanced","callous","His callous response to her tears shocked everyone.","그녀의 눈물에 대한 그의 냉담한 반응은 모두를 충격에 빠뜨렸어."
"Advanced","candor","I appreciate your candor — it's refreshing to hear the truth.","솔직함에 감사해, 진실을 듣는 건 상쾌한 일이야."
"Advanced","capitulate","After hours of negotiation, he finally capitulated.","몇 시간의 협상 끝에 그는 마침내 굴복했어."
"Advanced","capricious","The weather here is capricious — it can change within an hour.","여기 날씨는 변덕스러워, 한 시간 안에도 변할 수 있어."
"Advanced","caricature","The cartoonist drew a caricature of the politician with a huge nose.","만화가가 정치인의 코를 크게 그린 풍자화를 그렸어."
"Advanced","castigate","The manager castigated the team for missing the deadline.","관리자는 마감 기한을 놓친 것에 대해 팀을 혹독하게 비판했어."
"Advanced","causality","Scientists study causality to understand what causes disease.","과학자들은 질병의 원인을 이해하기 위해 인과관계를 연구해."
"Advanced","caustic","Her caustic remarks made the whole team feel uncomfortable.","그녀의 신랄한 발언은 팀 전체를 불편하게 만들었어."
"Advanced","caveat","I'll help you, but with one caveat — you have to do your part too.","도와줄게, 하지만 한 가지 주의 사항이 있어, 너도 네 역할을 해야 해."
"Advanced","celestial","The night sky was filled with celestial beauty.","밤하늘은 천상의 아름다움으로 가득했어."
"Advanced","censorious","She grew tired of her censorious aunt who criticized everything she wore.","그녀는 그녀가 입는 모든 것을 비판하는 잔소리 심한 이모에게 지쳤어."
"Advanced","censure","The senator faced public censure for his inappropriate comments.","그 상원의원은 부적절한 발언으로 공개 비난을 받았어."
"Advanced","cerebral","Chess is a cerebral game that requires deep thinking.","체스는 깊은 사고가 필요한 지적인 게임이야."
"Advanced","circumlocution","He used a lot of circumlocution to avoid giving a straight answer.","그는 직접적인 답변을 피하기 위해 에둘러 말하는 방식을 많이 사용했어."
"Advanced","circumspect","Be circumspect when sharing personal information online.","온라인에서 개인 정보를 공유할 때는 신중해야 해."
"Advanced","circumvent","He tried to circumvent the rules by using a loophole.","그는 허점을 이용해 규정을 피하려 했어."
"Advanced","clandestine","They held a clandestine meeting to plan the surprise party.","그들은 서프라이즈 파티를 계획하기 위해 비밀 회의를 열었어."
"Advanced","coalesce","The small groups eventually coalesced into one large team.","작은 그룹들이 결국 하나의 큰 팀으로 합쳐졌어."
"Advanced","coerce","No one should be coerced into signing a contract.","누구도 계약서에 서명하도록 강요받아서는 안 돼."
"Advanced","coercive","The management's coercive tactics made employees feel powerless.","경영진의 강압적인 전술은 직원들이 무력감을 느끼게 했어."
"Advanced","cogent","She made a cogent argument that changed everyone's mind.","그녀는 모두의 마음을 바꾼 설득력 있는 논거를 제시했어."
"Advanced","cogitate","He sat quietly to cogitate before making a decision.","그는 결정을 내리기 전에 조용히 앉아 깊이 생각했어."
"Advanced","cognizant","She was cognizant of the risks before she invested her money.","그녀는 돈을 투자하기 전에 위험을 알고 있었어."
"Advanced","cohesion","Team cohesion is essential for completing projects successfully.","팀 결속력은 프로젝트를 성공적으로 완수하는 데 필수적이야."
"Advanced","collusion","There were rumors of collusion between the two rival companies.","두 경쟁사 간의 담합 소문이 있었어."
"Advanced","commensurate","Your salary should be commensurate with your experience.","급여는 경력에 상응해야 해."
"Advanced","complicity","By saying nothing, he showed his complicity in the wrongdoing.","아무 말도 하지 않음으로써 그는 잘못된 행동에 공모했음을 드러냈어."
"Advanced","compunction","She felt no compunction about canceling the dinner plans last minute.","그녀는 마지막에 저녁 약속을 취소하는 것에 대해 아무런 양심의 가책을 느끼지 않았어."
"Advanced","condescend","It's rude to condescend to people just because you know more.","더 많이 안다고 해서 사람들을 깔보는 건 무례해."
"Advanced","condescension","She spoke with condescension that made the other person feel small.","그녀는 상대방을 초라하게 만드는 거만한 태도로 말했어."
"Advanced","confound","The results confounded the researchers — they expected the opposite.","결과가 연구자들을 당혹스럽게 했어, 그들은 반대를 예상했거든."
"Advanced","conjecture","Without more evidence, everything is just conjecture.","더 많은 증거 없이는 모든 것이 그냥 추측일 뿐이야."
"Advanced","conscientious","She is a conscientious worker who always double-checks her work.","그녀는 항상 자신의 일을 두 번 확인하는 성실한 직원이야."
"Advanced","conspicuous","His red umbrella was conspicuous in the crowd.","그의 빨간 우산은 군중 속에서 눈에 띄었어."
"Advanced","contentious","Politics is a contentious topic at family dinners.","정치는 가족 저녁 식사에서 논란이 많은 주제야."
"Advanced","contrite","He looked genuinely contrite after realizing his mistake.","그는 자신의 실수를 깨달은 후 진심으로 뉘우치는 것처럼 보였어."
"Advanced","convoluted","The directions were so convoluted that we got lost.","설명이 너무 복잡해서 우리는 길을 잃었어."
"Advanced","convivial","The party had a convivial atmosphere where everyone laughed and talked.","파티는 모두가 웃고 이야기하는 유쾌한 분위기였어."
"Advanced","copious","She took copious notes during the lecture.","그녀는 강의 중에 엄청난 양의 필기를 했어."
"Advanced","corroborate","Can anyone corroborate your story?","당신의 이야기를 확인해줄 수 있는 사람이 있어?"
"Advanced","cosmopolitan","Tokyo is a truly cosmopolitan city with people from all over the world.","도쿄는 전 세계에서 온 사람들이 있는 진정한 국제적인 도시야."
"Advanced","covert","The spy conducted a covert operation without anyone knowing.","스파이는 아무도 모르게 비밀 작전을 수행했어."
"Advanced","credulous","He was so credulous that he believed every online rumor.","그는 너무 잘 믿어서 온라인의 모든 소문을 믿었어."
"Advanced","credulity","His credulity made him an easy target for scammers.","그의 쉽게 믿는 성격이 그를 사기꾼의 쉬운 표적으로 만들었어."
"Advanced","cryptic","She left a cryptic message that no one could understand.","그녀는 아무도 이해하지 못할 수수께끼 같은 메시지를 남겼어."
"Advanced","culpable","Both drivers were found culpable for the accident.","두 운전자 모두 사고에 책임이 있는 것으로 밝혀졌어."
"Advanced","culprit","The culprit was finally identified by the security camera.","범인은 보안 카메라에 의해 마침내 신원이 확인됐어."
"Advanced","curtail","The rain curtailed our plans for a picnic.","비가 소풍 계획을 축소시켰어."
"Advanced","cynicism","After years of disappointment, he fell into deep cynicism.","수년간의 실망 끝에 그는 깊은 냉소주의에 빠졌어."
"Advanced","daunting","The amount of homework felt daunting at first.","처음에는 숙제의 양이 버겁게 느껴졌어."
"Advanced","dauntless","The dauntless firefighter rushed into the burning building.","겁 없는 소방관이 불타는 건물로 뛰어들었어."
"Advanced","debilitating","A debilitating cold kept her in bed for a week.","심한 감기로 그녀는 일주일 동안 침대에 누워 있었어."
"Advanced","decadence","The hotel was a symbol of decadence with its gold-plated everything.","그 호텔은 모든 것이 금으로 도금된 사치의 상징이었어."
"Advanced","deference","In deference to the elderly guest, they gave up their seat.","나이 든 손님에 대한 경의로 그들은 자리를 양보했어."
"Advanced","deferential","He was always deferential to his seniors at work.","그는 직장에서 항상 선배들에게 공손했어."
"Advanced","deft","The chef was deft with the knife, cutting vegetables in seconds.","그 요리사는 칼을 능숙하게 다뤄서 몇 초 만에 채소를 잘랐어."
"Advanced","deign","He did not deign to respond to the email for two weeks.","그는 2주 동안 이메일에 답장할 마음이 없었어."
"Advanced","deleterious","Too much screen time has a deleterious effect on sleep quality.","스크린을 너무 많이 보면 수면의 질에 해로운 영향을 미쳐."
"Advanced","delineate","The contract clearly delineates each person's responsibilities.","계약서는 각 사람의 책임을 명확하게 규정해."
"Advanced","demagogue","The demagogue used fear to gain popular support.","그 선동가는 대중의 지지를 얻기 위해 두려움을 이용했어."
"Advanced","demagogy","The politician's speech was full of demagogy rather than real policy.","그 정치인의 연설은 실제 정책이 아닌 선동으로 가득했어."
"Advanced","demure","She gave a demure smile and said very little.","그녀는 얌전한 미소를 짓고 거의 말하지 않았어."
"Advanced","denounce","He publicly denounced the policy as unfair.","그는 그 정책을 불공정하다고 공개적으로 비난했어."
"Advanced","deplete","Running the air conditioner all day depletes electricity fast.","하루 종일 에어컨을 켜두면 전기가 빠르게 소모돼."
"Advanced","depravity","The documentary exposed the depravity of the criminal organization.","그 다큐멘터리는 범죄 조직의 타락을 폭로했어."
"Advanced","derisive","His derisive laughter made her feel embarrassed.","그의 비웃음이 그녀를 창피하게 만들었어."
"Advanced","derogatory","Derogatory comments in the workplace are unacceptable.","직장에서의 경멸적인 발언은 용납되지 않아."
"Advanced","despondency","He fell into despondency after losing his job.","그는 직장을 잃은 후 낙담에 빠졌어."
"Advanced","despondent","She looked despondent after hearing the bad news.","그녀는 나쁜 소식을 들은 후 낙담한 것처럼 보였어."
"Advanced","destitute","After the flood, many families were left destitute.","홍수 이후 많은 가족들이 빈곤한 상태에 처했어."
"Advanced","deterrent","Security cameras act as a deterrent to crime.","보안 카메라는 범죄에 대한 억제력으로 작용해."
"Advanced","devious","He used a devious trick to win the game.","그는 게임을 이기기 위해 교활한 속임수를 사용했어."
"Advanced","devout","She is a devout churchgoer who never misses Sunday service.","그녀는 일요 예배를 한 번도 빠지지 않는 독실한 교인이야."
"Advanced","dialectic","The professor encouraged dialectic discussion in class.","교수는 수업에서 변증법적 토론을 장려했어."
"Advanced","diatribe","His diatribe against social media lasted over an hour.","소셜 미디어에 대한 그의 장광설이 한 시간 넘게 계속됐어."
"Advanced","dichotomy","There is a clear dichotomy between the rich and poor neighborhoods.","부유한 지역과 가난한 지역 사이에 명확한 이분법이 있어."
"Advanced","diffidence","Her diffidence made her reluctant to speak up in meetings.","그녀의 수줍음이 회의에서 발언하기를 꺼리게 만들었어."
"Advanced","diffident","He was too diffident to ask the question he really wanted to ask.","그는 너무 수줍어서 진짜 묻고 싶은 질문을 하지 못했어."
"Advanced","digress","Sorry, I digressed — let me get back to the main point.","미안해요, 딴 길로 샜네요, 본론으로 돌아갈게요."
"Advanced","digression","After a long digression, the speaker finally addressed the topic.","긴 곁길 이야기 끝에 연사가 마침내 주제를 다뤘어."
"Advanced","diligence","Through diligence and hard work, she passed the exam.","성실함과 노력을 통해 그녀는 시험에 합격했어."
"Advanced","discern","It is hard to discern fact from fiction in the news these days.","요즘은 뉴스에서 사실과 허구를 구분하기 어려워."
"Advanced","disconcert","His sudden silence during the call disconcerted her.","통화 중 그의 갑작스러운 침묵이 그녀를 불안하게 했어."
"Advanced","discreet","Please be discreet about this — it's confidential information.","이건 기밀 정보니까 신중하게 처리해줘."
"Advanced","disdain","She looked at the messy room with disdain.","그녀는 지저분한 방을 경멸스럽게 바라봤어."
"Advanced","disenfranchise","Complicated voting procedures can disenfranchise elderly voters.","복잡한 투표 절차가 고령 유권자들의 선거권을 박탈할 수 있어."
"Advanced","disillusioned","She became disillusioned with her job after just six months.","그녀는 불과 6개월 만에 직장에 환멸을 느끼게 됐어."
"Advanced","dispassionate","The judge gave a dispassionate ruling based solely on the evidence.","판사는 증거만을 바탕으로 냉정한 판결을 내렸어."
"Advanced","disparage","He always disparages others instead of focusing on his own work.","그는 자신의 일에 집중하는 대신 항상 다른 사람들을 폄하해."
"Advanced","disposition","She has a cheerful disposition that brightens any room.","그녀는 어떤 공간이든 밝게 만드는 명랑한 성격을 가지고 있어."
"Advanced","disseminate","Social media helps disseminate information quickly.","소셜 미디어는 정보를 빠르게 전파하는 데 도움이 돼."
"Advanced","dissent","There was strong dissent among team members about the new policy.","새 정책에 대해 팀원들 사이에 강한 반대 의견이 있었어."
"Advanced","distill","She distilled the 50-page report into a one-page summary.","그녀는 50페이지 보고서를 한 페이지 요약본으로 압축했어."
"Advanced","divergent","The two friends had divergent views on how to spend the weekend.","두 친구는 주말을 어떻게 보낼지에 대해 의견이 달랐어."
"Advanced","divisive","That topic is too divisive to bring up at the dinner table.","그 주제는 저녁 식사 자리에서 꺼내기에 너무 갈등을 일으켜."
"Advanced","docile","The golden retriever was docile and friendly with everyone.","그 골든 리트리버는 순하고 모든 사람에게 친근했어."
"Advanced","doctrinaire","His doctrinaire approach left no room for compromise.","그의 원칙만 고집하는 접근법은 타협의 여지를 두지 않았어."
"Advanced","dogmatic","A good scientist should never be dogmatic about their theories.","훌륭한 과학자는 자신의 이론에 독단적이어서는 안 돼."
"Advanced","dormant","The volcano has been dormant for over a century.","그 화산은 1세기 넘게 휴면 상태야."
"Advanced","draconian","The draconian rules at the school made students feel suffocated.","학교의 가혹한 규칙들이 학생들을 숨 막히게 했어."
"Advanced","dubious","I was dubious about the deal — it sounded too good to be true.","나는 그 거래에 의심스러웠어, 너무 좋아 보여서 믿기 어려웠거든."
"Advanced","duplicity","His duplicity was revealed when both stories were compared.","두 이야기를 비교했을 때 그의 이중성이 드러났어."
"Advanced","earnest","She made an earnest effort to learn the new language.","그녀는 새 언어를 배우기 위해 진지한 노력을 기울였어."
"Advanced","ebullient","Her ebullient personality made every gathering lively.","그녀의 넘치는 활기가 모든 모임을 활기차게 만들었어."
"Advanced","eccentric","The eccentric professor wore a different hat to class every day.","그 별난 교수는 매일 다른 모자를 쓰고 수업에 왔어."
"Advanced","eclectic","Her music taste is eclectic — she listens to jazz, K-pop, and classical.","그녀의 음악 취향은 다양해, 재즈, K팝, 클래식을 다 들어."
"Advanced","efficacy","The efficacy of the new vaccine was proven in clinical trials.","새 백신의 효능이 임상 시험에서 증명됐어."
"Advanced","effrontery","He had the effrontery to ask for a refund after using the product for a year.","그는 제품을 1년 사용하고도 환불을 요청하는 뻔뻔함이 있었어."
"Advanced","egregious","That was an egregious error that should never have happened.","그건 절대 있어서는 안 될 심각한 실수였어."
"Advanced","egalitarian","She believes in an egalitarian society where everyone has equal opportunities.","그녀는 모든 사람이 동등한 기회를 가지는 평등주의 사회를 믿어."
"Advanced","elicit","The teacher's question elicited some interesting responses from students.","선생님의 질문이 학생들에게서 흥미로운 반응을 이끌어냈어."
"Advanced","eloquence","Her eloquence in the speech moved the entire audience.","연설에서 그녀의 달변이 청중 전체를 감동시켰어."
"Advanced","elusive","A good work-life balance can feel elusive when you're busy.","바쁠 때는 일과 삶의 균형이 달성하기 어렵게 느껴질 수 있어."
"Advanced","embellish","He tends to embellish his stories to make them more exciting.","그는 이야기를 더 흥미롭게 만들기 위해 과장하는 경향이 있어."
"Advanced","embroil","She did not want to be embroiled in their argument.","그녀는 그들의 언쟁에 휘말리고 싶지 않았어."
"Advanced","eminent","She is an eminent scientist who has won many awards.","그녀는 많은 상을 받은 저명한 과학자야."
"Advanced","empathy","Showing empathy when a friend is sad means a lot to them.","친구가 슬플 때 공감을 보여주는 것은 그들에게 큰 의미가 있어."
"Advanced","empiricism","Science is based on empiricism — ideas must be tested with evidence.","과학은 경험주의에 기반해, 아이디어는 증거로 검증되어야 해."
"Advanced","encroach","The new building encroaches on the neighboring property.","새 건물이 옆집 부지를 침범해."
"Advanced","endemic","Malaria is endemic in some tropical regions.","말라리아는 일부 열대 지역에서 풍토병이야."
"Advanced","endorse","Many celebrities endorse products on social media.","많은 유명인들이 소셜 미디어에서 제품을 홍보해."
"Advanced","engender","Trust is engendered through consistent honest behavior.","신뢰는 일관된 정직한 행동을 통해 생겨나."
"Advanced","enigmatic","She gave an enigmatic smile and walked away.","그녀는 수수께끼 같은 미소를 짓고 걸어갔어."
"Advanced","enmity","The long history of enmity between the two families finally ended.","두 가문 사이의 오랜 적대감이 마침내 끝났어."
"Advanced","entail","Buying a house entails a lot of paperwork.","집을 사는 데는 많은 서류 작업이 수반돼."
"Advanced","ephemeral","Fame can be ephemeral — here today and gone tomorrow.","명성은 덧없을 수 있어, 오늘 여기 있다가 내일 사라지기도 해."
"Advanced","equanimity","She handled the crisis with remarkable equanimity.","그녀는 놀라운 평정심으로 위기를 처리했어."
"Advanced","equitable","We need a more equitable distribution of household chores.","우리는 집안일을 더 공평하게 배분해야 해."
"Advanced","equivocal","His equivocal answer left us unsure of what he really meant.","그의 모호한 대답은 그가 진짜 무엇을 의미하는지 알 수 없게 했어."
"Advanced","eradicate","We need to eradicate bad habits one step at a time.","나쁜 습관들을 한 번에 하나씩 완전히 없애야 해."
"Advanced","erudite","The professor was erudite but explained things in simple terms.","그 교수는 박학다식했지만 쉬운 말로 설명했어."
"Advanced","esoteric","His hobby of collecting ancient coins is quite esoteric.","고대 동전 수집이라는 그의 취미는 꽤 난해해."
"Advanced","esteem","She is held in high esteem by everyone who knows her.","그녀를 아는 모든 사람이 그녀를 높이 존경해."
"Advanced","euphemism","""Passed away"" is a euphemism for ""died"".","""돌아가셨다""는 ""죽었다""의 완곡어법이야."
"Advanced","evoke","That old song evokes memories of my childhood.","그 오래된 노래는 어린 시절의 추억을 불러일으켜."
"Advanced","exacerbate","Staying up late exacerbates the symptoms of a cold.","늦게까지 깨어 있는 것은 감기 증상을 악화시켜."
"Advanced","exasperate","It exasperates me when people ignore the recycling rules.","사람들이 재활용 규칙을 무시할 때 너무 짜증나."
"Advanced","exemplary","Her exemplary behavior set a great example for her younger siblings.","그녀의 모범적인 행동이 동생들에게 훌륭한 본보기가 됐어."
"Advanced","exonerate","New evidence exonerated him and he was released from prison.","새로운 증거가 그의 무죄를 입증해서 그는 감옥에서 석방됐어."
"Advanced","expedite","Please expedite the delivery — we need it by Friday.","배송을 서둘러줘, 금요일까지 필요해."
"Advanced","expunge","He applied to have his old record expunged.","그는 오래된 기록을 삭제해달라고 신청했어."
"Advanced","extol","Everyone extolled her cooking at the dinner party.","저녁 파티에서 모두가 그녀의 요리를 극찬했어."
"Advanced","extraneous","Please remove all extraneous details from your report.","보고서에서 불필요한 세부 사항을 모두 제거해줘."
"Advanced","fabrication","His excuse turned out to be a complete fabrication.","그의 변명은 완전한 꾸며낸 이야기인 것으로 판명됐어."
"Advanced","facetious","He was being facetious — he did not actually mean what he said.","그는 농담하는 거였어, 실제로 자신이 말한 것을 의미하지 않았어."
"Advanced","fallacious","That is a fallacious argument based on false information.","그건 거짓 정보에 기반한 그릇된 논거야."
"Advanced","fallacy","It's a fallacy that you need eight glasses of water a day.","하루에 물 8잔을 마셔야 한다는 건 잘못된 믿음이야."
"Advanced","fastidious","She is fastidious about cleanliness and cleans every day.","그녀는 청결에 까다로워서 매일 청소해."
"Advanced","fatuous","It was a fatuous plan that nobody took seriously.","그건 아무도 진지하게 받아들이지 않은 어리석은 계획이었어."
"Advanced","fervent","She is a fervent supporter of animal rights.","그녀는 동물 권리의 열렬한 지지자야."
"Advanced","fickle","The weather here is so fickle — it was sunny this morning.","여기 날씨는 정말 변덕스러워, 오늘 아침엔 맑았는데."
"Advanced","fidelity","Fidelity in a relationship requires honesty and trust.","관계에서의 성실함은 정직과 신뢰를 필요로 해."
"Advanced","finite","Our time and energy are finite, so we must prioritize wisely.","우리의 시간과 에너지는 유한하기 때문에 현명하게 우선순위를 정해야 해."
"Advanced","flagrant","That was a flagrant violation of the school's rules.","그건 학교 규칙을 노골적으로 위반한 거야."
"Advanced","flawed","The plan was flawed from the beginning and had to be revised.","계획은 처음부터 결함이 있었고 수정되어야 했어."
"Advanced","flippant","His flippant response to a serious question annoyed everyone.","진지한 질문에 대한 그의 경솔한 반응이 모두를 짜증나게 했어."
"Advanced","forbearance","She showed great forbearance by not reacting to the insult.","그녀는 모욕에 반응하지 않음으로써 대단한 인내심을 보여줬어."
"Advanced","foreboding","She had a strange foreboding that something bad was about to happen.","그녀는 무언가 나쁜 일이 일어날 것 같은 이상한 예감이 들었어."
"Advanced","formidable","She was a formidable opponent on the tennis court.","그녀는 테니스 코트에서 강력한 상대였어."
"Advanced","forthright","He is always forthright and tells you exactly what he thinks.","그는 항상 솔직해서 자신이 생각하는 것을 정확하게 말해."
"Advanced","fortitude","She faced the illness with tremendous fortitude.","그녀는 엄청난 용기로 병을 이겨냈어."
"Advanced","fractious","The fractious toddler refused to take a nap.","투정부리는 아이가 낮잠 자기를 거부했어."
"Advanced","frivolous","Stop spending money on frivolous things you don't need.","필요하지도 않은 하찮은 것들에 돈을 쓰는 걸 그만해."
"Advanced","frugal","She is frugal with money and always looks for the best deal.","그녀는 돈을 아껴 쓰고 항상 최고의 거래를 찾아."
"Advanced","furtive","He gave a furtive glance over his shoulder before opening the envelope.","그는 봉투를 열기 전에 어깨 너머로 몰래 흘깃 봤어."
"Advanced","futile","It is futile to argue with someone who refuses to listen.","들으려 하지 않는 사람과 논쟁하는 건 소용없어."
"Advanced","galvanize","The coach's speech galvanized the team before the final game.","코치의 연설이 결승전 전에 팀을 고무시켰어."
"Advanced","garrulous","My garrulous neighbor never stops talking when I meet him.","우리 수다스러운 이웃은 내가 만날 때마다 말을 멈추지 않아."
"Advanced","grandiose","He had grandiose plans but never followed through on any of them.","그는 웅장한 계획을 세웠지만 그 어느 것도 실행하지 않았어."
"Advanced","grandiloquent","His grandiloquent speech was hard to follow because of all the big words.","그의 과장된 연설은 어려운 단어가 너무 많아서 따라가기 힘들었어."
"Advanced","gratuitous","The movie had gratuitous violence that was unnecessary for the story.","그 영화에는 이야기에 불필요한 과도한 폭력이 있었어."
"Advanced","gregarious","She is gregarious and quickly becomes friends with everyone she meets.","그녀는 사교적이어서 만나는 모든 사람과 금방 친해져."
"Advanced","groundbreaking","The smartphone was a groundbreaking invention that changed our daily lives.","스마트폰은 우리의 일상을 바꾼 획기적인 발명품이야."
"Advanced","guileless","Children are often guileless and say exactly what they think.","아이들은 종종 순진해서 자신이 생각하는 것을 그대로 말해."
"Advanced","guile","He used guile to talk his way out of the difficult situation.","그는 교활함을 이용해서 어려운 상황을 빠져나왔어."
"Advanced","hallmark","Attention to detail is the hallmark of a great chef.","세부 사항에 대한 주의가 훌륭한 요리사의 특징이야."
"Advanced","harangue","The manager launched into a harangue about punctuality at the meeting.","관리자는 회의에서 시간 엄수에 대한 장황한 연설을 시작했어."
"Advanced","harbinger","Dark clouds are often a harbinger of rain.","먹구름은 종종 비의 전조야."
"Advanced","harmonize","The two singers harmonized beautifully on the chorus.","두 가수는 코러스에서 아름답게 화음을 맞췄어."
"Advanced","hedonism","Living only for pleasure is a form of hedonism.","오로지 쾌락만을 위해 사는 것은 쾌락주의의 한 형태야."
"Advanced","hegemony","The company gained hegemony over the market by buying all competitors.","그 회사는 모든 경쟁사를 인수해서 시장 패권을 쥐었어."
"Advanced","heresy","Suggesting pineapple on pizza is heresy to some people.","피자에 파인애플을 올리자고 제안하는 건 어떤 사람들에게는 이단이야."
"Advanced","heterogeneous","Our classroom is heterogeneous with students from many different countries.","우리 교실은 여러 나라에서 온 학생들로 이질적이야."
"Advanced","histrionic","She was being histrionic — it wasn't that big of a deal.","그녀는 과장되게 행동하고 있었어, 그렇게 큰 일이 아니었거든."
"Advanced","homogeneous","The neighborhood is homogeneous with mostly elderly residents.","그 동네는 대부분 노인 주민들로 동질적이야."
"Advanced","hubris","His hubris led him to think he could do everything alone.","그의 오만함이 그를 혼자 모든 것을 할 수 있다고 생각하게 했어."
"Advanced","hyperbole","""I've told you a million times"" is a hyperbole — not literally a million.","""백만 번 말했잖아""는 과장법이야, 문자 그대로 백만 번이 아니라."
"Advanced","hypocritical","It is hypocritical to tell others not to be late when you always are.","항상 늦으면서 다른 사람들에게 늦지 말라고 하는 건 위선적이야."
"Advanced","iconoclast","Steve Jobs was an iconoclast who challenged the way people used technology.","스티브 잡스는 사람들이 기술을 사용하는 방식에 도전한 우상 파괴자였어."
"Advanced","ideology","People with different ideologies often have trouble agreeing.","다른 이념을 가진 사람들은 종종 합의하는 데 어려움을 겪어."
"Advanced","idiosyncratic","She has an idiosyncratic way of organizing her desk — only she understands it.","그녀는 특이한 방식으로 책상을 정리해, 자기만 이해할 수 있어."
"Advanced","ignominy","He suffered the ignominy of being caught cheating on the exam.","그는 시험에서 부정행위를 하다 걸리는 수치를 당했어."
"Advanced","immutable","Some values, like honesty, should be immutable.","정직함 같은 일부 가치들은 변하지 않아야 해."
"Advanced","impede","Heavy traffic impedes our commute every morning.","심한 교통 체증이 매일 아침 출퇴근을 방해해."
"Advanced","imperceptible","The change in temperature was imperceptible at first.","온도 변화는 처음에는 감지할 수 없었어."
"Advanced","impetus","The complaint gave him the impetus to finally fix the problem.","그 불만이 그가 마침내 문제를 해결하게 만든 자극이 됐어."
"Advanced","impervious","She seems impervious to criticism and never changes her behavior.","그녀는 비판에 영향을 받지 않는 것 같아서 행동을 절대 바꾸지 않아."
"Advanced","implacable","The referee was implacable and did not reverse his decision.","심판은 완강해서 자신의 결정을 번복하지 않았어."
"Advanced","impudent","The impudent child talked back to every adult in the room.","건방진 아이는 방에 있는 모든 어른에게 말대꾸를 했어."
"Advanced","inadvertent","Her inadvertent comment caused a lot of confusion.","그녀의 부주의한 발언이 많은 혼란을 일으켰어."
"Advanced","inane","The conversation was so inane that I excused myself quickly.","대화가 너무 무의미해서 나는 빨리 자리를 피했어."
"Advanced","incisive","Her incisive feedback helped me improve my writing a lot.","그녀의 예리한 피드백이 내 글쓰기를 많이 향상시키는 데 도움이 됐어."
"Advanced","incorrigible","He is incorrigible — no matter how many times you tell him, he repeats the same mistakes.","그는 구제불능이야, 몇 번을 말해도 같은 실수를 반복해."
"Advanced","indifference","His indifference to others' feelings hurt people around him.","다른 사람들의 감정에 대한 그의 무관심이 주변 사람들을 상처 입혔어."
"Advanced","indignant","She was indignant when she was blamed for something she didn't do.","그녀는 자신이 하지 않은 일로 비난받자 분개했어."
"Advanced","indolence","His indolence made it impossible for him to meet deadlines.","그의 게으름이 그를 마감 기한을 맞추지 못하게 했어."
"Advanced","indolent","He was so indolent that he skipped the gym for the whole month.","그는 너무 게을러서 한 달 내내 헬스장을 빠졌어."
"Advanced","ineptitude","His ineptitude at cooking led to several burned meals.","요리에 대한 그의 무능함이 여러 번의 태운 식사로 이어졌어."
"Advanced","inexorable","The inexorable passage of time makes us all grow older.","시간의 거침없는 흐름이 우리 모두를 나이 들게 해."
"Advanced","infallible","No one is infallible — we all make mistakes sometimes.","아무도 틀리지 않는 건 아니야, 우리는 모두 때때로 실수를 해."
"Advanced","ingenuous","She gave an ingenuous answer that showed she had nothing to hide.","그녀는 숨길 것이 없다는 걸 보여주는 솔직한 답변을 했어."
"Advanced","inertia","I couldn't get started due to inertia — I just stayed on the sofa.","관성 때문에 시작할 수 없었어, 그냥 소파에 있었거든."
"Advanced","inflict","Please don't inflict your bad mood on everyone around you.","나쁜 기분을 주변 모든 사람에게 강요하지 마."
"Advanced","inhibit","Shyness can inhibit people from making new friends.","수줍음이 새로운 친구를 사귀는 것을 방해할 수 있어."
"Advanced","innate","She has an innate talent for music that was obvious from childhood.","그녀는 어린 시절부터 분명했던 음악에 대한 타고난 재능이 있어."
"Advanced","insidious","Stress can be insidious — it builds up slowly without you noticing.","스트레스는 교묘할 수 있어, 알아채지 못한 채 천천히 쌓여가거든."
"Advanced","insolent","The insolent employee refused to follow the manager's instructions.","무례한 직원은 관리자의 지시를 따르기를 거부했어."
"Advanced","instigate","He was always the one to instigate trouble in the group.","그는 항상 그룹 내에서 문제를 일으키는 사람이었어."
"Advanced","insurmountable","No challenge is truly insurmountable if you break it into small steps.","작은 단계로 나누면 어떤 도전도 진정으로 극복 불가능하지 않아."
"Advanced","intangible","Happiness is intangible, but you can clearly feel it.","행복은 무형이지만 분명히 느낄 수 있어."
"Advanced","interdependence","The interdependence of countries means one crisis can affect everyone.","나라들의 상호의존성은 하나의 위기가 모든 나라에 영향을 미칠 수 있다는 뜻이야."
"Advanced","intermittent","There was intermittent rain throughout the afternoon.","오후 내내 간헐적으로 비가 왔어."
"Advanced","intransigent","He was intransigent and refused any form of compromise.","그는 완강해서 어떠한 형태의 타협도 거부했어."
"Advanced","intrepid","The intrepid explorer set off into the jungle alone.","용감한 탐험가는 혼자 정글 속으로 떠났어."
"Advanced","invalidate","One wrong answer can invalidate an otherwise perfect test.","하나의 틀린 답이 그렇지 않으면 완벽한 시험을 무효화할 수 있어."
"Advanced","invoke","She invoked her right to remain silent during questioning.","그녀는 심문 중에 묵비권을 행사했어."
"Advanced","irascible","He is irascible before his morning coffee — don't bother him.","그는 아침 커피 전에 화를 잘 내니까 건드리지 마."
"Advanced","irrefutable","The security footage was irrefutable evidence of what happened.","보안 영상은 무슨 일이 있었는지에 대한 반박 불가능한 증거였어."
"Advanced","itinerant","The itinerant musician played in a different city every week.","그 떠돌이 음악가는 매주 다른 도시에서 연주했어."
"Advanced","jeopardize","Skipping sleep can jeopardize your health in the long run.","수면을 거르는 것은 장기적으로 건강을 위험에 빠뜨릴 수 있어."
"Advanced","juxtapose","The documentary juxtaposed rich and poor neighborhoods to show inequality.","그 다큐멘터리는 불평등을 보여주기 위해 부유한 지역과 가난한 지역을 나란히 보여줬어."
"Advanced","lament","She lamented the fact that summer was already over.","그녀는 여름이 이미 끝났다는 사실을 한탄했어."
"Advanced","latent","The teacher saw latent talent in the shy student and encouraged him.","선생님은 수줍은 학생에게서 잠재적 재능을 보고 그를 격려했어."
"Advanced","lethargic","I always feel lethargic on rainy Monday mornings.","나는 항상 비 오는 월요일 아침에는 무기력함을 느껴."
"Advanced","lucid","Her lucid explanation made a complex topic easy to understand.","그녀의 명료한 설명이 복잡한 주제를 이해하기 쉽게 만들었어."
"Advanced","ludicrous","It was ludicrous to think we could finish the project in one day.","하루 만에 프로젝트를 끝낼 수 있다고 생각한 건 우스운 일이었어."
"Advanced","magnanimous","It was magnanimous of her to forgive him after what he did.","그가 한 일 후에 그를 용서한 것은 그녀의 너그러운 행동이었어."
"Advanced","malevolent","The villain in the movie had a malevolent grin.","영화 속 악당은 악의에 찬 미소를 지었어."
"Advanced","malleable","Young children are malleable and easily shaped by their environment.","어린아이들은 가소성이 있어서 환경에 의해 쉽게 영향을 받아."
"Advanced","meager","The meager salary made it hard for her to pay rent.","빈약한 급여 때문에 그녀는 집세 내기가 어려웠어."
"Advanced","mendacious","The mendacious salesman promised things the product could not deliver.","거짓말하는 세일즈맨은 제품이 제공할 수 없는 것들을 약속했어."
"Advanced","methodical","He is very methodical and always makes a list before starting any task.","그는 매우 체계적이어서 항상 어떤 일이든 시작하기 전에 목록을 만들어."
"Advanced","meticulous","She is meticulous about proofreading and never sends a document with errors.","그녀는 교정에 꼼꼼해서 오류가 있는 문서를 절대 보내지 않아."
"Advanced","militant","The group became militant in their protests against the new policy.","그 단체는 새 정책에 맞서는 시위에서 전투적이 됐어."
"Advanced","mollify","He tried to mollify the angry customer with a free discount.","그는 무료 할인으로 화난 고객을 달래려고 했어."
"Advanced","monotonous","The lecturer's monotonous voice put half the class to sleep.","강사의 단조로운 목소리가 수업의 절반을 잠들게 했어."
"Advanced","multitude","There are a multitude of options when choosing a smartphone.","스마트폰을 선택할 때 수많은 옵션이 있어."
"Advanced","mundane","Even mundane tasks like washing dishes can be meditative.","설거지처럼 평범한 일도 명상적일 수 있어."
"Advanced","negate","Eating well all week and then binge eating negates your efforts.","일주일 내내 잘 먹다가 폭식하면 노력이 무의미해져."
"Advanced","negligence","The accident was caused by negligence — nobody checked the equipment.","사고는 태만으로 인해 발생했어, 아무도 장비를 확인하지 않았거든."
"Advanced","neutralize","Baking soda can neutralize the acid in your stomach.","베이킹소다는 위산을 중화할 수 있어."
"Advanced","nihilism","Nihilism holds that life has no inherent meaning or purpose.","허무주의는 삶에 본질적인 의미나 목적이 없다고 주장해."
"Advanced","nonchalant","She was nonchalant about the presentation, even though it was tomorrow.","그녀는 내일 발표가 있는데도 태연했어."
"Advanced","obfuscate","The politician's long answer seemed to obfuscate rather than clarify.","그 정치인의 긴 답변은 명확하게 하기보다 오히려 모호하게 만드는 것 같았어."
"Advanced","oblique","She made an oblique reference to the problem without stating it clearly.","그녀는 문제를 명확히 말하지 않고 간접적으로 언급했어."
"Advanced","obstinate","He was obstinate and refused to change his mind no matter what.","그는 완고해서 무슨 일이 있어도 마음을 바꾸기를 거부했어."
"Advanced","oppressive","The oppressive heat made it impossible to stay outside for long.","억압적인 더위가 밖에 오래 있는 것을 불가능하게 했어."
"Advanced","orchestrate","She orchestrated the entire surprise party without anyone finding out.","그녀는 아무도 모르게 서프라이즈 파티 전체를 조율했어."
"Advanced","oscillate","The fan oscillates back and forth to cool the whole room.","선풍기는 방 전체를 식히기 위해 앞뒤로 왔다 갔다 해."
"Advanced","ostracize","The new student felt ostracized by the existing group.","신입생은 기존 그룹에서 따돌림을 받는다고 느꼈어."
"Advanced","overt","His overt enthusiasm for the project encouraged everyone.","프로젝트에 대한 그의 공개적인 열정이 모두를 격려했어."
"Advanced","painstaking","She did painstaking research before writing her report.","그녀는 보고서를 쓰기 전에 세심한 조사를 했어."
"Advanced","palliative","A short break is a palliative for stress, not a permanent solution.","짧은 휴식은 스트레스의 일시적인 해소책이지 영구적인 해결책이 아니야."
"Advanced","paradigm","Smartphones caused a paradigm shift in how we communicate.","스마트폰은 우리가 소통하는 방식에 패러다임의 변화를 일으켰어."
"Advanced","paradox","It's a paradox that the more choices we have, the less satisfied we feel.","선택지가 많을수록 덜 만족스럽다는 건 역설이야."
"Advanced","partisan","The debate became too partisan for anyone to find common ground.","토론이 너무 당파적이 되어서 누구도 공통점을 찾기 어려웠어."
"Advanced","pedantic","He was so pedantic about grammar that he corrected everyone's texts.","그는 문법에 너무 현학적이어서 모든 사람의 문자를 고쳤어."
"Advanced","perfidious","His perfidious behavior ended many friendships.","그의 배신적인 행동이 많은 우정을 끝냈어."
"Advanced","perfunctory","He gave a perfunctory apology without really meaning it.","그는 진심 없이 형식적인 사과를 했어."
"Advanced","perpetuate","Sharing false news online perpetuates misinformation.","온라인에서 거짓 뉴스를 공유하는 것은 잘못된 정보를 영속화해."
"Advanced","pervasive","The smell of fresh bread was pervasive throughout the bakery.","신선한 빵 냄새가 빵집 전체에 퍼져 있었어."
"Advanced","pinnacle","Winning the gold medal was the pinnacle of her athletic career.","금메달을 따는 것이 그녀의 운동 경력의 정점이었어."
"Advanced","pivotal","That conversation was pivotal — it changed everything between us.","그 대화가 중추적이었어, 그것이 우리 사이의 모든 것을 바꿨거든."
"Advanced","plethora","There is a plethora of restaurants to choose from in this area.","이 지역에는 선택할 수 있는 수많은 식당이 있어."
"Advanced","polemical","His polemical article sparked a heated debate online.","그의 논쟁적인 기사가 온라인에서 열띤 논쟁을 일으켰어."
"Advanced","polarization","Social media has contributed to the polarization of public opinion.","소셜 미디어가 여론의 양극화에 기여했어."
"Advanced","pragmatic","She took a pragmatic approach and focused on what could actually be done.","그녀는 실용적인 접근법을 취해서 실제로 할 수 있는 것에 집중했어."
"Advanced","precarious","The pile of books on the shelf looked precarious.","선반 위의 책 더미가 불안정해 보였어."
"Advanced","precipitate","Don't precipitate a decision — think it through carefully first.","성급하게 결정하지 마, 먼저 신중하게 생각해봐."
"Advanced","prescient","Her prescient advice about saving money proved right during the crisis.","저축에 대한 그녀의 선견지명 있는 조언이 위기 때 맞다는 것이 증명됐어."
"Advanced","prodigious","Mozart showed prodigious musical talent from a very young age.","모차르트는 아주 어린 나이부터 엄청난 음악적 재능을 보였어."
"Advanced","profligate","His profligate spending habits left him in debt.","그의 낭비적인 소비 습관이 그를 빚더미에 앉혔어."
"Advanced","propagate","False rumors propagate quickly on social media.","거짓 소문은 소셜 미디어에서 빠르게 퍼져."
"Advanced","propensity","He has a propensity to procrastinate when deadlines are far away.","그는 마감이 멀면 미루는 성향이 있어."
"Advanced","provocative","Her provocative question got everyone in the room talking.","그녀의 도발적인 질문이 방에 있는 모든 사람을 이야기하게 만들었어."
"Advanced","prudence","Prudence is especially important when managing your finances.","재정을 관리할 때 신중함이 특히 중요해."
"Advanced","quandary","I'm in a quandary about whether to take the new job offer.","새 직장 제안을 받아들일지 말지 딜레마에 빠져 있어."
"Advanced","querulous","She became querulous after waiting over an hour.","그녀는 한 시간 넘게 기다린 후 불평을 늘어놓기 시작했어."
"Advanced","rebuke","The coach rebuked the player for arguing with the referee.","코치는 심판과 논쟁한 선수를 꾸짖었어."
"Advanced","reciprocal","A good friendship is reciprocal — both sides give and take equally.","좋은 우정은 상호적이야, 양측이 동등하게 주고받거든."
"Advanced","reckless","Reckless driving causes many accidents every year.","무모한 운전이 매년 많은 사고를 일으켜."
"Advanced","rectify","Please rectify the error in the invoice before sending it out.","청구서를 보내기 전에 오류를 바로잡아줘."
"Advanced","redress","She sought redress after being treated unfairly at work.","그녀는 직장에서 부당한 대우를 받은 후 시정을 요구했어."
"Advanced","refute","He easily refuted the rumor with simple facts.","그는 간단한 사실로 소문을 쉽게 반박했어."
"Advanced","reinstate","The gym reinstated the old opening hours after member complaints.","헬스장은 회원들의 불만 후에 예전 영업 시간을 복원했어."
"Advanced","relinquish","She had to relinquish her phone during the exam.","그녀는 시험 중에 휴대폰을 내줘야 했어."
"Advanced","remunerate","Volunteers are not remunerated but find the work rewarding.","자원봉사자들은 보수를 받지 않지만 그 일이 보람 있다고 느껴."
"Advanced","repercussion","Staying out too late has repercussions the next morning.","너무 늦게까지 밖에 있으면 다음 날 아침에 그 여파가 와."
"Advanced","repudiate","She repudiated the false rumors about her by posting the truth online.","그녀는 진실을 온라인에 게시함으로써 자신에 대한 거짓 소문을 부인했어."
"Advanced","resilience","Children show amazing resilience after difficult experiences.","아이들은 어려운 경험 후에 놀라운 회복력을 보여줘."
"Advanced","revoke","His driver's license was revoked after the accident.","그의 운전면허가 사고 후에 취소됐어."
"Advanced","rhetoric","His speech was full of rhetoric but lacked real solutions.","그의 연설은 수사학으로 가득했지만 실제 해결책이 부족했어."
"Advanced","rigidity","The rigidity of the schedule left no room for breaks.","일정의 경직성이 휴식할 여유를 두지 않았어."
"Advanced","rife","The office was rife with gossip after the announcement.","발표 이후 사무실은 소문으로 가득했어."
"Advanced","salient","The most salient point in his speech was the call for unity.","그의 연설에서 가장 두드러진 포인트는 단결 호소였어."
"Advanced","sanctimonious","He became sanctimonious after quitting junk food and lectured everyone else.","그는 정크푸드를 끊은 후 위선적으로 거룩한 체하며 다른 모든 사람을 훈계했어."
"Advanced","sanction","The school sanctioned the student for repeated rule violations.","학교는 반복적인 규칙 위반으로 학생을 제재했어."
"Advanced","sardonic","His sardonic humor was not appreciated by everyone in the room.","그의 냉소적인 유머가 방 안의 모든 사람에게 환영받지는 않았어."
"Advanced","scrutinize","Always scrutinize the fine print before signing a contract.","계약서에 서명하기 전에 항상 작은 글씨를 꼼꼼히 살펴봐."
"Advanced","sentient","We should treat all sentient beings with kindness.","우리는 모든 의식 있는 존재를 친절하게 대해야 해."
"Advanced","serendipity","Finding the perfect apartment by accident was pure serendipity.","우연히 완벽한 아파트를 찾은 건 순수한 행운이었어."
"Advanced","shrewd","She was shrewd enough to know it was a bad deal.","그녀는 그것이 나쁜 거래라는 것을 알 만큼 영리했어."
"Advanced","skepticism","Healthy skepticism is a good quality when reading news online.","건전한 회의주의는 온라인 뉴스를 읽을 때 좋은 자질이야."
"Advanced","solidarity","The community showed solidarity by donating food to flood victims.","지역 사회는 홍수 피해자들에게 음식을 기부함으로써 연대를 보여줬어."
"Advanced","sovereignty","Every country has the right to protect its own sovereignty.","모든 나라는 자국의 주권을 보호할 권리가 있어."
"Advanced","stagnant","The pond was stagnant and filled with algae.","연못은 고여 있고 조류로 가득했어."
"Advanced","stagnation","Economic stagnation means prices stay high but salaries don't grow.","경기 침체는 물가는 높은데 임금이 오르지 않는 걸 의미해."
"Advanced","steadfast","She remained steadfast in her decision despite the pressure.","그녀는 압박에도 불구하고 자신의 결정에 확고하게 유지했어."
"Advanced","stipulate","The lease stipulates that no pets are allowed.","임대 계약은 반려동물을 허용하지 않는다고 규정해."
"Advanced","stoic","He remained stoic throughout the difficult interview.","그는 어려운 인터뷰 내내 의연하게 유지했어."
"Advanced","subvert","He tried to subvert the rules by finding loopholes.","그는 허점을 찾아 규칙을 무력화하려 했어."
"Advanced","succinct","Her succinct reply got straight to the point in just two sentences.","그녀의 간결한 답변은 단 두 문장으로 핵심에 바로 도달했어."
"Advanced","supple","Regular stretching keeps your muscles supple and flexible.","규칙적인 스트레칭이 근육을 유연하고 탄력 있게 유지해줘."
"Advanced","surpass","She worked hard to surpass her own previous record.","그녀는 자신의 이전 기록을 뛰어넘기 위해 열심히 노력했어."
"Advanced","sycophant","The boss was surrounded by sycophants who agreed with everything he said.","사장은 그가 말하는 모든 것에 동의하는 아첨꾼들에게 둘러싸여 있었어."
"Advanced","taciturn","He is naturally taciturn and prefers listening to talking.","그는 원래 말수가 적어서 말하는 것보다 듣는 걸 좋아해."
"Advanced","tangential","His comment was tangential and had little to do with the main topic.","그의 발언은 지엽적이어서 주요 주제와 별로 관계가 없었어."
"Advanced","tenacious","She was tenacious and never gave up on her dream.","그녀는 끈질겨서 자신의 꿈을 절대 포기하지 않았어."
"Advanced","tepid","The audience gave a tepid response to the performance.","관객은 공연에 미지근한 반응을 보였어."
"Advanced","timorous","She was too timorous to raise her hand in class.","그녀는 너무 소심해서 수업에서 손을 들지 못했어."
"Advanced","tirade","He went on a tirade about the price of coffee lasting ten minutes.","그는 커피 가격에 대해 10분간 장황한 비난을 늘어놓았어."
"Advanced","transcend","Great music can transcend language and cultural barriers.","훌륭한 음악은 언어와 문화적 장벽을 초월할 수 있어."
"Advanced","trepidation","She opened the exam results with trepidation.","그녀는 두려움을 안고 시험 결과를 열었어."
"Advanced","trivial","Don't stress over trivial things that won't matter next week.","다음 주에는 아무 의미 없을 사소한 것들에 스트레스받지 마."
"Advanced","turbulent","It was a turbulent flight with lots of bumps.","많은 흔들림이 있는 불안한 비행이었어."
"Advanced","ubiquitous","Smartphones have become ubiquitous in modern life.","스마트폰은 현대 생활에서 어디에나 있게 됐어."
"Advanced","undermine","Constant self-doubt can undermine your confidence over time.","지속적인 자기 의심이 시간이 지남에 따라 자신감을 약화시킬 수 있어."
"Advanced","unequivocal","Her answer was unequivocal — she clearly said no.","그녀의 대답은 명확했어, 분명히 싫다고 했거든."
"Advanced","unprecedented","The pandemic caused unprecedented disruption to daily life.","팬데믹은 일상에 전례 없는 혼란을 가져왔어."
"Advanced","upheaval","Moving to a new country causes a lot of upheaval in your life.","새 나라로 이사하는 것은 생활에 많은 격변을 일으켜."
"Advanced","usurp","He tried to usurp control of the project without asking.","그는 묻지도 않고 프로젝트의 주도권을 빼앗으려 했어."
"Advanced","vacuous","The interview was vacuous — the celebrity gave no meaningful answers.","인터뷰는 공허했어, 그 유명인이 아무런 의미 있는 답변을 하지 않았거든."
"Advanced","venerate","Many cultures venerate their ancestors and honor their memory.","많은 문화권이 조상을 숭배하고 그들의 기억을 기려."
"Advanced","verbose","His verbose email could have been a simple one-liner.","그의 장황한 이메일은 간단한 한 줄짜리가 될 수 있었어."
"Advanced","vindicate","The new evidence completely vindicated her — she was innocent.","새로운 증거가 그녀의 무죄를 완전히 입증했어, 그녀는 결백했어."
"Advanced","visceral","The horror movie produced a visceral reaction — I couldn't sleep.","그 공포 영화는 본능적인 반응을 일으켰어, 잠을 잘 수가 없었거든."
"Advanced","volatile","Cryptocurrency prices are very volatile and can change in seconds.","암호화폐 가격은 매우 변동성이 크고 몇 초 만에 변할 수 있어."
"Advanced","wary","Be wary of deals that seem too good to be true.","너무 좋아 보이는 거래는 조심해."
"Advanced","whimsical","She decorated her room in a whimsical style with fairy lights and plants.","그녀는 요정 조명과 식물로 방을 기발한 스타일로 꾸몄어."
"Advanced","withstand","This umbrella can withstand strong winds.","이 우산은 강한 바람을 견딜 수 있어."
"Advanced","zealous","She is zealous about recycling and never throws away anything recyclable.","그녀는 재활용에 열성적이어서 재활용 가능한 것은 절대 버리지 않아."
"Advanced","zenith","She reached the zenith of her career when she became CEO.","그녀는 CEO가 됐을 때 경력의 정점에 이르렀어."
"Advanced","jocular","His jocular manner made the meeting much more enjoyable.","그의 유쾌한 태도가 회의를 훨씬 더 즐겁게 만들었어."
"Advanced","judicious","Make judicious use of your time — focus on what matters most.","시간을 현명하게 활용해, 가장 중요한 것에 집중해."
"Advanced","laconic","His laconic reply — just ""fine"" — told me nothing about how he really felt.","그의 간결한 대답인 ""괜찮아""는 그가 실제로 어떻게 느끼는지 아무것도 알려주지 않았어."
"Advanced","languid","She spent a languid afternoon reading on the porch.","그녀는 현관에서 책을 읽으며 느긋한 오후를 보냈어."
"Advanced","laud","Critics lauded the film as the best of the year.","비평가들은 그 영화를 올해 최고라고 극찬했어."
"Advanced","lax","Security at the event was lax — no one checked our bags.","행사의 보안이 허술했어, 아무도 우리 가방을 확인하지 않았거든."
"Advanced","lofty","She had lofty ambitions and wanted to change the world.","그녀는 세상을 바꾸고 싶은 높은 포부를 가지고 있었어."
"Advanced","lugubrious","The rainy day gave everything a lugubrious atmosphere.","비 오는 날은 모든 것에 우울한 분위기를 만들었어."
"Advanced","magnify","Stress can magnify small problems and make them feel huge.","스트레스는 작은 문제들을 확대해서 크게 느끼게 할 수 있어."
"Advanced","malign","It's unfair to malign someone based on rumors alone.","소문만으로 누군가를 중상모략하는 건 불공정해."
"Advanced","mercurial","His mercurial moods made it hard to know how he would react.","그의 변덕스러운 기분은 그가 어떻게 반응할지 알기 어렵게 했어."
"Advanced","meritocracy","In a true meritocracy, the best person for the job gets hired.","진정한 능력주의에서는 그 일에 가장 적합한 사람이 채용돼."
"Advanced","misanthrope","He became a misanthrope after too many disappointments with people.","그는 사람들에게 너무 많은 실망을 한 후 인간을 혐오하게 됐어."
"Advanced","mitigate","Wearing sunscreen helps mitigate the risk of skin damage.","선크림을 바르면 피부 손상의 위험을 줄이는 데 도움이 돼."
"Advanced","modicum","A modicum of patience goes a long way in any relationship.","약간의 인내심이 어떤 관계에서도 큰 도움이 돼."
"Advanced","morose","He sat morose and silent in the corner after losing the game.","그는 경기에서 진 후 구석에서 우울하고 조용히 앉아 있었어."
"Advanced","mutable","Plans are mutable — don't be afraid to change them when needed.","계획은 변할 수 있어, 필요할 때 바꾸는 것을 두려워하지 마."
"Advanced","myopic","A myopic focus on short-term gains often leads to long-term problems.","단기 이익에만 집중하는 근시안적인 시각은 종종 장기적인 문제로 이어져."
"Advanced","nascent","The nascent technology showed great promise but needed more development.","그 신생 기술은 큰 가능성을 보였지만 더 많은 개발이 필요했어."
"Advanced","nefarious","The villain had nefarious plans to take over the city.","악당은 도시를 장악하려는 사악한 계획을 가지고 있었어."
"Advanced","neologism","""Selfie"" is a neologism that didn't exist 20 years ago.","""셀카""는 20년 전에는 존재하지 않았던 신조어야."
"Advanced","noncompliance","Noncompliance with the dress code resulted in being sent home.","복장 규정을 따르지 않아서 집으로 돌아가야 했어."
"Advanced","nostalgia","Old songs often fill me with nostalgia for my school days.","옛 노래들은 종종 학창 시절에 대한 향수로 나를 가득 채워."
"Advanced","nuance","Learning a language means understanding its many nuances.","언어를 배운다는 것은 그 언어의 많은 미묘한 차이를 이해하는 것을 의미해."
"Advanced","oblivious","He was completely oblivious to the fact that everyone was staring at him.","그는 모든 사람이 자신을 쳐다보고 있다는 사실을 전혀 인식하지 못했어."
"Advanced","obsequious","The obsequious waiter agreed with everything the customer said.","아첨하는 웨이터는 고객이 말하는 모든 것에 동의했어."
"Advanced","obsolete","Fax machines have become largely obsolete in most offices.","팩스 기계는 대부분의 사무실에서 거의 쓸모없어졌어."
"Advanced","ominous","The ominous silence before the storm made everyone nervous.","폭풍 전의 불길한 침묵이 모두를 불안하게 했어."
"Advanced","omniscient","Parents sometimes act omniscient, but they don't know everything either.","부모들은 때때로 전지전능한 것처럼 행동하지만 그들도 모든 걸 다 알지는 못해."
"Advanced","opulent","The opulent hotel room had a marble bath and silk sheets.","그 호화로운 호텔 방에는 대리석 욕조와 실크 시트가 있었어."
"Advanced","ostentatious","His ostentatious sports car drew attention everywhere he went.","그의 과시적인 스포츠카는 그가 가는 곳마다 주목을 끌었어."
"Advanced","overwrought","She was overwrought after the stressful week and needed rest.","그녀는 스트레스받은 한 주 후에 몹시 지쳐서 휴식이 필요했어."
"Advanced","panacea","Exercise is often seen as a panacea for both physical and mental health.","운동은 종종 신체적, 정신적 건강 모두에 대한 만병통치약으로 여겨져."
"Advanced","patronize","I don't like it when people patronize me as if I don't understand.","내가 이해 못 하는 것처럼 사람들이 나를 얕잡아볼 때 싫어."
"Advanced","paucity","There is a paucity of affordable housing in many big cities.","많은 대도시에서 저렴한 주택이 부족해."
"Advanced","pensive","She stared out the window in a pensive mood after the call.","그녀는 전화 후에 생각에 잠긴 기분으로 창밖을 바라봤어."
"Advanced","perspicacious","She was perspicacious enough to notice something was wrong before anyone else.","그녀는 다른 누구보다 먼저 뭔가 잘못됐다는 걸 알아챌 만큼 예리했어."
"Advanced","pertinacious","He was pertinacious in asking for a refund until they finally agreed.","그는 끈질기게 환불을 요청해서 결국 그들이 동의했어."
"Advanced","phlegmatic","He had a phlegmatic personality and rarely showed emotion.","그는 침착한 성격이어서 좀처럼 감정을 드러내지 않았어."
"Advanced","placate","She placated the crying baby with a lullaby.","그녀는 자장가로 우는 아기를 달랬어."
"Advanced","platitude","""Everything happens for a reason"" is a common platitude.","""모든 일에는 이유가 있어""는 흔한 진부한 말이야."
"Advanced","plausible","His excuse sounded plausible but I wasn't completely convinced.","그의 변명은 그럴듯하게 들렸지만 나는 완전히 납득하지 못했어."
"Advanced","polemic","His book is a polemic against the current education system.","그의 책은 현재 교육 시스템에 대한 논쟁적인 비판이야."
"Advanced","ponderous","The ponderous report was 200 pages long and hard to get through.","그 무거운 보고서는 200페이지나 됐고 읽기 힘들었어."
"Advanced","pontificate","He loves to pontificate about politics even when no one asks.","그는 아무도 묻지 않아도 정치에 대해 독단적으로 떠들기를 좋아해."
"Advanced","posterity","She kept a diary so that posterity could know what daily life was like.","그녀는 후손들이 일상이 어땠는지 알 수 있도록 일기를 썼어."
"Advanced","postulate","Scientists postulate that there may be life on other planets.","과학자들은 다른 행성에 생명체가 있을 수 있다고 가정해."
"Advanced","preclude","A busy schedule precludes me from joining the evening class.","바쁜 일정이 저녁 수업에 참여하는 것을 불가능하게 해."
"Advanced","presumptuous","It was presumptuous of him to invite himself to the party.","그가 파티에 스스로 초대한 건 주제넘은 행동이었어."
"Advanced","prevaricate","Stop prevaricating and just tell me the truth.","얼버무리지 말고 그냥 진실을 말해줘."
"Advanced","procrastinate","I procrastinate by browsing social media instead of studying.","나는 공부하는 대신 소셜 미디어를 보면서 미루는 버릇이 있어."
"Advanced","profuse","He offered profuse apologies for arriving late to the meeting.","그는 회의에 늦게 도착한 것에 대해 넘치는 사과를 했어."
"Advanced","promulgate","The government promulgated new guidelines on food safety.","정부는 식품 안전에 관한 새로운 지침을 공표했어."
"Advanced","propitious","Clear skies and calm winds made it a propitious day for sailing.","맑은 하늘과 잔잔한 바람이 항해하기에 좋은 날을 만들었어."
"Advanced","provincial","His provincial outlook made it hard for him to understand global issues.","그의 좁은 시야가 그를 세계적인 문제를 이해하기 어렵게 했어."
"Advanced","prudish","She was too prudish to laugh at the harmless joke.","그녀는 너무 고지식해서 무해한 농담에도 웃지 못했어."
"Advanced","pugnacious","The pugnacious toddler picked fights with every child at the playground.","싸움을 좋아하는 유아가 놀이터의 모든 아이와 싸움을 걸었어."
"Advanced","quixotic","His quixotic dream of building a rocket in his backyard charmed everyone.","뒷마당에서 로켓을 만들겠다는 그의 비현실적인 꿈이 모두를 매혹시켰어."
"Advanced","recalcitrant","The recalcitrant student refused to sit down even after repeated requests.","반항적인 학생은 여러 번 요청에도 자리에 앉기를 거부했어."
"Advanced","reclusive","The reclusive author rarely gave interviews or appeared in public.","은둔하는 작가는 인터뷰를 거의 하지 않고 공개 석상에도 거의 나타나지 않았어."
"Advanced","reticent","She was reticent about sharing her personal life at work.","그녀는 직장에서 개인 생활을 공유하는 데 말이 없었어."